"name","code","total_units","pct_occupied","latitude","longitude","state","pha_total_units","ha_size","ha_size_category"
"Alaska Housing Finance Corporation","AK901",4915,92,61.18208,-149.77879,"AK",4985,6,"3,000-4,999 units"
"Housing Authority of the Birmingham District","AL001",6258,89,33.508954,-86.805206,"AL",10946,8,"10,000-29,999 units"
"MOBILE HOUSING AUTHORITY","AL002",4647,77,30.687968,-88.044128,"AL",7300,7,"5,000-9,999 units"
"ANNISTON HA","AL004",528,71,33.6652,-85.8133,"AL",1109,5,"1,000-2,999 units"
"PHENIX CITY HOUSING AUTHORITY","AL005",966,70,32.474943,-84.997268,"AL",1711,5,"1,000-2,999 units"
"Housing Authority of the City of Montgomery","AL006",3092,99,32.371166,-86.30574,"AL",4413,6,"3,000-4,999 units"
"Housing Authority of the City of Dothan","AL007",1306,94,31.217425,-85.396166,"AL",1423,5,"1,000-2,999 units"
"Selma Housing Authority","AL008",1097,63,32.412199,-87.020965,"AL",1678,5,"1,000-2,999 units"
"Housing Authority of the City of Fort Payne","AL011",115,93,34.453837,-85.713343,"AL",398,3,"300-499 units"
"Housing Authority of the City of Jasper","AL012",297,62,33.828947,-87.286025,"AL",619,4,"500-999 units"
"The Guntersville Housing Authority","AL014",174,94,34.345579,-86.283468,"AL",522,4,"500-999 units"
"The Housing Authority of the City of Huntsville","AL047",2047,80,34.732726,-86.586033,"AL",3679,6,"3,000-4,999 units"
"Housing Authority of the City of Decatur","AL048",1059,61,34.613354,-86.981707,"AL",1661,5,"1,000-2,999 units"
"Greater Gadsden","AL049",194,56,34.012059,-86.004098,"AL",1164,5,"1,000-2,999 units"
"HA AUBURN","AL050",737,81,32.621798,-85.493904,"AL",737,4,"500-999 units"
"HA CULLMAN","AL052",187,77,34.17113,-86.852291,"AL",513,4,"500-999 units"
"Housing Authority of Hamilton, Alabama","AL053",76,97,34.142045,-87.978549,"AL",553,4,"500-999 units"
"FLORENCE H/A","AL054",691,81,34.797631,-87.678928,"AL",691,4,"500-999 units"
"HA RUSSELLVILLE","AL060",93,95,34.496545,-87.727863,"AL",302,3,"300-499 units"
"HA OPELIKA","AL061",531,70,32.633479,-85.378224,"AL",531,4,"500-999 units"
"H A ONEONTA","AL063",54,94,33.944894,-86.466976,"AL",220,2,"100-299 units"
"Sheffield Housing Authority","AL068",421,66,34.763241,-87.696543,"AL",824,4,"500-999 units"
"HA LEEDS","AL069",344,84,33.55224,-86.549779,"AL",344,3,"300-499 units"
"HA COLUMBIANA","AL072",247,86,33.17518,-86.605864,"AL",247,2,"100-299 units"
"HOUSING AUTHORITY OF THE CITY OF OZARK","AL073",438,67,31.456891,-85.645637,"AL",827,4,"500-999 units"
"BOAZ HOUSING AUTHORITY","AL075",373,85,34.20583,-86.170782,"AL",824,4,"500-999 units"
"HA TUSCALOOSA","AL077",1982,66,33.213424,-87.566163,"AL",2916,5,"1,000-2,999 units"
"Jefferson County Housing Authority","AL086",2303,90,33.612065,-86.753427,"AL",2863,5,"1,000-2,999 units"
"PHIL CAMPBELL HOUSING AUTHORITY","AL090",56,100,34.3705,-87.7057,"AL",118,2,"100-299 units"
"HA ARAB","AL091",72,93,34.314457,-86.506195,"AL",177,2,"100-299 units"
"HA SCOTTSBORO","AL099",179,99,34.662726,-86.045556,"AL",179,2,"100-299 units"
"Housing Authority of the City of Columbia","AL100",0,-4,31.296188,-85.10602,"AL",17,1,"1-99 units"
"Housing Authority of the City of Talladega, AL","AL105",534,96,33.452255,-86.098368,"AL",534,4,"500-999 units"
"HA ELBA","AL107",119,76,31.434456,-86.077557,"AL",244,2,"100-299 units"
"HA OPP","AL112",104,96,31.272255,-86.257562,"AL",274,2,"100-299 units"
"LINEVILLE HOUSING AUTHORITY","AL114",59,76,33.304526,-85.750005,"AL",250,2,"100-299 units"
"ENTERPRISE HOUSING AUTHORITY","AL115",195,75,31.306378,-85.847351,"AL",344,3,"300-499 units"
"YORK HOUSING AUTHORITY","AL116",104,64,32.490138,-88.303495,"AL",194,2,"100-299 units"
"EUFAULA HOUSING AUTHORITY","AL118",436,72,31.881747,-85.144377,"AL",813,4,"500-999 units"
"Albertville Housing Authority","AL121",401,92,34.259936,-86.211909,"AL",565,4,"500-999 units"
"HA MIDLAND CITY","AL124",96,68,31.31957,-85.488255,"AL",96,1,"1-99 units"
"HA BESSEMER","AL125",565,94,33.393023,-86.945544,"AL",1265,5,"1,000-2,999 units"
"WALKER COUNTY HOUSING AUTHORITY","AL129",405,-5,33.741443,-87.092694,"AL",405,3,"300-499 units"
"Housing Authority of the City of Prattville, AL","AL131",40,100,32.455009,-86.466165,"AL",146,2,"100-299 units"
"GORDO HOUSING AUTHORITY","AL138",150,99,33.320446,-87.90187,"AL",230,2,"100-299 units"
"HA JACKSONVILLE","AL139",219,79,33.806137,-85.754374,"AL",394,3,"300-499 units"
"HA NORTHPORT","AL152",424,95,33.220589,-87.588548,"AL",799,4,"500-999 units"
"HA ATMORE","AL154",100,78,31.028335,-87.478481,"AL",168,2,"100-299 units"
"Housing Authority of the City of GREENVILLE","AL155",181,74,31.832971,-86.613114,"AL",181,2,"100-299 units"
"TUSKEGEE HOUSING AUTHORITY","AL160",179,66,32.399049,-85.71991,"AL",186,2,"100-299 units"
"HA FOLEY","AL165",374,63,30.389608,-87.688123,"AL",374,3,"300-499 units"
"The Housing Authority of the City of Prichard","AL169",2609,95,30.73033,-88.083667,"AL",2753,5,"1,000-2,999 units"
"UNIONTOWN HOUSING AUTHORITY","AL171",53,75,32.447366,-87.506999,"AL",152,2,"100-299 units"
"HA TALLASSEE","AL172",72,-5,32.52527,-85.896979,"AL",170,2,"100-299 units"
"Housing Authority of the City of Alexander City","AL174",269,96,32.930786,-86.01673,"AL",746,4,"500-999 units"
"HA TROY","AL177",289,72,31.801865,-85.977625,"AL",289,2,"100-299 units"
"EVERGREEN HOUSING AUTHORITY","AL181",206,95,31.425734,-86.945851,"AL",296,2,"100-299 units"
"South Central Alabama Regional HA","AL192",1380,85,31.681163,-85.958379,"AL",1380,5,"1,000-2,999 units"
"MOBILE COUNTY HOUSING AUTHORITY","AL202",98,86,31.036043,-88.231943,"AL",148,2,"100-299 units"
"North Little Rock Housing Authority","AR002",2205,86,34.799406,-92.232516,"AR",2315,5,"1,000-2,999 units"
"The Housing Authority of the City of Fort Smi","AR003",1772,83,35.3987,-94.397012,"AR",1835,5,"1,000-2,999 units"
"Housing Authority of the City of Little Rock","AR004",3095,77,34.748915,-92.276521,"AR",3343,6,"3,000-4,999 units"
"Housing Authority of the City of Conway","AR006",372,91,35.074696,-92.450617,"AR",526,4,"500-999 units"
"NW Regional Housing Authority","AR010",712,82,36.2537,-93.0861,"AR",770,4,"500-999 units"
"Arkadelphia Housing Authority","AR012",198,60,34.11502,-93.05348,"AR",298,2,"100-299 units"
"Housing Authority of the City of Texarkana","AR015",1053,83,33.412588,-94.026113,"AR",1054,5,"1,000-2,999 units"
"Camden Housing Authority","AR016",531,67,33.59745,-92.832763,"AR",1050,5,"1,000-2,999 units"
"Housing Authority of the City of Pine Bluff","AR017",1091,85,34.211056,-91.977832,"AR",1091,5,"1,000-2,999 units"
"Little River County Housing Authority","AR020",53,77,33.72186,-94.392289,"AR",201,2,"100-299 units"
"West Memphis Housing Authority","AR024",528,82,35.142087,-90.149292,"AR",876,4,"500-999 units"
"Hot Springs Housing Authority","AR031",1044,84,34.508422,-93.035144,"AR",1044,5,"1,000-2,999 units"
"Logan County Housing Authority","AR033",167,77,35.135803,-93.921221,"AR",167,2,"100-299 units"
"Trumann Housing Authority","AR034",147,101,35.664793,-90.507826,"AR",508,4,"500-999 units"
"Searcy Housing Authority","AR035",170,79,35.244313,-91.743187,"AR",290,2,"100-299 units"
"Housing Authority of the City of Prescott","AR037",78,71,33.810981,-93.379847,"AR",181,2,"100-299 units"
"Wynne Housing Authority","AR039",236,60,35.222941,-90.799915,"AR",306,3,"300-499 units"
"Lonoke County Housing Authority","AR041",756,69,34.778049,-91.74939,"AR",877,4,"500-999 units"
"Star City Housing Authority","AR042",58,-5,33.944094,-91.840262,"AR",114,2,"100-299 units"
"Pike County Housing Authority","AR045",141,100,34.056076,-93.691443,"AR",141,2,"100-299 units"
"Clarendon Housing Authority","AR052",28,68,34.6798,-91.3274,"AR",116,2,"100-299 units"
"Russellville Housing Authority","AR066",179,66,35.278427,-93.1362,"AR",361,3,"300-499 units"
"Hope Housing Authority","AR068",183,50,33.661121,-93.598293,"AR",381,3,"300-499 units"
"Warren Housing Authority","AR082",70,60,33.609719,-92.076678,"AR",241,2,"100-299 units"
"Springdale Housing Authority","AR104",159,87,36.177305,-94.125231,"AR",356,3,"300-499 units"
"Polk County Housing Authority","AR117",129,-5,34.582518,-94.222761,"AR",309,3,"300-499 units"
"Paragould Housing Authority","AR121",720,72,36.070814,-90.477355,"AR",720,4,"500-999 units"
"Jonesboro Urban Renewal HA","AR131",1342,94,35.839846,-90.705549,"AR",1533,5,"1,000-2,999 units"
"Lake Village Housing Authority","AR152",233,-5,33.325902,-91.289056,"AR",233,2,"100-299 units"
"CONWAY COUNTY HOUSING AUTHORITY","AR161",236,94,35.2132,-92.8036,"AR",236,2,"100-299 units"
"Siloam Springs Housing Authority","AR163",503,63,36.178254,-94.553152,"AR",503,4,"500-999 units"
"Stuttgart Housing Authority","AR166",456,-5,34.509744,-91.54723,"AR",572,4,"500-999 units"
"Jacksonville Housing Authority","AR170",367,92,34.897173,-92.098736,"AR",467,3,"300-499 units"
"Housing Authority of the City of Benton, AR","AR175",807,63,34.559673,-92.60271,"AR",909,4,"500-999 units"
"Clay County Public Housing Agency","AR176",173,60,36.382149,-90.189111,"AR",173,2,"100-299 units"
"Lawrence County Public Housing Agency","AR177",379,83,36.067645,-90.955507,"AR",379,3,"300-499 units"
"Fayetteville Housing Authority","AR181",695,82,36.062763,-94.164527,"AR",695,4,"500-999 units"
"Crawford Co. Public Facilties Board","AR194",432,71,35.458838,-94.357509,"AR",432,3,"300-499 units"
"White River Regional Housing Authority","AR197",1815,96,36.078977,-91.914254,"AR",1815,5,"1,000-2,999 units"
"Harrison Housing Authority","AR200",551,77,36.241246,-93.114531,"AR",551,4,"500-999 units"
"Drew County Public Facilities Board","AR210",267,96,33.637407,-91.801275,"AR",267,2,"100-299 units"
"Pope County Public Facilities Board","AR211",211,64,35.276118,-93.13077,"AR",211,2,"100-299 units"
"Mississippi County Public Facilities Board","AR213",653,59,35.698501,-90.061107,"AR",653,4,"500-999 units"
"Ashley County Housing Authority","AR214",224,85,33.225145,-91.79693,"AR",224,2,"100-299 units"
"Johnson County Public Housing Agency","AR215",194,75,35.471025,-93.463364,"AR",194,2,"100-299 units"
"Phillips County Public Housing Agency","AR223",407,75,34.535033,-90.58419,"AR",407,3,"300-499 units"
"St. Francis County Housing Authority","AR224",592,84,35.008996,-90.784149,"AR",592,4,"500-999 units"
"Lee County Housing Authority","AR225",294,78,34.643788,-90.91966,"AR",294,2,"100-299 units"
"Poinsett County Housing Agency","AR232",114,94,35.664793,-90.507826,"AR",114,2,"100-299 units"
"Scott County Public Housing Agency","AR240",110,73,34.900593,-94.093033,"AR",110,2,"100-299 units"
"Franklin County Public Housing Agency","AR241",109,80,35.488521,-93.825685,"AR",109,2,"100-299 units"
"Pocahontas Public Housing Agency (BRAD)","AR247",124,76,36.253807,-90.978605,"AR",124,2,"100-299 units"
"Pulaski County Housing Agency","AR252",339,87,34.74774,-92.275098,"AR",339,3,"300-499 units"
"McGehee Public Facilities Board","AR257",196,93,33.613721,-91.392634,"AR",196,2,"100-299 units"
"Earle Housing Authority","AR264",60,82,35.142087,-90.149292,"AR",60,1,"1-99 units"
"Yell County Public Facilities Board","AR265",95,63,35.222353,-93.159749,"AR",95,1,"1-99 units"
"Desha Co. Residential Housing Fac Board","AR266",151,93,33.613721,-91.392634,"AR",151,2,"100-299 units"
"City of Phoenix Housing Department","AZ001",7420,81,33.448107,-112.076558,"AZ",8652,7,"5,000-9,999 units"
"City of Glendale Housing Authority","AZ003",1088,85,33.53742,-112.190791,"AZ",1243,5,"1,000-2,999 units"
"Housing and Community Development Tucson","AZ004",4843,87,32.224994,-110.983035,"AZ",6362,7,"5,000-9,999 units"
"City of Mesa Housing Authority","AZ005",1805,83,33.410041,-111.83167,"AZ",1805,5,"1,000-2,999 units"
"Flagstaff Housing Authority","AZ006",495,85,35.212934,-111.595836,"AZ",766,4,"500-999 units"
"Winslow Public Housing Authority","AZ008",135,71,35.035553,-110.703707,"AZ",190,2,"100-299 units"
"Housing Authority of Maricopa County","AZ009",1761,84,33.565613,-112.22727,"AZ",1761,5,"1,000-2,999 units"
"Pinal County Housing Authority","AZ010",612,68,32.888352,-111.567375,"AZ",751,4,"500-999 units"
"Yuma County Housing Department","AZ013",406,96,32.5865,-114.6882,"AZ",565,4,"500-999 units"
"Eloy Housing Authority","AZ021",213,83,32.755905,-111.555443,"AZ",213,2,"100-299 units"
"Nogales Housing Authority","AZ023",197,86,31.349596,-110.935797,"AZ",423,3,"300-499 units"
"South Tucson Housing Authority","AZ025",136,53,32.201413,-110.96363,"AZ",308,3,"300-499 units"
"Chandler Housing & Redevelopment Division","AZ028",495,84,33.300039,-111.841297,"AZ",798,4,"500-999 units"
"Tempe Housing Authority","AZ031",1173,69,33.390236,-111.926584,"AZ",1173,5,"1,000-2,999 units"
"Scottsdale Housing Agency","AZ032",770,66,33.487339,-111.940151,"AZ",770,4,"500-999 units"
"Pima County Housing Authority","AZ033",887,76,32.224994,-110.983035,"AZ",887,4,"500-999 units"
"Housing Authority of Cochise County","AZ034",588,94,31.393893,-109.932662,"AZ",588,4,"500-999 units"
"Yuma City Housing Authority","AZ035",1451,98,32.720355,-114.619655,"AZ",1451,5,"1,000-2,999 units"
"Douglas Housing Authority","AZ037",193,80,31.344328,-109.555963,"AZ",193,2,"100-299 units"
"Williams Housing Authority","AZ041",50,56,35.246371,-112.191745,"AZ",80,1,"1-99 units"
"Mohave County Housing Authority","AZ043",557,-5,35.190555,-114.065303,"AZ",557,4,"500-999 units"
"Gila County Housing Authority","AZ045",57,95,33.413326,-110.812029,"AZ",57,1,"1-99 units"
"Arizona Behavioral Health Corporation","AZ880",194,83,33.44612,-111.965654,"AZ",194,2,"100-299 units"
"Arizona Department of Housing","AZ901",198,77,33.448366,-112.087284,"AZ",198,2,"100-299 units"
"Housing Authority of the City & County of SF","CA001",15792,82,37.726815,-122.400082,"CA",16235,8,"10,000-29,999 units"
"Los Angeles County Development Authority","CA002",26214,88,34.091723,-118.134428,"CA",29178,8,"10,000-29,999 units"
"Oakland Housing Authority","CA003",14011,84,37.804769,-122.26668,"CA",15556,8,"10,000-29,999 units"
"Housing Authority of the City of Los Angeles","CA004",51786,83,34.06035,-118.28153,"CA",58426,9,"30,000+ units"
"Housing Authority City of Fresno","CA006",7445,86,36.737318,-119.794165,"CA",7906,7,"5,000-9,999 units"
"County of Sacramento Housing Authority","CA007",13394,87,38.581715,-121.489663,"CA",14250,8,"10,000-29,999 units"
"Housing Authority of the County of Kern","CA008",3980,88,35.380803,-119.008253,"CA",4840,6,"3,000-4,999 units"
"Housing Authority of the County Contra Costa","CA011",9417,88,38.001931,-122.128145,"CA",10370,8,"10,000-29,999 units"
"Housing Authority of the County of San Mateo","CA014",5152,83,37.521357,-122.267203,"CA",5152,7,"5,000-9,999 units"
"Housing Authority of the County of San Bernardino","CA019",11630,83,34.071155,-117.270265,"CA",11631,8,"10,000-29,999 units"
"Housing Authority of the County of Santa Barbara","CA021",4152,89,34.63929,-120.466968,"CA",4325,6,"3,000-4,999 units"
"Housing Authority of the City of Needles","CA022",23,87,34.834693,-114.618547,"CA",75,1,"1-99 units"
"County of Merced Housing Authority","CA023",2891,77,37.293227,-120.50469,"CA",3312,6,"3,000-4,999 units"
"Housing Auth. of the County of San Joaquin","CA024",5298,78,37.983487,-121.339529,"CA",6290,7,"5,000-9,999 units"
"Stanislaus Regional Housing Authority","CA026",5043,93,37.613462,-121.016353,"CA",5690,7,"5,000-9,999 units"
"Housing Authority of the County of Riverside","CA027",10210,79,33.946256,-117.42339,"CA",10290,8,"10,000-29,999 units"
"Housing Authority of Fresno County","CA028",5704,90,36.737318,-119.794165,"CA",6172,7,"5,000-9,999 units"
"Tulare County Housing Authority","CA030",3081,76,36.324501,-119.347994,"CA",3791,6,"3,000-4,999 units"
"Housing Authority of the City of Oxnard","CA031",1904,83,34.19833,-119.182548,"CA",2424,5,"1,000-2,999 units"
"Housing Authority of the City of Port Hueneme","CA032",283,84,34.149926,-119.195233,"CA",373,3,"300-499 units"
"Housing Authority of the County of Monterey","CA033",4852,66,36.683769,-121.661927,"CA",4852,6,"3,000-4,999 units"
"Housing Authority of the City of San Buenaventura","CA035",1956,76,34.293836,-119.303677,"CA",2172,5,"1,000-2,999 units"
"Housing Authority of the City of Calexico","CA039",249,78,32.669656,-115.483659,"CA",505,4,"500-999 units"
"CITY OF BENICIA HSG AUTH","CA041",376,80,38.0573,-122.152432,"CA",451,3,"300-499 units"
"COUNTY OF BUTTE HSG AUTH","CA043",2254,94,39.723665,-121.801235,"CA",2599,5,"1,000-2,999 units"
"Housing Authority of the County of Yolo","CA044",1903,78,38.677422,-121.791145,"CA",2334,5,"1,000-2,999 units"
"Regional Housing Authority","CA048",1989,82,39.147243,-121.640391,"CA",2162,5,"1,000-2,999 units"
"HOUSING AUTHORITY OF COUNTY OF MARIN","CA052",2384,90,38.005265,-122.539189,"CA",2878,5,"1,000-2,999 units"
"KINGS COUNTY HOUSING AUTH","CA053",730,68,36.331995,-119.646227,"CA",998,4,"500-999 units"
"HOUSING AUTHORITY OF THE CITY OF VALLEJO","CA055",2358,60,38.101321,-122.259581,"CA",2358,5,"1,000-2,999 units"
"HOUSING AUTHORITY OF THE CITY OF SAN JOSE","CA056",6605,95,37.335878,-121.902851,"CA",6637,7,"5,000-9,999 units"
"BERKELEY HOUSING AUTHORITY","CA058",2080,72,37.870055,-122.271202,"CA",2153,5,"1,000-2,999 units"
"Santa Clara County Housing Authority","CA059",12299,89,37.335878,-121.902851,"CA",12331,8,"10,000-29,999 units"
"CITY OF PITTSBURG HSG AUTH","CA060",1140,89,38.028573,-121.884203,"CA",1140,5,"1,000-2,999 units"
"CRESCENT CITY HSG AUTH","CA061",662,73,41.7518,-124.197244,"CA",662,4,"500-999 units"
"CITY OF ALAMEDA HOUSING AUTHORITY","CA062",1893,85,37.779955,-122.275622,"CA",1893,5,"1,000-2,999 units"
"San Diego Housing Commission","CA063",16036,99,32.715918,-117.15438,"CA",16225,8,"10,000-29,999 units"
"Housing Authority of the City of San Luis Obispo","CA064",2716,88,35.272436,-120.663099,"CA",2716,5,"1,000-2,999 units"
"City of Fairfield","CA065",894,76,38.250559,-122.042081,"CA",894,4,"500-999 units"
"SUISUN CITY HOUSING AUTHORITY","CA066",322,62,38.239421,-122.037242,"CA",322,3,"300-499 units"
"Housing Authority of the County of Alameda","CA067",7002,92,37.667523,-122.082833,"CA",7013,7,"5,000-9,999 units"
"City of Long Beach Housing Authority","CA068",7630,89,33.771874,-118.185844,"CA",7630,7,"5,000-9,999 units"
"Housing Authority of the City of Madera","CA069",804,85,36.961658,-120.062454,"CA",1048,5,"1,000-2,999 units"
"COUNTY OF PLUMAS HOUSING AUTHORITY","CA070",637,92,39.936847,-120.941777,"CA",733,4,"500-999 units"
"City of Compton Housing Authority","CA071",803,68,33.900609,-118.2067,"CA",803,4,"500-999 units"
"Housing Authority of the County of Santa Cruz","CA072",5443,89,36.979819,-121.964659,"CA",5468,7,"5,000-9,999 units"
"HOUSING AUTHORITY OF THE CITY OF NAPA","CA073",1455,69,38.298254,-122.291141,"CA",1455,5,"1,000-2,999 units"
"HSG AUTH OF THE CITY OF LIVERMORE","CA074",912,55,37.68275,-121.757791,"CA",1037,5,"1,000-2,999 units"
"Housing Authority of the City of Santa Paula","CA075",582,82,34.336049,-119.091926,"CA",582,4,"500-999 units"
"Housing Authority of the City of Santa Barbara","CA076",2925,88,34.424249,-119.695002,"CA",2925,5,"1,000-2,999 units"
"Carlsbad Housing & Homeless Services","CA077",746,64,33.164398,-117.340672,"CA",746,4,"500-999 units"
"City of Pasadena Housing Department","CA079",1501,78,34.15707,-118.150783,"CA",1501,5,"1,000-2,999 units"
"Housing Authority of the City of Inglewood","CA082",1141,70,33.961903,-118.355052,"CA",1141,5,"1,000-2,999 units"
"MENDOCINO COUNTY","CA084",1306,68,39.164069,-123.210477,"CA",1306,5,"1,000-2,999 units"
"COUNTY OF SONOMA","CA085",3141,89,38.457116,-122.734803,"CA",3141,6,"3,000-4,999 units"
"COUNTY OF HUMBOLDT HSG AUTH","CA086",1404,60,40.779849,-124.178172,"CA",1404,5,"1,000-2,999 units"
"CITY OF SANTA ROSA","CA088",1915,84,38.438563,-122.71238,"CA",1915,5,"1,000-2,999 units"
"Housing Authority of the County of Ventura","CA092",2569,90,34.187473,-118.909735,"CA",2919,5,"1,000-2,999 units"
"Housing Authority of the City of Santa Ana","CA093",3319,88,33.748507,-117.874443,"CA",3319,6,"3,000-4,999 units"
"Orange County Housing Authority","CA094",11438,81,33.723167,-117.849908,"CA",11438,8,"10,000-29,999 units"
"COUNTY OF SHASTA HSG AUTH","CA096",1049,63,40.583567,-122.396132,"CA",1049,5,"1,000-2,999 units"
"Housing Authority of the City of Garden Grove","CA102",2428,92,33.77471,-117.937651,"CA",2428,5,"1,000-2,999 units"
"Housing Authority of the City of Redondo Beach","CA103",638,66,33.872607,-118.378596,"CA",638,4,"500-999 units"
"City of Anaheim Housing Authority","CA104",6794,88,33.83454,-117.913771,"CA",6794,7,"5,000-9,999 units"
"Housing Authority of the City of Burbank","CA105",1042,75,34.182672,-118.308017,"CA",1042,5,"1,000-2,999 units"
"HOUSING AUTHORITY OF THE CITY OF REDDING","CA106",1717,89,40.574262,-122.381044,"CA",1717,5,"1,000-2,999 units"
"Housing Authority of the County of San Diego","CA108",12312,83,32.815129,-117.122142,"CA",12491,8,"10,000-29,999 units"
"Culver City Housing Authority","CA110",389,-5,34.021315,-118.396175,"CA",389,3,"300-499 units"
"Housing Authority of the City of Santa Monica","CA111",1521,88,34.007966,-118.489457,"CA",1521,5,"1,000-2,999 units"
"Housing Authority of the City of Glendale","CA114",1648,86,34.14712,-118.247059,"CA",1648,5,"1,000-2,999 units"
"CDC of National City","CA116",1131,94,32.672828,-117.103312,"CA",1131,5,"1,000-2,999 units"
"Pico Rivera Housing Assistance Agency","CA117",522,73,33.982047,-118.088405,"CA",522,4,"500-999 units"
"Housing Authority of the City of Norwalk","CA118",727,79,33.915633,-118.072311,"CA",727,4,"500-999 units"
"Housing Authority of the City of South Gate","CA119",666,-5,33.955837,-118.20563,"CA",666,4,"500-999 units"
"Housing Authority of the City of Baldwin Park","CA120",913,50,34.085035,-117.959861,"CA",925,4,"500-999 units"
"Housing Authority of the City of Torrance","CA121",715,62,33.836548,-118.340367,"CA",715,4,"500-999 units"
"Housing Authority of the City of Pomona","CA123",1047,87,34.054435,-117.750221,"CA",1047,5,"1,000-2,999 units"
"CITY OF VACAVILLE","CA125",1341,71,38.357775,-122.001488,"CA",1341,5,"1,000-2,999 units"
"Hawthorne Housing","CA126",726,81,33.918389,-118.353955,"CA",726,4,"500-999 units"
"CITY OF ROSEVILLE","CA128",763,85,38.748716,-121.284668,"CA",763,4,"500-999 units"
"COUNTY OF SOLANO HSG AUTH","CA131",372,58,38.249053,-122.041791,"CA",372,3,"300-499 units"
"City of Oceanside Community Development Comm","CA132",1600,81,33.198193,-117.378294,"CA",1600,5,"1,000-2,999 units"
"Housing Authority of the City of Hawaiian Gardens","CA136",132,83,33.827651,-118.082011,"CA",132,2,"100-299 units"
"Imperial Valley Housing Authority","CA143",1810,85,32.980703,-115.519634,"CA",2321,5,"1,000-2,999 units"
"Lake County Housing Commission","CA144",244,75,38.910495,-122.610299,"CA",244,2,"100-299 units"
"PLACER COUNTY HOUSING AUTHORITY","CA149",407,69,38.939959,-121.103888,"CA",407,3,"300-499 units"
"County of El Dorado Housing Authority","CA151",424,75,38.720853,-120.828702,"CA",424,3,"300-499 units"
"Housing Authority of the City of Encinitas","CA155",141,70,33.04553,-117.292345,"CA",141,2,"100-299 units"
"Housing Authority of the City and County of Denver","CO001",7820,91,39.73318,-105.005484,"CO",10787,8,"10,000-29,999 units"
"Housing Authority of the City of Pueblo","CO002",1547,80,38.265176,-104.614756,"CO",2286,5,"1,000-2,999 units"
"Trinidad Housing Authority","CO005",87,-5,37.167622,-104.505439,"CO",283,2,"100-299 units"
"Housing Authority of the City of Lamar","CO006",107,84,38.081383,-102.619012,"CO",137,2,"100-299 units"
"Boulder Housing Partners","CO016",1296,83,40.061835,-105.281909,"CO",1310,5,"1,000-2,999 units"
"Housing Authority of the City of Brighton","CO019",255,85,39.986389,-104.817921,"CO",255,2,"100-299 units"
"Las Animas Housing Authority","CO024",127,80,38.066232,-103.221663,"CO",127,2,"100-299 units"
"Housing Authority of the City of Colorado Springs","CO028",2313,80,38.82222,-104.822099,"CO",3054,6,"3,000-4,999 units"
"La Junta Housing Authority","CO031",102,71,37.984145,-103.538779,"CO",188,2,"100-299 units"
"Loveland Housing Authority","CO034",658,87,40.430661,-105.081058,"CO",658,4,"500-999 units"
"Housing Authority of the City of Greeley","CO035",619,100,40.427384,-104.69295,"CO",705,4,"500-999 units"
"Littleton Housing Authority","CO036",592,78,39.611609,-105.019715,"CO",592,4,"500-999 units"
"Delta Housing Authority","CO040",231,102,38.728807,-108.064946,"CO",306,3,"300-499 units"
"Fort Collins Housing Authority","CO041",1509,83,40.58693,-105.107317,"CO",1557,5,"1,000-2,999 units"
"Center Housing Authority","CO043",28,43,37.756422,-106.108781,"CO",58,1,"1-99 units"
"Rocky Ford Housing Authority","CO045",53,74,38.056988,-103.720026,"CO",53,1,"1-99 units"
"Englewood Housing Authority","CO048",427,79,39.6387,-104.9691,"CO",537,4,"500-999 units"
"Lakewood Housing Authority","CO049",1419,79,39.724006,-105.132302,"CO",1419,5,"1,000-2,999 units"
"Arvada Housing Authority","CO050",562,82,39.802176,-105.086113,"CO",562,4,"500-999 units"
"Grand Junction Housing Authority","CO051",1184,82,39.094236,-108.587618,"CO",1184,5,"1,000-2,999 units"
"Aurora Housing Authority","CO052",1821,86,39.675892,-104.832215,"CO",1968,5,"1,000-2,999 units"
"Sheridan Housing Authority","CO057",181,82,39.653861,-104.985011,"CO",181,2,"100-299 units"
"Adams County Housing Authority","CO058",1569,89,39.825304,-105.020924,"CO",1569,5,"1,000-2,999 units"
"Boulder County Housing Authority","CO061",951,91,40.03692,-105.281858,"CO",951,4,"500-999 units"
"Longmont Housing Authority","CO070",518,79,40.179962,-105.102199,"CO",526,4,"500-999 units"
"Housing Authority of the City of Fountain","CO071",244,67,38.68413,-104.695513,"CO",284,2,"100-299 units"
"Jefferson County Housing Authority","CO072",1891,82,39.784731,-105.132943,"CO",1891,5,"1,000-2,999 units"
"Housing Authority of the County of Montezuma","CO079",262,94,37.34742,-108.583274,"CO",293,2,"100-299 units"
"Montrose County Housing Authority","CO087",196,97,38.606315,-107.987144,"CO",196,2,"100-299 units"
"Housing Authority of Weld County","CO090",433,87,40.427384,-104.69295,"CO",433,3,"300-499 units"
"Garfield County Housing Authority","CO095",490,82,39.542851,-107.783205,"CO",490,3,"300-499 units"
"Otero County Housing Authority","CO101",46,80,37.984145,-103.538779,"CO",46,1,"1-99 units"
"Larimer County Housing Authority","CO103",104,-5,40.58693,-105.107317,"CO",104,2,"100-299 units"
"Colorado Bluesky Enterprises, Inc.","CO888",75,84,38.26895,-104.607409,"CO",75,1,"1-99 units"
"Colorado Division of Housing","CO911",7771,76,39.737118,-104.985051,"CO",7771,7,"5,000-9,999 units"
"Housing Authority of the City of Bridgeport","CT001",3201,88,41.183561,-73.196615,"CT",5425,7,"5,000-9,999 units"
"Housing Authority Of The City Of Norwalk","CT002",1079,83,41.096469,-73.420488,"CT",1885,5,"1,000-2,999 units"
"Housing Authority of the City of Hartford","CT003",2864,78,41.737426,-72.712792,"CT",3821,6,"3,000-4,999 units"
"Housing Authority of the City of New Haven","CT004",5994,91,41.310595,-72.920617,"CT",7051,7,"5,000-9,999 units"
"Housing Authority of the City of New Britain","CT005",857,87,41.670627,-72.800128,"CT",1660,5,"1,000-2,999 units"
"Waterbury Housing Authority","CT006",2850,73,41.576266,-73.02578,"CT",3779,6,"3,000-4,999 units"
"Housing Authority of the City of Stamford","CT007",1558,91,41.051848,-73.544551,"CT",1912,5,"1,000-2,999 units"
"Housing Authority of the Town of Enfield","CT008",195,68,42.002408,-72.558373,"CT",195,2,"100-299 units"
"Middletown Housing Authority","CT009",1370,60,41.55767,-72.650209,"CT",1617,5,"1,000-2,999 units"
"Willimantic Housing Authority","CT010",511,86,41.717833,-72.232008,"CT",761,4,"500-999 units"
"Housing Authority of the City of Meriden","CT011",921,93,41.538932,-72.802995,"CT",1140,5,"1,000-2,999 units"
"East Hartford Housing Authority","CT013",475,89,41.778495,-72.616136,"CT",1090,5,"1,000-2,999 units"
"Housing Authority of the City of Ansonia","CT015",816,81,41.341917,-73.078041,"CT",943,4,"500-999 units"
"Derby Housing Authority","CT017",292,77,41.320161,-73.089399,"CT",292,2,"100-299 units"
"Norwich Housing Authority","CT018",519,93,41.513161,-72.095977,"CT",695,4,"500-999 units"
"Greenwich Housing Authority","CT019",370,94,41.025906,-73.622498,"CT",680,4,"500-999 units"
"Housing Authority of the City of Danbury","CT020",907,85,41.387346,-73.477973,"CT",1278,5,"1,000-2,999 units"
"Bristol Housing Authority","CT023",755,94,41.694177,-72.927987,"CT",1297,5,"1,000-2,999 units"
"Putnam Housing Authority","CT024",37,81,41.918896,-71.89624,"CT",161,2,"100-299 units"
"Manchester Housing Authority","CT026",509,91,41.768673,-72.550471,"CT",826,4,"500-999 units"
"Housing Authority of the Town of Stratford","CT027",285,96,41.178556,-73.137295,"CT",586,4,"500-999 units"
"Vernon Housing Authority","CT028",442,71,41.866161,-72.445523,"CT",667,4,"500-999 units"
"West Haven Housing Authority","CT029",1521,93,41.282166,-72.965405,"CT",1879,5,"1,000-2,999 units"
"Milford Redevelopment and Housing Partnership","CT030",267,74,41.2171,-73.0401,"CT",597,4,"500-999 units"
"Torrington Housing Authority","CT031",350,-5,41.799618,-73.123845,"CT",780,4,"500-999 units"
"Windsor Locks Housing Authority","CT032",127,91,41.92043,-72.655462,"CT",203,2,"100-299 units"
"South Windsor Housing Authority","CT033",38,79,41.828605,-72.515273,"CT",38,1,"1-99 units"
"Portland Housing Authority","CT036",89,84,41.567562,-72.633826,"CT",137,2,"100-299 units"
"Mansfield Housing Authority","CT038",154,76,41.794411,-72.251048,"CT",154,2,"100-299 units"
"Housing Authority of the Town of West Hartfor","CT039",684,80,41.72534,-72.72143,"CT",684,4,"500-999 units"
"Housing Authority of the Town of Glastonbury","CT040",37,59,41.7261,-72.606495,"CT",236,2,"100-299 units"
"Farmington Housing Authority","CT041",90,99,41.748836,-72.867452,"CT",90,1,"1-99 units"
"Hamden Housing Authority","CT042",309,89,41.4016,-72.908,"CT",309,3,"300-499 units"
"Naugatuck Housing Authority","CT047",253,96,41.480832,-73.062891,"CT",389,3,"300-499 units"
"Housing Authority of the Town of Windsor","CT048",219,63,41.852416,-72.651419,"CT",219,2,"100-299 units"
"Newington Housing Authority","CT049",33,88,41.696992,-72.73028,"CT",33,1,"1-99 units"
"City of Hartford Housing Authority","CT051",5020,95,41.766062,-72.669261,"CT",5193,7,"5,000-9,999 units"
"Fairfield Housing Authority","CT052",175,61,41.181326,-73.239783,"CT",175,2,"100-299 units"
"Wethersfield Housing Authority","CT053",49,92,41.697457,-72.660858,"CT",49,1,"1-99 units"
"Plainfield Housing Authority","CT058",200,81,41.677659,-71.918133,"CT",200,2,"100-299 units"
"Killingly Housing Authority","CT061",89,96,41.821411,-71.88377,"CT",89,1,"1-99 units"
"East Haven Housing Authority","CT063",49,92,41.28216,-72.87014,"CT",49,1,"1-99 units"
"Wallingford Housing Authority","CT067",138,66,41.439519,-72.814794,"CT",138,2,"100-299 units"
"Canton Housing Authority","CT068",17,-4,41.823988,-72.908247,"CT",17,1,"1-99 units"
"Connecticut Department of Housing","CT901",8746,90,41.75674,-72.678981,"CT",8746,7,"5,000-9,999 units"
"D.C Housing Authority","DC001",16287,72,38.90509,-77.00878,"DC",24341,8,"10,000-29,999 units"
"Community Connections","DC880",288,92,38.883694,-76.994509,"DC",288,2,"100-299 units"
"Wilmington Housing Authority","DE001",2199,94,39.73962,-75.548169,"DE",3655,6,"3,000-4,999 units"
"Dover Housing Authority","DE002",224,59,39.173588,-75.507273,"DE",510,4,"500-999 units"
"Newark Housing Authority","DE003",212,-5,39.683866,-75.74054,"DE",308,3,"300-499 units"
"New Castle County Housing Authority","DE005",1861,77,39.687211,-75.612405,"DE",1861,5,"1,000-2,999 units"
"Delaware State Housing Authority","DE901",1275,58,39.15638,-75.524525,"DE",1275,5,"1,000-2,999 units"
"Jacksonville Housing Authority","FL001",8269,94,30.340428,-81.661887,"FL",10822,8,"10,000-29,999 units"
"HOUSING AUTHORITY OF THE CITY OF ST. PETERSBURG","FL002",3828,87,27.855548,-82.660574,"FL",4199,6,"3,000-4,999 units"
"TAMPA HOUSING AUTHORITY","FL003",11190,92,27.952545,-82.532974,"FL",11557,8,"10,000-29,999 units"
"Orlando Housing Authority","FL004",4594,96,28.54663,-81.352139,"FL",6000,7,"5,000-9,999 units"
"MIAMI DADE PUBLIC HOUSING AND COMMUNITY DEV","FL005",18234,94,25.78082,-80.196713,"FL",26758,8,"10,000-29,999 units"
"Housing Authority of City of Daytona Beach","FL007",1597,66,29.213224,-81.023812,"FL",2076,5,"1,000-2,999 units"
"SARASOTA HOUSING AUTHORITY","FL008",2115,85,27.334127,-82.534164,"FL",2244,5,"1,000-2,999 units"
"WEST PALM BEACH HOUSING AUTHORITY","FL009",3983,81,26.678173,-80.058545,"FL",4140,6,"3,000-4,999 units"
"HOUSING AUTHORITY OF THE CITY OF FORT LAUDERDALE","FL010",3376,90,26.116882,-80.147506,"FL",3405,6,"3,000-4,999 units"
"HOUSING AUTHORITY OF THE CITY OF LAKELAND","FL011",1718,79,28.03898,-81.967122,"FL",1974,5,"1,000-2,999 units"
"HOUSING AUTHORITY OF THE CITY OF KEY WEST","FL013",259,95,24.563678,-81.766845,"FL",847,4,"500-999 units"
"Northwest Florida Regional Housing Authority","FL015",1242,74,30.953899,-85.515887,"FL",1612,5,"1,000-2,999 units"
"HOUSING AUTHORITY OF THE CITY OF MIAMI BEACH","FL017",3553,77,25.77075,-80.13859,"FL",3753,6,"3,000-4,999 units"
"Panama City Housing Authority","FL018",703,78,30.190673,-85.696755,"FL",953,4,"500-999 units"
"HOUSING AUTHORITY OF THE CITY OF COCOA","FL019",223,65,28.355037,-80.740427,"FL",223,2,"100-299 units"
"HOUSING AUTHORITY OF BREVARD COUNTY","FL020",2161,84,28.1299,-80.62778,"FL",2574,5,"1,000-2,999 units"
"PAHOKEE HOUSING AUTHORITY","FL021",140,54,26.816869,-80.665063,"FL",614,4,"500-999 units"
"Housing Authority of New Smyrna Beach","FL022",440,-5,29.0145,-80.921849,"FL",566,4,"500-999 units"
"HOUSING AUTHORITY OF THE CITY OF BRADENTON","FL023",203,88,27.491231,-82.539488,"FL",451,3,"300-499 units"
"Ormond Beach Housing Authority","FL024",223,92,29.28517,-81.059027,"FL",264,2,"100-299 units"
"HOUSING AUTHORITY OF THE CITY OF TITUSVILLE","FL025",738,93,28.609743,-80.808515,"FL",992,4,"500-999 units"
"HOUSING AUTHORITY OF BARTOW","FL026",59,90,27.886778,-81.851184,"FL",141,2,"100-299 units"
"HOUSING AUTHORITY OF POMPANO BEACH","FL028",1106,73,26.231831,-80.127981,"FL",1111,5,"1,000-2,999 units"
"Housing Authority of the County of Flagler","FL030",399,87,29.467179,-81.251593,"FL",530,4,"500-999 units"
"Housing Authority of the City of Marianna","FL031",121,64,30.779356,-85.253773,"FL",201,2,"100-299 units"
"Ocala Housing Authority","FL032",1460,76,29.189918,-82.153002,"FL",1646,5,"1,000-2,999 units"
"Seminole County Housing Authority","FL033",476,80,28.666246,-81.197465,"FL",506,4,"500-999 units"
"PLANT CITY HOUSING AUTHORITY","FL034",187,86,28.006835,-82.111949,"FL",387,3,"300-499 units"
"Housing Authority of Springfield","FL035",452,97,30.163839,-85.611079,"FL",492,3,"300-499 units"
"Housing Authority of City of Fernandina Beach","FL037",67,79,30.659843,-81.454534,"FL",124,2,"100-299 units"
"HOUSING AUTHORITY OF THE CITY OF FORT PIERCE","FL041",856,77,27.446803,-80.327068,"FL",1680,5,"1,000-2,999 units"
"HOUSING AUTHORITY OF THE CITY OF STUART","FL045",119,88,27.191893,-80.243929,"FL",189,2,"100-299 units"
"Crestview Housing Authority","FL046",222,85,30.76098,-86.577291,"FL",495,3,"300-499 units"
"Housing Authority of the City of Fort Myers","FL047",2621,75,26.647104,-81.829493,"FL",3495,6,"3,000-4,999 units"
"North Central Florida Regional Housing Agency","FL049",392,51,29.440537,-82.631022,"FL",546,4,"500-999 units"
"Milton Housing Authority","FL053",348,99,30.652391,-87.046459,"FL",386,3,"300-499 units"
"Palatka Housing Authority","FL057",407,74,29.651855,-81.643995,"FL",828,4,"500-999 units"
"PUNTA GORDA HOUSING AUTHORITY","FL060",363,92,26.932612,-82.040384,"FL",543,4,"500-999 units"
"PINELLAS COUNTY HOUSING AUTHORITY","FL062",3787,94,27.894892,-82.799559,"FL",4000,6,"3,000-4,999 units"
"Gainesville Housing Authority","FL063",1921,65,29.634312,-82.316407,"FL",2489,5,"1,000-2,999 units"
"HIALEAH HOUSING AUTHORITY","FL066",5516,91,25.827407,-80.28009,"FL",6633,7,"5,000-9,999 units"
"HOUSING AUTHORITY OF THE CITY OF HOMESTEAD","FL068",1902,85,25.493116,-80.452348,"FL",1902,5,"1,000-2,999 units"
"Fort Walton Beach Housing Authority","FL069",852,67,30.410153,-86.618766,"FL",975,4,"500-999 units"
"Alachua County","FL070",1164,63,29.658099,-82.323697,"FL",1438,5,"1,000-2,999 units"
"LAKE WALES HOUSING AUTHORITY","FL071",202,90,27.905161,-81.590799,"FL",374,3,"300-499 units"
"DeLand Housing Authority","FL072",1003,69,29.024166,-81.296126,"FL",1123,5,"1,000-2,999 units"
"Tallahassee Housing Authority","FL073",2762,75,30.485214,-84.289222,"FL",3299,6,"3,000-4,999 units"
"CLEARWATER HOUSING AUTHORITY","FL075",1424,58,28.026928,-82.738501,"FL",1659,5,"1,000-2,999 units"
"BROWARD COUNTY HOUSING AUTHORITY","FL079",6212,83,26.183727,-80.203337,"FL",6445,7,"5,000-9,999 units"
"PALM BEACH COUNTY HOUSING AUTHORITY","FL080",2998,74,26.759405,-80.105865,"FL",3426,6,"3,000-4,999 units"
"HOUSING AUTHORITY OF THE CITY OF DEERFIELD BEACH","FL081",525,84,26.311044,-80.103824,"FL",525,4,"500-999 units"
"DELRAY BEACH HOUSING AUTHORITY","FL083",1156,94,26.463108,-80.078366,"FL",1169,5,"1,000-2,999 units"
"City of Pensacola Housing Division","FL092",2504,73,30.413394,-87.221479,"FL",2504,5,"1,000-2,999 units"
"Orange County Housing & Community Development","FL093",1347,95,28.538616,-81.370982,"FL",1347,5,"1,000-2,999 units"
"Baker County Housing Assistance Program","FL102",150,63,30.2858,-82.118038,"FL",150,2,"100-299 units"
"Pasco County Housing Authority","FL104",1817,67,28.36043,-82.189324,"FL",2023,5,"1,000-2,999 units"
"MANATEE COUNTY HOUSING AUTHORITY","FL105",1286,82,27.441392,-82.552189,"FL",1363,5,"1,000-2,999 units"
"Lake County Housing Agency","FL106",497,84,28.821105,-81.707076,"FL",497,3,"300-499 units"
"Walton County Housing Authority","FL110",404,66,30.72414,-86.094115,"FL",404,3,"300-499 units"
"County of Volusia Dept. of Community Services","FL113",370,68,29.029721,-81.303677,"FL",370,3,"300-499 units"
"DANIA BEACH HOUSING AUTHORITY","FL116",698,71,26.052302,-80.150816,"FL",698,4,"500-999 units"
"HA BOCA RATON","FL119",634,88,26.368398,-80.129983,"FL",729,4,"500-999 units"
"HENDRY COUNTY HOUSING AUTHORITY","FL123",47,74,26.763327,-81.437206,"FL",47,1,"1-99 units"
"Lee County Housing Authority","FL128",368,67,26.669689,-81.916145,"FL",510,4,"500-999 units"
"INDIAN RIVER CO BD OF CO COMM","FL132",410,93,27.646899,-80.403184,"FL",410,3,"300-499 units"
"Hollywood Housing Authority","FL136",840,95,26.039382,-80.235718,"FL",960,4,"500-999 units"
"Hernando County Housing Authority","FL137",425,80,28.555402,-82.396025,"FL",425,3,"300-499 units"
"WINTER HAVEN HOUSING AUTHORITY","FL139",328,81,28.019826,-81.759845,"FL",506,4,"500-999 units"
"Collier County Housing Authority","FL141",522,77,26.405435,-81.392199,"FL",522,4,"500-999 units"
"MONROE COUNTY HOUSING AUTHORITY","FL144",204,92,24.5788,-81.7509,"FL",254,2,"100-299 units"
"MIAMI HSG CONSERVATION","FL145",256,52,25.770208,-80.197819,"FL",352,3,"300-499 units"
"Citrus County Housing Services","FL147",305,74,28.905427,-82.480307,"FL",305,3,"300-499 units"
"OSCEOLA COUNTY HOUSING AGENCY","FL201",285,80,28.295047,-81.410142,"FL",285,2,"100-299 units"
"Holmes County Housing Authority","FL202",194,78,30.8014,-85.679097,"FL",194,2,"100-299 units"
"Carrfour Supportive Housing, Inc.","FL881",180,95,25.772261,-80.217923,"FL",180,2,"100-299 units"
"Boley Centers, Inc.","FL888",210,69,27.776373,-82.675157,"FL",210,2,"100-299 units"
"Housing Authority of the City of Augusta","GA001",4195,82,33.474236,-81.983794,"GA",6063,7,"5,000-9,999 units"
"Housing Authority of Savannah","GA002",3420,85,32.061343,-81.073781,"GA",4357,6,"3,000-4,999 units"
"Housing Authority of the City of Columbus","GA004",3914,78,32.465501,-84.979337,"GA",4512,6,"3,000-4,999 units"
"Housing Authority of the City of ATLANTA Georgia","GA006",21340,83,33.757632,-84.379777,"GA",23761,8,"10,000-29,999 units"
"Housing Authority of the City of Macon-Bibb","GA007",3633,86,32.823512,-83.64945,"GA",3972,6,"3,000-4,999 units"
"Housing Authority of the City of Brunswick","GA009",763,85,31.1429,-81.5138,"GA",1349,5,"1,000-2,999 units"
"Housing Authority of the City of Marietta","GA010",2787,95,33.953569,-84.543696,"GA",2787,5,"1,000-2,999 units"
"Housing Authority of the City of Decatur","GA011",1043,73,33.777926,-84.29364,"GA",1043,5,"1,000-2,999 units"
"Housing Authority of the City of Albany","GA023",109,54,31.578625,-84.160197,"GA",456,3,"300-499 units"
"Housing Authority of the City of Americus","GA062",721,92,32.08752,-84.224134,"GA",721,4,"500-999 units"
"Housing Authority of the City of East Point","GA078",512,91,33.672365,-84.426257,"GA",695,4,"500-999 units"
"Housing Authority of the City of Newnan","GA095",142,58,33.428282,-84.872814,"GA",577,4,"500-999 units"
"Housing Authority of the City of Carrollton","GA116",494,81,33.565072,-85.073129,"GA",494,3,"300-499 units"
"Housing Authority of the City of Lithonia","GA188",200,81,33.713584,-84.107066,"GA",275,2,"100-299 units"
"Housing Authority of the City of Jonesboro","GA228",1895,72,33.519086,-84.352754,"GA",1927,5,"1,000-2,999 units"
"Housing Authority of the City of College Park","GA232",428,90,33.654589,-84.454188,"GA",686,4,"500-999 units"
"Housing Authority of the County of Dekalb, GA","GA237",4729,88,33.777926,-84.29364,"GA",4729,6,"3,000-4,999 units"
"Housing Authority of Fulton County","GA264",961,85,33.769591,-84.526596,"GA",1093,5,"1,000-2,999 units"
"NORTHWEST GA HOUSING AUTHORITY","GA285",972,77,34.262132,-85.17511,"GA",1560,5,"1,000-2,999 units"
"Georgia Residential Finance","GA901",17698,64,33.827443,-84.342275,"GA",17698,8,"10,000-29,999 units"
"Guam Housing & Urban Renewal Authority","GQ901",2621,92,13.462185,-144.755131,"GU",2621,5,"1,000-2,999 units"
"County of Hawaii","HI002",2192,93,19.690122,-155.069661,"HI",2192,5,"1,000-2,999 units"
"City and County of Honolulu","HI003",5071,77,21.309696,-157.863703,"HI",5111,7,"5,000-9,999 units"
"County of Maui","HI004",1513,99,20.887426,-156.502389,"HI",1513,5,"1,000-2,999 units"
"Kauai County Housing Agency","HI005",1171,73,21.975235,-159.368974,"HI",1171,5,"1,000-2,999 units"
"Hawaii Public Housing Authority","HI901",3960,89,21.327653,-157.863239,"HI",3960,6,"3,000-4,999 units"
"Charles City Hsg and Redev Authority","IA002",210,72,43.0839,-92.671,"IA",358,3,"300-499 units"
"Ottumwa Housing Authority","IA004",241,63,41.026081,-92.42356,"IA",600,4,"500-999 units"
"Low Rent Housing Agency of Burlington","IA015",329,50,40.823208,-91.141265,"IA",523,4,"500-999 units"
"City of Sioux City Housing Authority","IA018",1211,81,42.496488,-96.406083,"IA",1211,5,"1,000-2,999 units"
"Des Moines Municipal Housing Agency","IA020",3668,74,41.627908,-93.646811,"IA",4092,6,"3,000-4,999 units"
"City of Iowa City Housing Authority","IA022",1404,92,41.660199,-91.529983,"IA",1490,5,"1,000-2,999 units"
"Municipal Housing Agency of Council Bluffs","IA023",775,83,41.256677,-95.852761,"IA",1070,5,"1,000-2,999 units"
"Cedar Rapids Housing Services","IA024",1304,75,41.97735,-91.669404,"IA",1304,5,"1,000-2,999 units"
"Keokuk Housing Authority","IA030",175,80,40.392212,-91.382408,"IA",356,3,"300-499 units"
"Evansdale Municipal Housing Authority","IA038",129,96,42.474462,-92.282222,"IA",163,2,"100-299 units"
"Centerville Municipal Housing Agency","IA042",101,-5,40.737037,-92.871472,"IA",201,2,"100-299 units"
"Davenport Housing Commission","IA045",857,79,41.523691,-90.57668,"IA",899,4,"500-999 units"
"Fort Madison Housing Authority","IA047",73,66,40.627327,-91.3729,"IA",207,2,"100-299 units"
"Muscatine Municipal Housing Agency","IA049",380,83,41.422377,-91.044834,"IA",530,4,"500-999 units"
"Waterloo Housing Authority","IA050",1091,92,42.499262,-92.333557,"IA",1141,5,"1,000-2,999 units"
"Low Rent Housing Agency of Spirit Lake","IA057",156,97,43.423618,-95.100874,"IA",156,2,"100-299 units"
"Grinnell Low Rent Housing Authority","IA084",170,99,41.743105,-92.729966,"IA",170,2,"100-299 units"
"City of Dubuque","IA087",1117,65,42.498582,-90.66788,"IA",1117,5,"1,000-2,999 units"
"Low Rent Housing Agency of Clinton","IA098",428,100,41.839912,-90.188702,"IA",478,3,"300-499 units"
"Oskaloosa Municipal Housing Agency","IA100",234,73,41.294266,-92.644862,"IA",234,2,"100-299 units"
"Fort Dodge Municipal Housing Agency","IA107",1023,86,42.498444,-94.175041,"IA",1158,5,"1,000-2,999 units"
"Mason City Housing Authority","IA108",498,93,43.151634,-93.199414,"IA",498,3,"300-499 units"
"Cedar Falls Housing Commission","IA113",326,57,42.536446,-92.447937,"IA",326,3,"300-499 units"
"Albia Housing Agency","IA114",99,-5,41.025973,-92.8094,"IA",139,2,"100-299 units"
"Southern Iowa Regional Housing Authority","IA117",1132,89,41.058798,-94.361279,"IA",1257,5,"1,000-2,999 units"
"Low Rent Housing Agency of Knoxville","IA119",263,98,41.317062,-93.096246,"IA",311,3,"300-499 units"
"Warren County Housing Authority","IA120",175,93,41.358945,-93.545403,"IA",175,2,"100-299 units"
"Region XII Regional Housing Authority","IA122",952,66,42.065718,-94.863588,"IA",952,4,"500-999 units"
"Area XV Multi-County Housing Agency","IA124",427,71,40.997778,-92.305037,"IA",511,4,"500-999 units"
"City of Marshalltown Rent Assistance Program","IA125",469,62,42.049775,-92.913193,"IA",469,3,"300-499 units"
"Eastern Iowa Regional Housing Authority","IA126",1082,86,42.49366,-90.776642,"IA",1245,5,"1,000-2,999 units"
"North Iowa Regional Housing Authority","IA127",403,74,43.151078,-93.197709,"IA",524,4,"500-999 units"
"Southeast Iowa Regional Housing Authority","IA128",271,90,40.809237,-91.102742,"IA",271,2,"100-299 units"
"Northwest Iowa Regional Housing Authority","IA129",1008,82,43.157964,-95.147444,"IA",1008,5,"1,000-2,999 units"
"Upper Explorerland Regional Housing Authority","IA130",498,85,43.086491,-91.569127,"IA",498,3,"300-499 units"
"Central Iowa Regional Housing Authority","IA131",1024,90,41.679322,-93.777416,"IA",1156,5,"1,000-2,999 units"
"Iowa Northland Regional Housing Authority","IA132",317,69,42.727321,-92.495302,"IA",317,3,"300-499 units"
"Housing Authority of the City of Pocatello","ID005",742,68,42.871817,-112.448185,"ID",814,4,"500-999 units"
"Boise City Housing Authority","ID013",1406,82,43.595222,-116.243847,"ID",1566,5,"1,000-2,999 units"
"Southwestern Idaho Cooperative Housing Authority","ID016",1031,95,43.706637,-116.617472,"ID",1073,5,"1,000-2,999 units"
"Ada County Housing Authority","ID021",804,86,43.595222,-116.243847,"ID",814,4,"500-999 units"
"Idaho Housing and Finance Association","ID901",3939,80,43.611048,-116.203856,"ID",3939,6,"3,000-4,999 units"
"Chicago Housing Authority","IL002",58820,86,41.877148,-87.625172,"IL",74465,9,"30,000+ units"
"Peoria Housing Authority","IL003",2102,81,40.688757,-89.603672,"IL",2756,5,"1,000-2,999 units"
"Springfield Housing Authority","IL004",2413,79,39.803031,-89.640516,"IL",3182,6,"3,000-4,999 units"
"Housing Authority of Champaign County","IL006",2319,82,40.137979,-88.238757,"IL",2319,5,"1,000-2,999 units"
"The Housing Authority of Henry County","IL009",189,89,41.243708,-89.92807,"IL",638,4,"500-999 units"
"Grtr Metro. Area Hsng Auth of Rock Island County","IL010",357,76,41.514103,-90.446209,"IL",843,4,"500-999 units"
"The Housing Authority Of The City Of Danville, IL","IL011",916,-5,40.141021,-87.592558,"IL",1461,5,"1,000-2,999 units"
"Decatur Housing Authority","IL012",1249,72,39.856645,-88.931136,"IL",1928,5,"1,000-2,999 units"
"Housing Authority for LaSalle County","IL014",558,92,41.356469,-88.834863,"IL",1496,5,"1,000-2,999 units"
"Madison County Housing Authority","IL015",1218,86,38.683917,-90.011102,"IL",1418,5,"1,000-2,999 units"
"Quincy Housing Authority","IL016",349,63,39.913641,-91.407138,"IL",699,4,"500-999 units"
"Housing Authority of the City of Rock Island","IL018",561,76,41.510338,-90.570241,"IL",802,4,"500-999 units"
"Moline Housing Authority","IL020",239,90,41.502686,-90.478925,"IL",725,4,"500-999 units"
"Rockford Housing Authority","IL022",2330,71,42.271789,-89.09944,"IL",4052,6,"3,000-4,999 units"
"Housing Authority of Joliet","IL024",2517,86,41.522592,-88.089114,"IL",3050,6,"3,000-4,999 units"
"Housing Authority Cook County","IL025",13811,91,41.877957,-87.633199,"IL",14139,8,"10,000-29,999 units"
"Housing Authority of the City of Waukegan","IL026",959,68,42.355633,-87.833726,"IL",1236,5,"1,000-2,999 units"
"Menard County Housing Authority","IL028",981,59,40.011305,-89.849822,"IL",981,4,"500-999 units"
"St. Clair County Housing Authority","IL030",2695,84,38.53935,-90.054064,"IL",3639,6,"3,000-4,999 units"
"Whiteside County Housing Authority","IL032",299,62,41.76467,-89.696121,"IL",564,4,"500-999 units"
"Lee County Housing Authority","IL035",42,-5,41.860413,-89.479281,"IL",249,2,"100-299 units"
"Montgomery County Housing Authority","IL037",93,97,39.164279,-89.482528,"IL",234,2,"100-299 units"
"Housing Authority of Christian County, Illinois","IL038",377,66,39.388969,-89.081789,"IL",377,3,"300-499 units"
"Kankakee County Housing Authority","IL039",871,54,41.119913,-87.839698,"IL",1104,5,"1,000-2,999 units"
"Logan County Housing Authority","IL040",62,66,40.160189,-89.374916,"IL",255,2,"100-299 units"
"Housing Authority - County of Saline","IL043",133,60,37.720159,-88.551842,"IL",611,4,"500-999 units"
"Housing Authority of the County of Williamson","IL050",167,55,37.7801,-89.0782,"IL",891,4,"500-999 units"
"Housing Authority of the City of Bloomington, IL","IL051",462,78,40.471618,-88.993212,"IL",1079,5,"1,000-2,999 units"
"Randolph County Housing Authority","IL052",54,72,37.910279,-89.821356,"IL",272,2,"100-299 units"
"Housing Authority of the County of Jackson, IL.","IL053",656,51,37.765924,-89.331588,"IL",1407,5,"1,000-2,999 units"
"Housing Authority of the County of Lake, IL.","IL056",3232,88,42.3566,-88.0178,"IL",3712,6,"3,000-4,999 units"
"Housing Authority of Marion County","IL057",282,96,38.5227,-89.1314,"IL",726,4,"500-999 units"
"Housing Authority of Jefferson County","IL059",99,67,38.311382,-88.969197,"IL",413,3,"300-499 units"
"Housing Authority of the County of Franklin","IL061",65,89,37.896054,-88.925306,"IL",745,4,"500-999 units"
"Housing Authority of the County of Jersey","IL074",199,77,39.131699,-90.322532,"IL",345,3,"300-499 units"
"Housing Authority of the County of McDonough","IL076",125,73,40.455161,-90.675302,"IL",403,3,"300-499 units"
"Morgan County Housing Authority","IL079",184,98,39.733429,-90.235389,"IL",592,4,"500-999 units"
"Housing Authority of the County of JoDaviess","IL082",44,-5,42.418588,-90.427069,"IL",148,2,"100-299 units"
"Winnebago County Housing Authority","IL083",965,78,42.272028,-89.140157,"IL",1192,5,"1,000-2,999 units"
"Fulton County Housing Authority","IL084",264,83,40.553622,-90.035362,"IL",548,4,"500-999 units"
"Knox County Housing Authority","IL085",285,70,40.946231,-90.374476,"IL",709,4,"500-999 units"
"Bureau County Housing Authority","IL086",75,100,41.371117,-89.462782,"IL",326,3,"300-499 units"
"Housing Authority of the County of Shelby, IL.","IL087",116,59,39.40368,-88.792276,"IL",248,2,"100-299 units"
"Housing Authority Of The County of Wayne, Illinois","IL088",73,-5,38.381199,-88.360047,"IL",285,2,"100-299 units"
"Housing Authority Of The County Of DeKalb","IL089",611,90,41.930778,-88.745939,"IL",889,4,"500-999 units"
"Aurora Housing Authority ofthe City of Aurora","IL090",1441,80,41.743886,-88.349694,"IL",1936,5,"1,000-2,999 units"
"Warren County Housing Authority","IL091",104,77,40.921167,-90.646707,"IL",376,3,"300-499 units"
"Housing Authority of Elgin","IL092",1159,89,42.033283,-88.285319,"IL",1159,5,"1,000-2,999 units"
"Ogle County Housing Authority","IL095",145,79,42.014722,-89.329974,"IL",275,2,"100-299 units"
"Housing Authority of the County of Richland","IL096",125,70,38.737048,-88.084199,"IL",200,2,"100-299 units"
"DuPage Housing Authority","IL101",3250,86,41.85909,-88.096145,"IL",3250,6,"3,000-4,999 units"
"Housing Authority of the Village of Oak Park","IL103",531,80,41.886914,-87.776336,"IL",729,4,"500-999 units"
"Woodford County Housing Authority","IL104",244,74,40.72027,-89.267796,"IL",308,3,"300-499 units"
"Housing Authority of the City of North Chicago, IL","IL107",546,56,42.333167,-87.8451,"IL",695,4,"500-999 units"
"McHenry County Housing Authority","IL116",1001,82,42.210115,-88.289194,"IL",1024,5,"1,000-2,999 units"
"Housing Authority of the County of McLean, Ill.","IL117",316,76,40.471618,-88.993212,"IL",316,3,"300-499 units"
"Housing Authority of Edgar County","IL120",79,68,39.605081,-87.6821,"IL",279,2,"100-299 units"
"Housing Authority of the County of Boone","IL122",297,-5,42.273298,-88.863984,"IL",297,2,"100-299 units"
"Housing Authority of Mt. Vernon, Illinois","IL123",68,76,38.317149,-88.898031,"IL",68,1,"1-99 units"
"East Peoria Housing Authority","IL124",300,78,40.663637,-89.577476,"IL",300,3,"300-499 units"
"Housing Authority of the City of Marion, Illinois","IL126",156,99,37.733376,-88.926947,"IL",484,3,"300-499 units"
"Housing Authority of the Town of Cicero","IL130",239,79,41.85819,-87.754501,"IL",239,2,"100-299 units"
"Mercer County Housing Authority","IL131",38,-5,41.206484,-90.752877,"IL",98,1,"1-99 units"
"Housing Authority of Park Forest","IL136",181,61,41.481945,-87.680355,"IL",181,2,"100-299 units"
"Kendall Housing Authority","IL137",198,69,41.658329,-88.464104,"IL",198,2,"100-299 units"
"Vincennes Housing Authority","IN002",376,76,38.680639,-87.52498,"IN",719,4,"500-999 units"
"Fort Wayne Housing Authority","IN003",3381,78,41.017639,-85.126316,"IN",4037,6,"3,000-4,999 units"
"Delaware County Housing Authority","IN004",260,65,40.173641,-85.349394,"IN",422,3,"300-499 units"
"Housing Authority of the City of Muncie","IN005",939,93,40.187771,-85.382481,"IN",1298,5,"1,000-2,999 units"
"Housing Authority of the City of Anderson","IN006",1381,86,40.105177,-85.68641,"IN",1499,5,"1,000-2,999 units"
"Kokomo Housing Authority","IN007",771,121,40.48946,-86.129909,"IN",946,4,"500-999 units"
"Housing Authority of the City of Richmond","IN009",277,96,39.828043,-84.881941,"IN",580,4,"500-999 units"
"Housing Authority of the City of Hammond","IN010",898,71,41.580978,-87.495249,"IN",1168,5,"1,000-2,999 units"
"Housing Authority of the City of Gary Indiana","IN011",2474,81,41.600641,-87.337359,"IN",3905,6,"3,000-4,999 units"
"Housing Authority of the City of New Albany","IN012",740,89,38.299205,-85.827694,"IN",1526,5,"1,000-2,999 units"
"Housing Authority of South Bend","IN015",2196,93,41.670748,-86.259195,"IN",3006,6,"3,000-4,999 units"
"Housing Authority of the City of Evansville","IN016",2838,79,37.970754,-87.561015,"IN",2838,5,"1,000-2,999 units"
"Indianapolis Housing Agency","IN017",9019,80,39.792675,-86.157071,"IN",9580,7,"5,000-9,999 units"
"Housing Authority of the City of Tell City","IN018",70,74,37.965818,-86.766883,"IN",269,2,"100-299 units"
"Housing Authority of the City of Michigan City","IN019",377,74,41.717143,-86.895087,"IN",563,4,"500-999 units"
"Housing Authority of the City of Mishawaka","IN020",350,92,41.6623,-86.1842,"IN",649,4,"500-999 units"
"Housing Authority of the City of Terre Haute","IN021",924,87,39.489354,-87.388289,"IN",1784,5,"1,000-2,999 units"
"Housing Authority of the City of Bloomington","IN022",1651,95,39.175482,-86.548302,"IN",1651,5,"1,000-2,999 units"
"Housing Authority of the City of Jeffersonville","IN023",437,82,38.290958,-85.751629,"IN",806,4,"500-999 units"
"Housing Authority of the City of Charlestown","IN025",73,66,38.438887,-85.666296,"IN",323,3,"300-499 units"
"Housing Authority of the City of Elkhart","IN026",740,91,41.674947,-85.970075,"IN",1406,5,"1,000-2,999 units"
"Housing Authority of the City of East Chicago","IN029",1152,71,41.632396,-87.476368,"IN",1612,5,"1,000-2,999 units"
"Housing Authority City of Bedford","IN031",172,94,38.864367,-86.485899,"IN",337,3,"300-499 units"
"Bloomfield Housing Authority","IN032",53,-5,38.9728,-87.0405,"IN",145,2,"100-299 units"
"Brazil Housing Authority","IN035",118,66,39.521426,-87.129904,"IN",406,3,"300-499 units"
"Mount Vernon Housing Authority","IN037",207,85,37.94404,-87.899767,"IN",290,2,"100-299 units"
"Housing Authority of the City of Marion, IN","IN041",476,65,40.55603,-85.658343,"IN",695,4,"500-999 units"
"Housing Authority of the City of Crawfordsvil","IN047",501,69,40.041884,-86.899549,"IN",501,4,"500-999 units"
"Rockville Housing Authority","IN048",136,83,39.76119,-87.227744,"IN",136,2,"100-299 units"
"New Castle Housing Authority","IN050",310,98,39.929155,-85.369079,"IN",466,3,"300-499 units"
"Linton Housing Authority","IN055",223,76,39.040326,-87.184986,"IN",273,2,"100-299 units"
"Seymour Housing Authority","IN056",162,105,38.9588,-85.8923,"IN",162,2,"100-299 units"
"Columbus Housing Authority","IN058",679,71,39.206758,-85.889629,"IN",836,4,"500-999 units"
"Housing Authority of the City of Warsaw","IN060",517,75,41.409956,-85.846188,"IN",517,4,"500-999 units"
"Housing Authority of the City of Decatur","IN062",181,80,41.017639,-85.126316,"IN",181,2,"100-299 units"
"Knox County Housing Authority","IN067",338,62,38.76895,-87.317742,"IN",412,3,"300-499 units"
"Housing Authority of the City of Lafayette","IN071",1402,87,40.431952,-86.869065,"IN",1402,5,"1,000-2,999 units"
"Housing Authority of the City of Greensburg","IN078",118,81,39.337845,-85.487526,"IN",118,2,"100-299 units"
"Housing Authority of the City of Elwood","IN079",304,92,40.275866,-85.839639,"IN",304,3,"300-499 units"
"Noblesville Housing Authority","IN080",203,94,40.047735,-85.999154,"IN",203,2,"100-299 units"
"Housing Authority of the City of Union City","IN086",164,84,40.199757,-84.809255,"IN",164,2,"100-299 units"
"Housing Authority of the City of Peru","IN091",216,66,40.762046,-86.046819,"IN",319,3,"300-499 units"
"Housing Authority of the City of Logansport","IN092",307,88,40.769743,-86.347367,"IN",307,3,"300-499 units"
"Housing Authority of the City of Greencastle","IN094",188,61,39.644926,-86.861514,"IN",188,2,"100-299 units"
"St. Joseph County Housing Authority","IN100",228,79,41.534823,-86.427053,"IN",228,2,"100-299 units"
"Indiana Housing and Community Development Au","IN901",6449,84,39.766079,-86.158343,"IN",6449,7,"5,000-9,999 units"
"Kansas City, KS Housing Authority","KS001",1655,71,39.117112,-94.6326,"KS",3741,6,"3,000-4,999 units"
"Topeka Housing Authority","KS002",1360,62,39.032076,-95.650896,"KS",2094,5,"1,000-2,999 units"
"Wichita Housing Authority","KS004",3218,86,37.692631,-97.338433,"KS",3570,6,"3,000-4,999 units"
"Dodge City Housing Authority","KS006",138,-5,37.782416,-100.021344,"KS",453,3,"300-499 units"
"Atchison Housing Authority","KS017",137,82,39.561404,-95.122043,"KS",326,3,"300-499 units"
"Salina Housing Authority","KS038",553,59,38.831898,-97.607774,"KS",715,4,"500-999 units"
"Great Bend Housing Authority","KS041",116,102,38.362276,-98.763931,"KS",116,2,"100-299 units"
"Olathe Housing Authority","KS043",509,90,38.883676,-94.820734,"KS",639,4,"500-999 units"
"Lawrence/Douglas County Housing Authority","KS053",859,85,38.954746,-95.223311,"KS",1222,5,"1,000-2,999 units"
"Chanute Housing Authority","KS062",25,80,37.673004,-95.452266,"KS",161,2,"100-299 units"
"Manhattan Housing Authority","KS063",283,72,39.181496,-96.56317,"KS",513,4,"500-999 units"
"Leavenworth Housing Authority","KS068",474,74,39.319592,-94.910907,"KS",579,4,"500-999 units"
"Newton Housing Authority","KS073",106,75,38.053291,-97.345253,"KS",242,2,"100-299 units"
"Hays Housing Authority","KS091",82,88,38.873776,-99.307457,"KS",112,2,"100-299 units"
"Pittsburg Housing Authority","KS149",434,65,37.409371,-94.704598,"KS",434,3,"300-499 units"
"LYON COUNTY/ECKAN HOUSING AUTHORITY","KS159",506,-5,38.59654,-95.277244,"KS",506,4,"500-999 units"
"Crawford County","KS161",488,55,37.515312,-94.833795,"KS",488,3,"300-499 units"
"Johnson County Housing Authority","KS162",1447,91,38.97082,-94.730156,"KS",1447,5,"1,000-2,999 units"
"Ford County Housing Authority","KS165",401,89,37.7617,-100.0199,"KS",401,3,"300-499 units"
"South Central KS Area Agency On Aging (Cowley Co.)","KS166",656,59,37.059831,-97.038795,"KS",656,4,"500-999 units"
"North Central Flint Hills Area Agency on Aging","KS167",413,71,39.178122,-96.561819,"KS",413,3,"300-499 units"
"NEK-CAP, Inc.","KS168",181,80,39.826807,-95.567172,"KS",181,2,"100-299 units"
"Ellis County Housing Authority","KS170",204,64,39.366908,-99.84212,"KS",204,2,"100-299 units"
"Louisville Metro Housing Authority","KY001",11949,93,38.252486,-85.764227,"KY",15818,8,"10,000-29,999 units"
"Housing Authority of Frankfort","KY003",484,99,38.210296,-84.870108,"KY",723,4,"500-999 units"
"Housing Authority of Lexington","KY004",3427,93,38.070204,-84.47624,"KY",4341,6,"3,000-4,999 units"
"Housing Authority of Madisonville","KY007",258,55,37.332741,-87.506718,"KY",444,3,"300-499 units"
"Housing Authority of Somerset","KY008",322,75,37.085162,-84.628804,"KY",537,4,"500-999 units"
"Housing Authority of Owensboro","KY009",294,95,37.759922,-87.084075,"KY",298,2,"100-299 units"
"Housing Authority of Hopkinsville","KY011",720,137,36.874064,-87.488292,"KY",720,4,"500-999 units"
"Housing Authority of Henderson","KY012",743,67,37.834525,-87.589001,"KY",1173,5,"1,000-2,999 units"
"Housing Authority of Newport","KY015",614,70,39.08893,-84.49201,"KY",973,4,"500-999 units"
"Housing Authority of Maysville","KY017",111,70,38.636325,-83.740925,"KY",371,3,"300-499 units"
"Housing Authority of Cynthiana","KY021",203,85,38.386571,-84.309158,"KY",467,3,"300-499 units"
"Housing Authority of Lebanon","KY022",75,88,37.565332,-85.262116,"KY",285,2,"100-299 units"
"Housing Authority of Glasgow","KY026",343,96,36.989248,-85.91474,"KY",708,4,"500-999 units"
"Housing Authority of Paintsville","KY027",91,66,37.805811,-82.809646,"KY",364,3,"300-499 units"
"Housing Authority of Prestonsburg","KY035",144,57,37.685508,-82.777432,"KY",304,3,"300-499 units"
"Housing Authority of Mayfield","KY040",307,-5,36.749327,-88.633051,"KY",529,4,"500-999 units"
"Campbellsville Housing and Redevelopment Authority","KY047",278,82,37.351843,-85.337928,"KY",578,4,"500-999 units"
"Housing Authority of Springfield","KY056",69,80,37.683754,-85.209769,"KY",164,2,"100-299 units"
"Housing Authority of Georgetown","KY061",413,81,38.194704,-84.552757,"KY",738,4,"500-999 units"
"Housing Authority of Bardstown","KY071",173,-5,37.812814,-85.474887,"KY",360,3,"300-499 units"
"HA of Lawrence County","KY086",130,78,38.094165,-82.600961,"KY",218,2,"100-299 units"
"Housing Authority of Pikeville","KY107",370,86,37.480557,-82.519206,"KY",706,4,"500-999 units"
"Pike County Housing Authority","KY121",620,77,37.482532,-82.515275,"KY",620,4,"500-999 units"
"City of Richmond Section 8 Housing Program","KY132",742,97,37.748149,-84.295041,"KY",742,4,"500-999 units"
"Covington CDA","KY133",1265,82,39.064028,-84.504915,"KY",1265,5,"1,000-2,999 units"
"Boone County Fiscal Court","KY135",1003,86,39.027906,-84.722894,"KY",1003,5,"1,000-2,999 units"
"Campbell County Department of Housing","KY136",778,80,39.08616,-84.487786,"KY",778,4,"500-999 units"
"City of Paducah Section 8 Housing Program","KY137",628,60,37.070096,-88.620223,"KY",628,4,"500-999 units"
"Danville Community Development Agency","KY138",301,95,37.645489,-84.769554,"KY",301,3,"300-499 units"
"Paris-Bourbon County Community Dev. Agency","KY140",472,81,38.211872,-84.251694,"KY",472,3,"300-499 units"
"Pineville/Bell County Community Dev Agency","KY141",405,92,36.760988,-83.695581,"KY",405,3,"300-499 units"
"Ashland Planning and CDA","KY142",636,81,38.478871,-82.637767,"KY",636,4,"500-999 units"
"Housing Authority of Floyd County","KY157",326,59,37.549896,-82.773946,"KY",496,3,"300-499 units"
"Cumberland Valley Regional Housing Authority","KY160",1578,92,36.866886,-83.888462,"KY",1578,5,"1,000-2,999 units"
"Appalachian Foothills Housing Agency Inc","KY161",790,96,38.55075,-82.761123,"KY",790,4,"500-999 units"
"Lake Cumberland Housing Agency Inc","KY163",520,74,36.9253,-85.0576,"KY",520,4,"500-999 units"
"Laurel County Section 8 Housing","KY169",335,90,37.122445,-84.078206,"KY",335,3,"300-499 units"
"City of Bowling Green Housing Division","KY171",737,89,36.9917,-86.4433,"KY",737,4,"500-999 units"
"Kentucky Housing Corporation-State Agency","KY901",6215,73,38.177964,-84.89565,"KY",6223,7,"5,000-9,999 units"
"Housing Authority of New Orleans","LA001",18266,97,30.000161,-90.062002,"LA",20482,8,"10,000-29,999 units"
"HOUSING AUTHORITY OF SHREVEPORT","LA002",4006,60,32.48765,-93.746242,"LA",4116,6,"3,000-4,999 units"
"Housing Authority of East Baton Rouge","LA003",4459,83,30.44879,-91.141188,"LA",5309,7,"5,000-9,999 units"
"HOUSING AUTHORITY OF LAKE CHARLES","LA004",2306,-5,30.228721,-93.216011,"LA",2839,5,"1,000-2,999 units"
"Housing Authority of the City of Lafayette","LA005",2161,75,30.222282,-91.993741,"LA",2627,5,"1,000-2,999 units"
"Housing Authority of Monroe","LA006",1561,96,32.501664,-92.116143,"LA",3079,6,"3,000-4,999 units"
"Ascension Parish Section 8 Program","LA009",105,93,30.105235,-90.990362,"LA",105,2,"100-299 units"
"Housing Authority of the City of Kenner","LA012",1332,58,30.010986,-90.255284,"LA",1468,5,"1,000-2,999 units"
"Housing Authority of the City of Alexandria","LA023",1652,67,31.316945,-92.479574,"LA",1652,5,"1,000-2,999 units"
"Bogalusa Housing Authority","LA024",428,93,30.794225,-89.877393,"LA",428,3,"300-499 units"
"Housing Authority of Crowley","LA029",407,91,30.212048,-92.393387,"LA",706,4,"500-999 units"
"Housing Authority of the Town of Mamou","LA031",23,78,30.629171,-92.414928,"LA",143,2,"100-299 units"
"Housing Authority of the Town of Church Point","LA032",88,91,30.39977,-92.206302,"LA",211,2,"100-299 units"
"Housing Authority of Oakdale","LA033",120,76,30.8504,-92.6368,"LA",276,2,"100-299 units"
"Housing Authority of the City of Morgan City","LA036",141,-5,29.715491,-91.195797,"LA",434,3,"300-499 units"
"Housing Authority of the City of Minden","LA037",137,58,32.596108,-93.284747,"LA",384,3,"300-499 units"
"Housing Authority of the Town of Vinton","LA046",50,70,30.19068,-93.571992,"LA",118,2,"100-299 units"
"Pineville Housing Authority","LA057",172,78,31.333342,-92.407815,"LA",293,2,"100-299 units"
"Housing Authority of the City of Sulphur","LA063",115,61,30.239856,-93.366118,"LA",392,3,"300-499 units"
"Housing Authority of the Parish of St. Landry","LA067",727,67,30.618417,-92.062069,"LA",872,4,"500-999 units"
"Housing Authority of Sabine Parish","LA074",112,74,31.561346,-93.47098,"LA",374,3,"300-499 units"
"Housing Authority of the City of DeRidder","LA086",42,62,30.853859,-93.287445,"LA",164,2,"100-299 units"
"Housing Authority of St. Charles Parish","LA094",377,53,29.910173,-90.387166,"LA",506,4,"500-999 units"
"Housing Authority of the Town of Grambling","LA097",154,-5,32.533745,-92.704157,"LA",249,2,"100-299 units"
"Housing Authority of the City of Denham Springs","LA101",191,55,30.478263,-90.954415,"LA",243,2,"100-299 units"
"Housing Authority of City of Slidell","LA103",618,67,30.2628,-89.7696,"LA",743,4,"500-999 units"
"Housing Authority of Hammond","LA104",339,94,30.500066,-90.464275,"LA",339,3,"300-499 units"
"Housing Authority of the Town of Delhi","LA114",43,60,32.454321,-91.497349,"LA",43,1,"1-99 units"
"Housing Authority of the City of Natchitoches","LA115",450,70,31.757178,-93.077232,"LA",848,4,"500-999 units"
"Housing Authority of Grant Parish","LA120",117,-5,31.772005,-92.383615,"LA",145,2,"100-299 units"
"HOUSING AUTHORITY OF THE TOWN OF COLFAX","LA122",53,-5,31.522599,-92.699855,"LA",143,2,"100-299 units"
"Housing Authority of the Parish of Caldwell","LA125",157,71,32.076651,-92.093254,"LA",273,2,"100-299 units"
"Housing Authority of Vernon Parish","LA128",70,90,31.028572,-93.246435,"LA",136,2,"100-299 units"
"Housing Authority of Rapides Parish","LA129",386,97,31.38296,-92.673252,"LA",561,4,"500-999 units"
"Avoyelles Parish Police Jury","LA132",143,83,31.127146,-92.066068,"LA",143,2,"100-299 units"
"Concordia Parish Police Jury HA","LA159",57,54,31.575334,-91.465016,"LA",57,1,"1-99 units"
"Red River Parish Police Jury","LA163",48,92,32.014756,-93.340737,"LA",48,1,"1-99 units"
"City of New Iberia","LA165",326,74,30.002945,-91.813666,"LA",326,3,"300-499 units"
"Housing Authority of Natchitoches Parish","LA166",338,70,31.760725,-93.090267,"LA",430,3,"300-499 units"
"Housing Authority of Newellton","LA169",260,61,32.069556,-91.310902,"LA",260,2,"100-299 units"
"Ouachita Parish Police Jury","LA171",557,89,32.523882,-92.104457,"LA",557,4,"500-999 units"
"Calcasieu Parish Human Services Department","LA172",576,-5,30.249756,-93.193158,"LA",576,4,"500-999 units"
"St. Martinville City","LA173",53,92,30.122611,-91.827582,"LA",53,1,"1-99 units"
"Rayne City","LA174",96,98,30.236054,-92.266828,"LA",96,1,"1-99 units"
"ST. MARTIN PARISH POLICE JURY","LA178",346,71,30.122772,-91.826192,"LA",346,3,"300-499 units"
"St. John the Baptist Parish Housing Authority","LA181",417,53,30.064556,-90.501385,"LA",417,3,"300-499 units"
"Evangeline Parish Police Jury","LA182",124,90,30.694209,-92.28369,"LA",124,2,"100-299 units"
"Caddo Parish Commission","LA184",145,64,32.48765,-93.746242,"LA",145,2,"100-299 units"
"West Monroe Housing Authority","LA186",467,68,32.500627,-92.12601,"LA",467,3,"300-499 units"
"St. Bernard Parish Government","LA187",544,85,29.95461,-89.981211,"LA",544,4,"500-999 units"
"Jefferson Davis Parish Section 8","LA188",132,97,30.221747,-92.656442,"LA",132,2,"100-299 units"
"Iberia Parish Government","LA189",233,70,30.004089,-91.821093,"LA",233,2,"100-299 units"
"Bossier Parish Section 8 Housing Authority","LA190",968,92,32.522017,-93.693109,"LA",968,4,"500-999 units"
"Ville Platte City","LA192",147,82,30.690478,-92.279652,"LA",147,2,"100-299 units"
"Thibodaux City","LA194",304,71,29.795909,-90.822631,"LA",304,3,"300-499 units"
"East Carroll Parish Police Jury","LA195",146,80,32.804047,-91.172674,"LA",146,2,"100-299 units"
"Union Parish Police Jury","LA196",157,73,32.773478,-92.4027,"LA",157,2,"100-299 units"
"City of Port Allen","LA199",142,64,30.4588,-91.20562,"LA",142,2,"100-299 units"
"City of Donaldsonville","LA202",102,64,30.101659,-90.990517,"LA",102,2,"100-299 units"
"West Baton Rouge Parish Council","LA204",80,63,30.460448,-91.210627,"LA",80,1,"1-99 units"
"New Roads City","LA205",51,-4,30.692989,-91.435021,"LA",51,1,"1-99 units"
"Kentwood","LA206",72,81,30.937007,-90.509121,"LA",72,1,"1-99 units"
"Tangipahoa Parish Council","LA207",624,73,30.727448,-90.505446,"LA",624,4,"500-999 units"
"Terrebonne Ph.Consolid.Govt.,Federal Programs Division","LA211",795,-5,29.603077,-90.763874,"LA",795,4,"500-999 units"
"Lincoln Parish Police Jury","LA212",139,80,32.532567,-92.627877,"LA",139,2,"100-299 units"
"Webster Parish Police Jury","LA213",177,77,32.616353,-93.284051,"LA",177,2,"100-299 units"
"Iberville Parish Government","LA214",42,60,30.287088,-91.23603,"LA",42,1,"1-99 units"
"Assumption Parish Police Jury","LA215",111,69,29.940251,-91.022969,"LA",111,2,"100-299 units"
"St. Mary Parish Council","LA220",204,63,29.8071,-91.5241,"LA",204,2,"100-299 units"
"Catahoula Parish Police Jury","LA222",69,-5,31.772074,-91.820165,"LA",69,1,"1-99 units"
"Franklin Parish Police Jury","LA229",16,50,32.164519,-91.705433,"LA",16,1,"1-99 units"
"DeSoto Parish Police Jury","LA230",216,79,32.037436,-93.707502,"LA",216,2,"100-299 units"
"Ruston City","LA232",294,60,32.532006,-92.639285,"LA",294,2,"100-299 units"
"West Carroll Parish Police Jury Housing Assistance","LA233",73,86,32.861099,-91.388116,"LA",73,1,"1-99 units"
"Housing Authority of City of Covington","LA238",164,64,30.490046,-90.097753,"LA",213,2,"100-299 units"
"Bienville Parish Police Jury","LA241",84,74,32.532567,-92.627877,"LA",84,1,"1-99 units"
"Tallulah City","LA242",63,54,32.408464,-91.186468,"LA",63,1,"1-99 units"
"Claiborne Parish Section 8","LA246",88,81,32.532567,-92.627877,"LA",88,1,"1-99 units"
"Town of Kinder","LA247",175,-5,30.485527,-92.852011,"LA",175,2,"100-299 units"
"Jackson Parish Police Jury","LA248",22,55,32.238522,-92.717713,"LA",22,1,"1-99 units"
"Lafourche Parish Housing Authority","LA253",275,65,29.7059,-90.5836,"LA",275,2,"100-299 units"
"Winn Parish Police Jury","LA257",95,136,31.926552,-92.63883,"LA",95,1,"1-99 units"
"Morehouse Parish Police Jury","LA258",187,74,32.779536,-91.90405,"LA",187,2,"100-299 units"
"Town of White Castle","LA266",14,-4,30.16918,-91.146784,"LA",14,1,"1-99 units"
"Parish of Jefferson","LA270",4854,81,29.91627,-90.06742,"LA",4854,6,"3,000-4,999 units"
"Community Support Programs, Inc.","LA888",58,-5,32.482986,-93.706728,"LA",58,1,"1-99 units"
"Pilgrim Rest Community Development Agency","LA889",169,-5,29.875648,-90.04655,"LA",169,2,"100-299 units"
"Louisiana Housing Authority","LA903",1774,74,30.402547,-91.126925,"LA",1774,5,"1,000-2,999 units"
"Lowell Housing Authority","MA001",1396,88,42.648531,-71.318321,"MA",3009,6,"3,000-4,999 units"
"Boston Housing Authority","MA002",16156,95,42.353694,-71.059922,"MA",25743,8,"10,000-29,999 units"
"Cambridge Housing Authority","MA003",7536,91,42.365341,-71.105521,"MA",7679,7,"5,000-9,999 units"
"Holyoke Housing Authority","MA005",1864,84,42.199523,-72.616502,"MA",2710,5,"1,000-2,999 units"
"Fall River Housing Authority","MA006",2477,81,41.696563,-71.158717,"MA",4506,6,"3,000-4,999 units"
"New Bedford Housing Authority","MA007",1932,94,41.634185,-70.924589,"MA",3675,6,"3,000-4,999 units"
"Chicopee Housing Authority","MA008",574,93,42.167734,-72.618566,"MA",957,4,"500-999 units"
"Lawrence Housing Authority","MA010",1031,93,42.711356,-71.1677,"MA",2121,5,"1,000-2,999 units"
"Worcester Housing Authority","MA012",3692,96,42.292069,-71.760555,"MA",6169,7,"5,000-9,999 units"
"Waltham Housing Authority","MA013",455,93,42.379346,-71.24117,"MA",720,4,"500-999 units"
"Revere Housing Authority","MA014",480,95,42.414917,-71.012754,"MA",674,4,"500-999 units"
"Medford Housing Authority","MA015",994,92,42.416561,-71.105142,"MA",1691,5,"1,000-2,999 units"
"Chelsea Housing Authority","MA016",574,88,42.403906,-71.027077,"MA",926,4,"500-999 units"
"Taunton Housing Authority","MA017",1135,88,41.900235,-71.10263,"MA",1647,5,"1,000-2,999 units"
"Attleboro Housing Authority","MA018",200,93,41.933811,-71.311417,"MA",200,2,"100-299 units"
"Woburn Housing Authority","MA019",292,95,42.481512,-71.146579,"MA",392,3,"300-499 units"
"Quincy Housing Authority","MA020",1759,71,42.265897,-71.015959,"MA",2409,5,"1,000-2,999 units"
"Malden Housing Authority","MA022",983,91,42.433241,-71.047434,"MA",2169,5,"1,000-2,999 units"
"Lynn Housing Authority","MA023",1474,95,42.461835,-70.953121,"MA",2053,5,"1,000-2,999 units"
"Brockton Housing Authority","MA024",1941,91,42.082519,-71.023882,"MA",3563,6,"3,000-4,999 units"
"Gloucester Housing Authority","MA025",638,95,42.623552,-70.676856,"MA",779,4,"500-999 units"
"Northampton Housing Authority","MA026",882,81,42.315552,-72.631579,"MA",1016,5,"1,000-2,999 units"
"Everett Housing Authority","MA027",370,94,42.416744,-71.048906,"MA",370,3,"300-499 units"
"Framingham Housing Authority","MA028",1052,85,42.291254,-71.41191,"MA",1287,5,"1,000-2,999 units"
"Pittsfield Housing Authority","MA029",585,82,42.451714,-73.255709,"MA",748,4,"500-999 units"
"Somerville Housing Authority","MA031",1317,91,42.396281,-71.092848,"MA",1913,5,"1,000-2,999 units"
"Newburyport Housing Authority","MA032",106,84,42.808577,-70.869283,"MA",156,2,"100-299 units"
"Brookline Housing Authority","MA033",1353,81,42.340981,-71.116407,"MA",1651,5,"1,000-2,999 units"
"North Adams Housing Authority","MA034",389,93,42.695275,-73.109538,"MA",693,4,"500-999 units"
"Springfield Housing Authority","MA035",3408,78,42.107733,-72.596342,"MA",5168,7,"5,000-9,999 units"
"Newton Housing Authority","MA036",446,98,42.321075,-71.209472,"MA",744,4,"500-999 units"
"Fitchburg Housing Authority","MA037",224,94,42.583041,-71.795559,"MA",276,2,"100-299 units"
"Winchendon Housing Authority","MA039",44,89,42.690291,-72.046686,"MA",175,2,"100-299 units"
"Dedham Housing Authority","MA040",559,86,42.248637,-71.150249,"MA",559,4,"500-999 units"
"Shrewsbury Housing Authority","MA041",177,98,42.276825,-71.752506,"MA",276,2,"100-299 units"
"Belmont Housing Authority","MA042",50,92,42.392722,-71.181219,"MA",50,1,"1-99 units"
"Dracut Housing Authority","MA043",71,87,42.675003,-71.35175,"MA",115,2,"100-299 units"
"Beverly Housing Authority","MA044",425,94,42.551879,-70.901966,"MA",593,4,"500-999 units"
"Weymouth Housing Authority","MA045",229,93,42.220424,-70.949219,"MA",299,2,"100-299 units"
"Barnstable Housing Authority","MA046",539,52,41.651913,-70.280568,"MA",617,4,"500-999 units"
"Falmouth Housing Authority","MA047",499,70,41.550721,-70.603457,"MA",721,4,"500-999 units"
"Arlington Housing Authority","MA048",427,96,42.416406,-71.152549,"MA",427,3,"300-499 units"
"Westfield Housing Authority","MA050",517,75,42.115152,-72.744426,"MA",528,4,"500-999 units"
"Adams Housing Authority","MA051",98,67,42.624771,-73.11956,"MA",98,1,"1-99 units"
"Braintree Housing Authority","MA053",489,94,42.169659,-71.009205,"MA",489,3,"300-499 units"
"Peabody Housing Authority","MA054",341,74,42.531526,-70.927342,"MA",341,3,"300-499 units"
"Salem Housing Authority","MA055",1344,94,42.521065,-70.891038,"MA",1383,5,"1,000-2,999 units"
"Ipswich Housing Authority","MA056",58,95,42.670996,-70.837036,"MA",58,1,"1-99 units"
"Acton Housing Authority","MA057",159,96,42.472434,-71.473301,"MA",159,2,"100-299 units"
"Plymouth Housing Authority","MA059",640,82,41.961366,-70.672583,"MA",752,4,"500-999 units"
"Middleborough Housing Authority","MA060",157,92,41.890721,-70.907219,"MA",157,2,"100-299 units"
"Wilmington Housing Authority","MA061",11,-4,42.542237,-71.180051,"MA",11,1,"1-99 units"
"Melrose Housing Authority","MA063",301,97,42.465791,-71.06181,"MA",301,3,"300-499 units"
"Needham Housing Authority","MA065",123,94,42.306392,-71.218404,"MA",259,2,"100-299 units"
"Williamstown Housing Authority","MA066",100,72,42.701915,-73.186186,"MA",100,2,"100-299 units"
"Lexington Housing Authority","MA067",71,94,42.448761,-71.200834,"MA",148,2,"100-299 units"
"Milford Housing Authority","MA069",561,90,42.151044,-71.520297,"MA",632,4,"500-999 units"
"Marlborough C.D.A. - Housing Division","MA070",138,95,42.346754,-71.551939,"MA",138,2,"100-299 units"
"Holbrook Housing Authority","MA072",85,93,42.125768,-71.008062,"MA",85,1,"1-99 units"
"Rockport Housing Authority","MA073",157,91,42.654193,-70.625461,"MA",157,2,"100-299 units"
"Wakefield Housing Authority","MA074",378,97,42.504678,-71.069011,"MA",418,3,"300-499 units"
"Reading Housing Authority","MA075",128,90,42.524754,-71.115401,"MA",128,2,"100-299 units"
"Southbridge Housing Authority","MA076",128,95,42.078654,-72.027792,"MA",128,2,"100-299 units"
"Billerica Housing Authority","MA077",68,93,42.559477,-71.272071,"MA",68,1,"1-99 units"
"West Springfield Housing Authority","MA078",255,96,42.107492,-72.653936,"MA",255,2,"100-299 units"
"Abington Housing Authority","MA079",89,90,42.123031,-70.950318,"MA",89,1,"1-99 units"
"Stockbridge Housing Authority","MA080",54,91,42.286223,-73.308496,"MA",54,1,"1-99 units"
"Methuen Housing Authority","MA081",569,97,42.724952,-71.223648,"MA",611,4,"500-999 units"
"Holden Housing Authority","MA082",62,89,42.350609,-71.853727,"MA",62,1,"1-99 units"
"Andover Housing Authority","MA084",131,95,42.655101,-71.129682,"MA",131,2,"100-299 units"
"Amherst Housing Authority","MA085",431,82,42.377585,-72.517794,"MA",446,3,"300-499 units"
"Leominster Housing Authority","MA086",404,92,42.529041,-71.758004,"MA",404,3,"300-499 units"
"Haverhill Housing Authority","MA087",467,92,42.773872,-71.082657,"MA",467,3,"300-499 units"
"Ware Housing Authority","MA088",103,-5,42.256167,-72.245219,"MA",103,2,"100-299 units"
"North Reading Housing Authority","MA089",25,88,42.575779,-71.080903,"MA",25,1,"1-99 units"
"Hudson Housing Authority","MA091",72,90,42.384438,-71.572137,"MA",164,2,"100-299 units"
"Natick Housing Authority","MA092",105,95,42.280478,-71.34707,"MA",105,2,"100-299 units"
"Watertown Housing Authority","MA093",210,97,42.371749,-71.190628,"MA",210,2,"100-299 units"
"Franklin County Regional Housing Authority","MA094",597,96,42.589268,-72.529335,"MA",597,4,"500-999 units"
"Yarmouth Housing Authority","MA095",322,76,41.666164,-70.207275,"MA",322,3,"300-499 units"
"Greenfield Housing Authority","MA096",541,83,42.595601,-72.61065,"MA",541,4,"500-999 units"
"Concord Housing Authority","MA098",107,93,42.456838,-71.347696,"MA",107,2,"100-299 units"
"Saugus Housing Authority","MA099",154,96,42.462461,-71.01677,"MA",254,2,"100-299 units"
"Athol Housing Authority","MA100",61,89,42.590282,-72.24003,"MA",61,1,"1-99 units"
"Wayland Housing Authority","MA101",81,98,42.320211,-71.36475,"MA",217,2,"100-299 units"
"Warren Housing Authority","MA105",69,83,42.2144,-72.1733,"MA",69,1,"1-99 units"
"Oxford Housing Authority","MA106",153,82,42.113279,-71.867715,"MA",153,2,"100-299 units"
"North Andover Housing Authority","MA107",137,92,42.692268,-71.135825,"MA",242,2,"100-299 units"
"Chelmsford Housing Authority","MA108",805,74,42.598598,-71.348332,"MA",805,4,"500-999 units"
"Norwood Housing Authority","MA109",345,94,42.197566,-71.20505,"MA",441,3,"300-499 units"
"Bourne Housing Authority","MA110",79,92,41.691266,-70.619037,"MA",135,2,"100-299 units"
"Pembroke Housing Authority","MA111",86,95,42.0503,-70.7978,"MA",135,2,"100-299 units"
"Burlington Housing Authority","MA112",96,96,42.500279,-71.1909,"MA",96,1,"1-99 units"
"Amesbury Housing Authority","MA116",111,94,42.853571,-70.932196,"MA",111,2,"100-299 units"
"Stoughton Housing Authority","MA117",51,92,42.12497,-71.100104,"MA",91,1,"1-99 units"
"Danvers Housing Authority","MA118",149,90,42.562714,-70.956909,"MA",225,2,"100-299 units"
"Hingham Housing Authority","MA119",28,89,42.243089,-70.898694,"MA",28,1,"1-99 units"
"Halifax Housing Authority","MA121",17,82,41.992043,-70.842918,"MA",17,1,"1-99 units"
"Easton Housing Authority","MA122",104,90,42.0546,-71.1043,"MA",104,2,"100-299 units"
"Webster Housing Authority","MA123",47,72,42.063039,-71.875414,"MA",108,2,"100-299 units"
"Winchester Housing Authority","MA125",147,97,42.456978,-71.131814,"MA",147,2,"100-299 units"
"Gardner Housing Authority","MA127",108,91,42.573929,-72.003785,"MA",108,2,"100-299 units"
"Rockland Housing Authority","MA133",157,94,42.118884,-70.913373,"MA",197,2,"100-299 units"
"Mansfield Housing Authority","MA134",120,52,42.035313,-71.207188,"MA",120,2,"100-299 units"
"Wellesley Housing Authority","MA135",14,79,42.318986,-71.244755,"MA",14,1,"1-99 units"
"Dennis Housing Authority","MA138",101,96,41.674419,-70.144619,"MA",101,2,"100-299 units"
"Tewksbury Housing Authority","MA139",113,91,42.5846,-71.216,"MA",163,2,"100-299 units"
"Walpole Housing Authority","MA140",98,93,42.145175,-71.244902,"MA",98,1,"1-99 units"
"Milton Housing Authority","MA147",207,69,42.24922,-71.055257,"MA",207,2,"100-299 units"
"Millis Housing Authority","MA154",24,83,42.178808,-71.36165,"MA",24,1,"1-99 units"
"Hanson Housing Authority","MA155",28,71,42.0558,-70.8823,"MA",34,1,"1-99 units"
"Holliston Housing Authority","MA165",52,83,42.209124,-71.427055,"MA",52,1,"1-99 units"
"North Attleborough Housing Authority","MA170",108,89,41.98158,-71.332469,"MA",108,2,"100-299 units"
"Dartmouth Housing Authority","MA172",201,93,41.642739,-70.981256,"MA",201,2,"100-299 units"
"Salisbury Housing Authority","MA174",61,89,42.84084,-70.856625,"MA",61,1,"1-99 units"
"Sandwich Housing Authority","MA181",182,-5,41.707575,-70.489896,"MA",182,2,"100-299 units"
"The Bridge of Central Massachusetts","MA188",133,84,42.26216,-71.827199,"MA",133,2,"100-299 units"
"Bridgewell","MA880",187,-5,42.523627,-70.989774,"MA",187,2,"100-299 units"
"Middlesex North Resources Center, Inc.","MA881",85,-5,42.523627,-70.989774,"MA",85,1,"1-99 units"
"Community TeamWork, Inc.","MA882",72,93,42.645866,-71.310339,"MA",72,1,"1-99 units"
"American Training by Chelmsford Housing","MA883",50,-5,42.598598,-71.348332,"MA",50,1,"1-99 units"
"Department of Housing & Community Development","MA901",22297,97,42.360902,-71.061974,"MA",23077,8,"10,000-29,999 units"
"Housing Authority of the City of Annapolis","MD001",471,120,38.967288,-76.495651,"MD",1179,5,"1,000-2,999 units"
"Housing Authority Of Baltimore City","MD002",20596,85,39.290344,-76.609774,"MD",27531,8,"10,000-29,999 units"
"Frederick Housing Authority","MD003",852,92,39.408984,-77.416156,"MD",1169,5,"1,000-2,999 units"
"HOUSING OPPRTY COM OF MONTGOMERY CO","MD004",7896,93,39.027117,-77.078601,"MD",7902,7,"5,000-9,999 units"
"Hagerstown Housing Authority","MD006",948,88,39.639131,-77.723481,"MD",2010,5,"1,000-2,999 units"
"Rockville Housing Enterprises","MD007",443,79,39.102309,-77.177631,"MD",528,4,"500-999 units"
"Wicomico County Housing Authority","MD014",390,52,38.377198,-75.615569,"MD",567,4,"500-999 units"
"Housing Authority of Prince Georges County","MD015",5950,93,38.915206,-76.846862,"MD",6325,7,"5,000-9,999 units"
"Housing Commisson Of Anne Arundel County","MD018",2642,77,39.164304,-76.624132,"MD",3114,6,"3,000-4,999 units"
"Housing Commission of Talbot","MD019",163,88,38.774358,-76.063678,"MD",289,2,"100-299 units"
"Housing Authority of St. Mary's County, MD","MD021",1604,75,38.248433,-76.484502,"MD",1622,5,"1,000-2,999 units"
"Housing Authority of Calvert County","MD022",470,94,38.537023,-76.580068,"MD",470,3,"300-499 units"
"Howard County Housing Commission","MD023",1175,72,39.178314,-76.850685,"MD",1175,5,"1,000-2,999 units"
"County Commissioners Charles County","MD024",934,77,38.509348,-77.039116,"MD",934,4,"500-999 units"
"Harford County Housing Agency","MD025",1285,71,39.536194,-76.349314,"MD",1285,5,"1,000-2,999 units"
"City Of Westminster Housing Office","MD027",297,92,39.575984,-76.997103,"MD",297,2,"100-299 units"
"Housing Authority of Washington County","MD028",623,94,39.637178,-77.713791,"MD",623,4,"500-999 units"
"Cecil County Housing Agency","MD029",678,87,39.599431,-75.786268,"MD",678,4,"500-999 units"
"Carroll County Housing & Community Dev","MD032",786,75,39.575565,-76.994338,"MD",786,4,"500-999 units"
"Baltimore County, MD","MD033",6616,88,39.373729,-76.609519,"MD",6616,7,"5,000-9,999 units"
"Queen Anne's County Housing Authority","MD034",176,89,39.043421,-76.063226,"MD",176,2,"100-299 units"
"MD Dept. Of Housing and Community Development","MD901",2826,80,38.951837,-76.87343,"MD",2868,5,"1,000-2,999 units"
"Van Buren Housing Authority","ME001",104,71,47.169135,-67.947181,"ME",194,2,"100-299 units"
"Fort Fairfield Housing Authority","ME002",147,88,46.770807,-67.832132,"ME",228,2,"100-299 units"
"Portland Housing Authority","ME003",2160,85,43.663926,-70.271563,"ME",3010,6,"3,000-4,999 units"
"Presque Isle Housing Authority","ME004",159,-5,46.691799,-68.00707,"ME",344,3,"300-499 units"
"Lewiston Housing Authority","ME005",1389,80,44.097257,-70.217263,"ME",1873,5,"1,000-2,999 units"
"Brunswick Housing Authority","ME006",668,73,43.920099,-69.96161,"ME",668,4,"500-999 units"
"Auburn Housing Authority","ME007",595,84,44.099244,-70.225514,"ME",772,4,"500-999 units"
"Waterville Housing Authority","ME008",394,96,44.545141,-69.637383,"ME",588,4,"500-999 units"
"Housing Authority City of Bangor","ME009",454,90,44.842682,-68.825213,"ME",1020,5,"1,000-2,999 units"
"Sanford Housing Authority","ME011",598,88,43.438159,-70.773625,"ME",718,4,"500-999 units"
"The Housing Authority of the City of Westbroo","ME015",1016,77,43.678972,-70.335836,"ME",1016,5,"1,000-2,999 units"
"Old Town Housing Authority","ME018",213,80,44.932045,-68.644558,"ME",299,2,"100-299 units"
"Bath Housing Authority","ME019",264,81,43.909813,-69.83354,"ME",264,2,"100-299 units"
"South Portland Housing Authority","ME020",435,89,43.639192,-70.256173,"ME",685,4,"500-999 units"
"Brewer Housing Authority","ME021",136,88,44.788534,-68.751597,"ME",290,2,"100-299 units"
"Caribou Housing Authority","ME025",236,72,46.860448,-68.011272,"ME",236,2,"100-299 units"
"Ellsworth Housing Authority","ME027",382,85,44.533632,-68.418816,"ME",432,3,"300-499 units"
"Biddeford Housing Authority","ME028",204,75,43.493023,-70.457055,"ME",204,2,"100-299 units"
"Augusta Housing Authority","ME030",475,68,44.305288,-69.778622,"ME",475,3,"300-499 units"
"Maine State Housing Authority","ME901",4512,78,44.315974,-69.817687,"ME",4596,6,"3,000-4,999 units"
"Detroit Housing Commission","MI001",6562,74,42.333918,-83.033027,"MI",10005,8,"10,000-29,999 units"
"Pontiac Housing Commission","MI005",837,58,42.633109,-83.302587,"MI",1045,5,"1,000-2,999 units"
"Saginaw Housing Commission","MI006",1266,92,43.443757,-83.919109,"MI",1897,5,"1,000-2,999 units"
"River Rouge Housing Commission","MI008",253,71,42.261354,-83.146358,"MI",553,4,"500-999 units"
"Flint Housing Commission","MI009",1086,68,43.050855,-83.63724,"MI",2228,5,"1,000-2,999 units"
"Benton Harbor Housing Commission","MI010",205,84,42.0883,-86.4236,"MI",575,4,"500-999 units"
"Baraga Housing Commission","MI019",28,68,46.779153,-88.496051,"MI",78,1,"1-99 units"
"Reed City Housing Commission","MI020",90,64,43.866776,-85.507955,"MI",191,2,"100-299 units"
"Inkster Housing Commission","MI027",757,89,42.276246,-83.309541,"MI",1488,5,"1,000-2,999 units"
"Cheboygan Housing Commission","MI030",123,72,45.634552,-84.485266,"MI",161,2,"100-299 units"
"Muskegon Heights Housing Commission","MI031",124,-5,43.208713,-86.228009,"MI",464,3,"300-499 units"
"Benton Township Housing Commission","MI032",75,73,42.115242,-86.431621,"MI",375,3,"300-499 units"
"Battle Creek Housing Commission","MI035",799,75,42.326097,-85.189833,"MI",1145,5,"1,000-2,999 units"
"Sault Ste Marie Housing Commission","MI036",50,96,46.497494,-84.353758,"MI",313,3,"300-499 units"
"Roseville Housing Commission","MI037",314,65,42.513221,-82.931909,"MI",413,3,"300-499 units"
"Jackson Housing Commission","MI038",503,81,42.249102,-84.416535,"MI",1041,5,"1,000-2,999 units"
"Port Huron Housing Commission","MI039",633,85,42.974694,-82.427799,"MI",1045,5,"1,000-2,999 units"
"Clinton Township Housing Commission","MI040",26,81,42.554084,-82.88926,"MI",126,2,"100-299 units"
"Eastpointe Housing Commission","MI044",175,70,42.464764,-82.95992,"MI",339,3,"300-499 units"
"Plymouth Housing Commission","MI045",2058,92,42.371409,-83.473669,"MI",2058,5,"1,000-2,999 units"
"Grayling Housing Commission","MI047",134,73,44.658622,-84.707028,"MI",222,2,"100-299 units"
"Melvindale Housing Commission","MI048",236,54,42.28054,-83.182679,"MI",236,2,"100-299 units"
"Manistique Housing Commission","MI049",97,52,45.951269,-86.243048,"MI",221,2,"100-299 units"
"Baldwin Housing Commission","MI050",180,82,43.902448,-85.855286,"MI",266,2,"100-299 units"
"Lincoln Park Housing Commission","MI051",297,64,42.254944,-83.170875,"MI",416,3,"300-499 units"
"Saint Clair Housing Commission","MI052",33,88,42.822529,-82.48822,"MI",95,1,"1-99 units"
"Livonia Housing Commission","MI055",1013,78,42.430446,-83.345578,"MI",1164,5,"1,000-2,999 units"
"Lansing Housing Commission","MI058",1967,92,42.729714,-84.548939,"MI",2258,5,"1,000-2,999 units"
"St Clair Shores Housing Commission","MI059",90,69,42.474689,-82.88853,"MI",340,3,"300-499 units"
"Cadillac Housing Commission","MI060",25,88,44.251463,-85.396541,"MI",150,2,"100-299 units"
"Saint Louis Housing Commission","MI061",159,90,43.405036,-84.612329,"MI",239,2,"100-299 units"
"Hancock Housing Commission","MI063",43,93,47.128248,-88.609768,"MI",137,2,"100-299 units"
"Ann Arbor Housing Commission","MI064",2205,82,42.256678,-83.736463,"MI",2206,5,"1,000-2,999 units"
"Muskegon Housing Commission","MI066",207,82,43.23307,-86.243015,"MI",373,3,"300-499 units"
"Marquette Housing Commission","MI070",53,64,46.545356,-87.388959,"MI",53,1,"1-99 units"
"Grand Rapids Housing Commission","MI073",3712,87,42.937443,-85.638445,"MI",4017,6,"3,000-4,999 units"
"Mount Pleasant Housing Commission","MI074",54,89,43.605336,-84.7769,"MI",177,2,"100-299 units"
"Traverse City Housing Commission","MI080",304,86,44.763305,-85.626322,"MI",325,3,"300-499 units"
"Boyne City Housing Commission","MI084",63,95,45.205529,-85.013433,"MI",142,2,"100-299 units"
"Menominee Housing Commission","MI087",64,75,45.106474,-87.624957,"MI",191,2,"100-299 units"
"Taylor Housing Commission","MI089",1216,79,42.195018,-83.258142,"MI",1216,5,"1,000-2,999 units"
"Rockford Housing Commission","MI093",93,-5,43.118123,-85.559744,"MI",145,2,"100-299 units"
"Munising Housing Commission","MI094",28,57,46.413224,-86.656033,"MI",102,2,"100-299 units"
"Ferndale Housing Commission","MI096",984,89,42.461252,-83.139925,"MI",1150,5,"1,000-2,999 units"
"Southfield Housing Commission","MI097",339,68,42.480695,-83.240508,"MI",339,3,"300-499 units"
"Lapeer Housing Commission","MI100",185,79,43.056747,-83.309414,"MI",185,2,"100-299 units"
"Evart Housing Commission","MI112",28,-4,43.907664,-85.265914,"MI",137,2,"100-299 units"
"Wyoming Housing Commission","MI115",1168,80,42.899164,-85.726313,"MI",1363,5,"1,000-2,999 units"
"Ionia Housing Commission","MI117",23,-4,42.990365,-85.064082,"MI",133,2,"100-299 units"
"Iron County Housing Commission","MI119",228,63,46.099181,-88.332761,"MI",351,3,"300-499 units"
"Dowagiac Housing Commission","MI120",132,78,41.979337,-86.111889,"MI",218,2,"100-299 units"
"Alma Housing Commission","MI121",67,66,43.391558,-84.658473,"MI",161,2,"100-299 units"
"Luce County Housing Commission","MI132",113,-5,46.346705,-85.518345,"MI",113,2,"100-299 units"
"Westland Housing Commission","MI139",1255,89,42.292591,-83.355746,"MI",1255,5,"1,000-2,999 units"
"Sterling Heights Housing Commission","MI157",44,82,42.59232,-83.012498,"MI",197,2,"100-299 units"
"Potterville Housing Commission","MI167",28,64,42.629204,-84.739697,"MI",52,1,"1-99 units"
"Ingham County Housing Commission","MI168",100,-5,42.694232,-84.410107,"MI",189,2,"100-299 units"
"Montcalm County Housing Commission","MI186",318,58,43.4235,-85.4129,"MI",358,3,"300-499 units"
"Bath Charter Township Housing Commission","MI194",28,79,42.807623,-84.44812,"MI",58,1,"1-99 units"
"Kent County Housing Commission","MI198",534,86,42.960522,-85.667835,"MI",534,4,"500-999 units"
"Housing Services Mid-Michigan","MI880",212,77,42.559916,-84.83564,"MI",212,2,"100-299 units"
"Michigan State Housing Development Authority","MI901",31211,91,42.733753,-84.541841,"MI",31338,9,"30,000+ units"
"Public Housing Agency of the City of St Paul","MN001",5065,83,44.950249,-93.099148,"MN",5483,7,"5,000-9,999 units"
"PHA in and for the City of Minneapolis","MN002",6509,82,44.990258,-93.280775,"MN",11915,8,"10,000-29,999 units"
"HRA of DULUTH, MINNESOTA","MN003",1798,78,46.790585,-92.097033,"MN",2577,5,"1,000-2,999 units"
"HRA of VIRGINIA, MINNESOTA","MN007",588,86,47.519672,-92.551443,"MN",863,4,"500-999 units"
"HRA of FERGUS FALLS, MINNESOTA","MN008",229,65,46.29465,-96.059125,"MN",296,2,"100-299 units"
"HRA of BEMIDJI, MINNESOTA","MN009",307,73,47.473861,-94.884516,"MN",427,3,"300-499 units"
"HRA of WADENA, MINNESOTA","MN018",117,57,46.438998,-95.134863,"MN",178,2,"100-299 units"
"CROOKSTON HOUSING AND EDA","MN021",218,62,47.776398,-96.610191,"MN",283,2,"100-299 units"
"HRA IN AND FOR THE CITY OF BRAINERD, MINNESOTA","MN032",326,100,46.354694,-94.208398,"MN",529,4,"500-999 units"
"HRA of WORTHINGTON, MINNESOTA","MN034",291,64,43.623598,-95.601767,"MN",427,3,"300-499 units"
"HRA of AITKIN COUNTY, MINNESOTA","MN037",35,100,46.527023,-93.702884,"MN",180,2,"100-299 units"
"HRA of ST. CLOUD, MINNESOTA","MN038",1015,95,45.557771,-94.166567,"MN",1306,5,"1,000-2,999 units"
"HRA of PIPESTONE, MINNESOTA","MN049",53,-5,43.999372,-96.319336,"MN",155,2,"100-299 units"
"MANKATO EDA","MN063",565,71,44.165187,-94.00407,"MN",744,4,"500-999 units"
"HRA OF CLOQUET, MINNESOTA","MN073",159,60,46.709259,-92.448881,"MN",233,2,"100-299 units"
"HRA IN AND FOR THE CITY OF ALBERT LEA, MINNESOTA","MN077",159,74,43.64178,-93.383434,"MN",335,3,"300-499 units"
"Housing & Redevelopment Authority of Austin","MN085",195,96,43.668192,-92.971483,"MN",556,4,"500-999 units"
"HRA OF RED WING, MINNESOTA","MN090",169,76,44.562638,-92.533159,"MN",288,2,"100-299 units"
"HRA OF MORA, MINNESOTA","MN101",163,84,45.876735,-93.272421,"MN",206,2,"100-299 units"
"HRA OF DETROIT LAKES, MINNESOTA","MN107",171,73,46.813432,-95.845307,"MN",262,2,"100-299 units"
"NEW ULM ECONOMIC DEVELOPMENT AUTHORITY","MN128",127,79,44.313765,-94.461116,"MN",177,2,"100-299 units"
"HOUSING AUTHORITY OF ST LOUIS PARK, MINNESOTA","MN144",372,81,44.944849,-93.342078,"MN",531,4,"500-999 units"
"DAKOTA COUNTY CDA","MN147",2834,99,44.831679,-93.156534,"MN",3037,6,"3,000-4,999 units"
"OLMSTED COUNTY HRA","MN151",662,85,44.024029,-92.430123,"MN",771,4,"500-999 units"
"HRA IN AND FOR THE CITY OF BLOOMINGTON","MN152",562,94,44.823696,-93.302547,"MN",562,4,"500-999 units"
"KOOCHICHING COUNTY HRA","MN153",128,71,47.6947,-94.1781,"MN",128,2,"100-299 units"
"ITASCA COUNTY HRA","MN154",308,80,47.23614,-93.54538,"MN",440,3,"300-499 units"
"NW MN MULTI-COUNTY HRA","MN158",985,80,47.6975,-96.141263,"MN",1088,5,"1,000-2,999 units"
"RENVILLE COUNTY HRA","MN161",89,92,44.540482,-95.119781,"MN",112,2,"100-299 units"
"METROPOLITAN COUNCIL","MN163",7008,97,44.948005,-93.091146,"MN",7008,7,"5,000-9,999 units"
"CLAY COUNTY HRA","MN164",742,65,46.876707,-96.700932,"MN",742,4,"500-999 units"
"SWIFT COUNTY HRA","MN166",86,71,45.3174,-95.5916,"MN",86,1,"1-99 units"
"BLUE EARTH COUNTY EDA","MN167",75,91,44.1417,-93.9793,"MN",150,2,"100-299 units"
"KANDIYOHI COUNTY HRA","MN168",423,60,45.147085,-95.015902,"MN",597,4,"500-999 units"
"GRANT COUNTY HRA","MN169",54,-5,45.994557,-95.976609,"MN",134,2,"100-299 units"
"Plymouth Housing & Redevelopment Authority","MN170",240,96,45.018585,-93.474438,"MN",240,2,"100-299 units"
"LE SUEUR COUNTY HRA","MN171",118,71,44.169306,-93.968646,"MN",118,2,"100-299 units"
"STEARNS COUNTY HRA","MN172",286,67,45.450597,-94.43716,"MN",286,2,"100-299 units"
"HOUSING AND REDEVELOPMENT AUTH. OF CHIPP. CO.","MN173",129,68,44.9474,-95.7321,"MN",129,2,"100-299 units"
"Housing and Redevelopment Authority of Yellow","MN174",73,52,44.9474,-95.7321,"MN",73,1,"1-99 units"
"BIG STONE COUNTY HRA","MN176",37,89,45.306727,-96.448487,"MN",94,1,"1-99 units"
"OTTER TAIL COUNTY HRA","MN177",144,67,46.296847,-96.084188,"MN",157,2,"100-299 units"
"MEEKER COUNTY HRA","MN178",72,68,45.085123,-94.310289,"MN",72,1,"1-99 units"
"MORRISON COUNTY HRA","MN179",175,61,45.974083,-94.36178,"MN",175,2,"100-299 units"
"TODD COUNTY HRA","MN180",268,51,46.1686,-94.7719,"MN",286,2,"100-299 units"
"STEVENS COUNTY HRA","MN182",132,86,45.583681,-95.902042,"MN",191,2,"100-299 units"
"SCOTT COUNTY COMMUNITY DEVELOPMENT AGENCY","MN184",445,95,44.798097,-93.511821,"MN",485,3,"300-499 units"
"CASS COUNTY HRA","MN188",141,-5,46.813,-94.4492,"MN",153,2,"100-299 units"
"BECKER COUNTY ECONOMIC DEVELOPMENT AUTHORITY","MN190",77,70,46.819236,-95.84843,"MN",102,2,"100-299 units"
"MOWER COUNTY HRA","MN191",43,79,43.673949,-92.868191,"MN",71,1,"1-99 units"
"DOUGLAS COUNTY HRA","MN192",271,74,45.9089,-95.3876,"MN",299,2,"100-299 units"
"RICE COUNTY HRA","MN193",357,62,44.293784,-93.273745,"MN",357,3,"300-499 units"
"SOUTHEAST MN MULTI-COUNTY HRA","MN197",552,82,44.382212,-92.032081,"MN",662,4,"500-999 units"
"FARIBAULT COUNTY HRA","MN200",93,59,44.169306,-93.968646,"MN",93,1,"1-99 units"
"MCLEOD COUNTY HRA","MN203",125,78,45.147085,-95.015902,"MN",125,2,"100-299 units"
"WASHINGTON COUNTY CDA","MN212",244,71,44.923243,-92.951172,"MN",293,2,"100-299 units"
"RICHFIELD HRA","MN216",236,83,44.881693,-93.268147,"MN",236,2,"100-299 units"
"SOUTH CENTRAL MULTI COUNTY HRA","MN219",696,74,44.170269,-94.011788,"MN",696,4,"500-999 units"
"OWATONNA HRA","MN220",157,58,44.089936,-93.238268,"MN",157,2,"100-299 units"
"MENTAL HEALTH RESOURCES","MN801",213,84,44.963345,-93.185512,"MN",213,2,"100-299 units"
"RADIAS HEALTH","MN802",134,74,44.963345,-93.185512,"MN",134,2,"100-299 units"
"St. Louis Housing Authority","MO001",7257,85,38.645342,-90.226603,"MO",10064,8,"10,000-29,999 units"
"Housing Authority of Kansas City, Missouri","MO002",8352,86,39.057841,-94.595908,"MO",10074,8,"10,000-29,999 units"
"St. Joseph Housing Authority","MO003",1016,81,39.738069,-94.805542,"MO",1183,5,"1,000-2,999 units"
"Housing Authority of St. Louis County","MO004",7377,85,38.715744,-90.325885,"MO",7906,7,"5,000-9,999 units"
"Housing Authority of the City of St. Charles","MO006",280,84,38.795036,-90.484985,"MO",350,3,"300-499 units"
"Housing Authority of the City of Columbia, MO","MO007",1869,89,38.956456,-92.334462,"MO",1988,5,"1,000-2,999 units"
"HOUSING AUTHORITY OF THE CITY OF SIKESTON","MO008",349,-5,36.878631,-89.592693,"MO",580,4,"500-999 units"
"Housing Authority of the City of Jefferson","MO009",235,77,38.570632,-92.193876,"MO",550,4,"500-999 units"
"Housing Authority of the City of Mexico","MO010",154,82,39.164883,-91.877456,"MO",355,3,"300-499 units"
"Housing Authority of the City of Fulton","MO014",110,-5,38.845471,-91.956448,"MO",310,3,"300-499 units"
"Marshall Housing Authority","MO016",106,73,39.118587,-93.191715,"MO",330,3,"300-499 units"
"Housing Authority of the City of Independence","MO017",1656,82,39.043717,-94.410649,"MO",2179,5,"1,000-2,999 units"
"Lee's Summit Housing Authority","MO030",655,95,38.916938,-94.372044,"MO",771,4,"500-999 units"
"Housing Authority of the City of West Plains","MO037",209,77,36.726241,-91.851278,"MO",479,3,"300-499 units"
"Housing Authority of the City of Houston","MO040",86,62,37.324777,-91.960788,"MO",150,2,"100-299 units"
"Excelsior Springs Housing Authority","MO053",170,85,39.342893,-94.226213,"MO",330,3,"300-499 units"
"Springfield Housing Authority","MO058",1017,99,37.20068,-93.295203,"MO",1470,5,"1,000-2,999 units"
"Housing Authority of the City of New Madrid","MO064",54,69,36.588728,-89.525723,"MO",153,2,"100-299 units"
"Chillicothe Housing Authority","MO065",92,88,39.807304,-93.547752,"MO",192,2,"100-299 units"
"Maryville Housing Authority","MO072",88,100,40.342414,-94.858379,"MO",216,2,"100-299 units"
"Housing Authority of the City of Sedalia, MO","MO074",275,64,38.710966,-93.217802,"MO",468,3,"300-499 units"
"Carrollton Housing Authority","MO107",86,-5,39.360228,-93.498114,"MO",156,2,"100-299 units"
"Housing Authority of the City of Hannibal","MO129",172,84,39.715191,-91.396352,"MO",421,3,"300-499 units"
"Nevada Housing Authority","MO133",91,-5,37.848788,-94.362765,"MO",291,2,"100-299 units"
"Housing Authority of the City of Kirksville","MO145",204,76,40.198596,-92.57423,"MO",332,3,"300-499 units"
"Housing Authority of the City of Rolla","MO149",165,80,37.954933,-91.752293,"MO",315,3,"300-499 units"
"Housing Authority of the City of Joplin, MO","MO188",592,87,37.064967,-94.536485,"MO",866,4,"500-999 units"
"Nodaway County Housing Authority","MO190",211,52,40.332375,-94.873849,"MO",211,2,"100-299 units"
"Weston Housing Authority","MO193",161,-5,39.411676,-94.901039,"MO",161,2,"100-299 units"
"Grundy County Public Housing Agency","MO196",909,-5,40.079731,-93.599807,"MO",909,4,"500-999 units"
"St. Clair County Housing Authority","MO197",1308,81,38.190706,-94.028058,"MO",1308,5,"1,000-2,999 units"
"Boone County Public Housing Agency","MO198",472,58,38.960223,-92.333859,"MO",472,3,"300-499 units"
"LINCOLN COUNTY PUBLIC HOUSING AGENCY","MO199",2294,65,39.348308,-91.206565,"MO",2294,5,"1,000-2,999 units"
"Scotland County Public Housing Agency","MO200",332,77,40.458412,-92.173607,"MO",332,3,"300-499 units"
"ST. FRANCOIS COUNTY PUBLIC HOUSING AGENCY","MO203",2465,74,37.86411,-90.49859,"MO",2465,5,"1,000-2,999 units"
"Lafayette County Housing Authority","MO204",418,51,39.106506,-93.195251,"MO",418,3,"300-499 units"
"FRANKLIN COUNTY PUBLIC HOUSING AGENCY","MO205",1201,68,38.227099,-90.561129,"MO",1201,5,"1,000-2,999 units"
"Phelps County Public Housing Agency","MO206",778,91,38.006659,-91.602642,"MO",778,4,"500-999 units"
"Pulaski County Housing Authority","MO207",401,93,37.8037,-92.3526,"MO",401,3,"300-499 units"
"Housing Authority of the City of Cabool","MO209",49,53,37.116678,-92.087664,"MO",85,1,"1-99 units"
"Liberty Housing Authority","MO210",348,98,39.245912,-94.420196,"MO",348,3,"300-499 units"
"Ripley County Public Housing Agency","MO212",468,87,36.728249,-90.409834,"MO",468,3,"300-499 units"
"Ray County Housing Authority","MO213",235,83,39.280363,-93.979327,"MO",235,2,"100-299 units"
"ESCSWA dba Jasper Cty Public Housing Agency","MO215",481,72,37.088291,-94.514619,"MO",481,3,"300-499 units"
"Dallas County Public Housing Agency-OACAC","MO216",619,90,37.208861,-93.252875,"MO",619,4,"500-999 units"
"Howell County Public Housing Agency","MO217",740,-5,36.650514,-91.690051,"MO",740,4,"500-999 units"
"ST CHARLES COUNTY HOUSING ASSISTANCE PROGRAM","MO227",826,74,38.807714,-90.732358,"MO",826,4,"500-999 units"
"The Housing Authority of the City of Meridian","MS004",405,96,32.356644,-88.698012,"MS",1458,5,"1,000-2,999 units"
"The Housing Authority of the City of Biloxi","MS005",1632,80,30.405555,-88.900011,"MS",1632,5,"1,000-2,999 units"
"Tennessee Valley Regional Housing Authority","MS006",1827,100,34.932292,-88.51341,"MS",1827,5,"1,000-2,999 units"
"Mississippi Regional Housing Authority No. II","MS016",362,99,34.378948,-89.526748,"MS",362,3,"300-499 units"
"Mississippi Regional Housing Authority No. IV","MS019",2626,81,33.479083,-88.549558,"MS",3015,6,"3,000-4,999 units"
"Mississippi Regional Housing Authority No. V","MS030",1756,98,32.332823,-89.149347,"MS",2326,5,"1,000-2,999 units"
"Mississippi Regional Housing Authority No. VIII","MS040",8110,94,30.438166,-89.083288,"MS",8267,7,"5,000-9,999 units"
"Mississippi Regional Housing Authority No. VII","MS057",1599,94,31.247404,-90.462984,"MS",1719,5,"1,000-2,999 units"
"Mississippi Regional Housing Authority No. VI","MS058",5813,86,32.277231,-90.21408,"MS",5813,7,"5,000-9,999 units"
"South Delta Regional Housing Authority","MS095",1710,87,33.4154,-90.8995,"MS",1710,5,"1,000-2,999 units"
"The Housing Authority of the City of Jackson","MS103",1103,76,32.33467,-90.197175,"MS",1137,5,"1,000-2,999 units"
"The Housing Authority of the City of Greenwood","MS107",265,72,33.519932,-90.181153,"MS",673,4,"500-999 units"
"North Delta Regional Housing Authority","MS128",760,68,34.202285,-90.575771,"MS",760,4,"500-999 units"
"Bay Waveland Housing Authority","MS301",491,98,30.311817,-89.34509,"MS",491,3,"300-499 units"
"HomeFront","MT001",780,71,45.78452,-108.501108,"MT",996,4,"500-999 units"
"Great Falls Housing Authority","MT002",265,63,47.498432,-111.281679,"MT",754,4,"500-999 units"
"Housing Authority of Butte","MT003",503,84,46.010683,-112.531257,"MT",503,4,"500-999 units"
"Helena Housing Authority","MT004",390,87,46.592491,-112.018086,"MT",756,4,"500-999 units"
"Richland County Housing Authority","MT006",103,-5,47.711911,-104.169979,"MT",151,2,"100-299 units"
"Whitefish Housing Authority","MT015",19,74,48.408786,-114.341656,"MT",69,1,"1-99 units"
"Missoula Housing Authority","MT033",1070,82,46.837342,-114.016046,"MT",1084,5,"1,000-2,999 units"
"City of Ronan Housing Authority","MT036",39,67,47.528347,-114.099915,"MT",39,1,"1-99 units"
"Montana Department of Commerce","MT901",4347,72,46.584616,-112.042882,"MT",4596,6,"3,000-4,999 units"
"Housing Authority of the City of Wilmington","NC001",2083,61,34.217939,-77.926858,"NC",3086,6,"3,000-4,999 units"
"Housing Authority of the City of Raleigh","NC002",3957,90,35.791884,-78.638323,"NC",5245,7,"5,000-9,999 units"
"INLIVIAN","NC003",8689,59,35.209874,-80.855514,"NC",8799,7,"5,000-9,999 units"
"Housing Authority of the City of Kinston","NC004",889,80,35.26652,-77.581259,"NC",1610,5,"1,000-2,999 units"
"Housing Authority of the City of High Point","NC006",1844,67,35.952035,-79.997043,"NC",2772,5,"1,000-2,999 units"
"Housing Authority of the City of Asheville","NC007",3379,86,35.587859,-82.559502,"NC",3379,6,"3,000-4,999 units"
"Housing Authority of the City of Concord","NC008",562,90,35.394568,-80.580687,"NC",736,4,"500-999 units"
"Fayetteville Metropolitan Housing Authority","NC009",2051,94,35.068655,-78.879116,"NC",2852,5,"1,000-2,999 units"
"Housing Authority of the City of Greensboro","NC011",5174,85,36.078422,-79.786705,"NC",5886,7,"5,000-9,999 units"
"Housing Authority of the City of Winston-Salem","NC012",4815,72,36.0978,-80.248824,"NC",6254,7,"5,000-9,999 units"
"The Housing Authority of the City of Durham","NC013",2933,90,35.99318,-78.897778,"NC",4049,6,"3,000-4,999 units"
"Housing Authority of the City of Lumberton","NC014",609,74,34.61931,-79.002585,"NC",1338,5,"1,000-2,999 units"
"Housing Authority of the City of Goldsboro","NC015",291,71,35.383043,-77.971042,"NC",1481,5,"1,000-2,999 units"
"Housing Authority of the Town of Laurinburg","NC018",1009,88,34.756249,-79.467246,"NC",1009,5,"1,000-2,999 units"
"Rocky Mount Housing Authority","NC019",310,82,35.947338,-77.773872,"NC",1065,5,"1,000-2,999 units"
"Housing Authority of the City of Wilson","NC020",745,88,35.724235,-77.909228,"NC",1360,5,"1,000-2,999 units"
"Housing Authority of the County of Wake","NC021",585,71,35.815718,-78.33015,"NC",925,4,"500-999 units"
"Housing Authority of the City of Greenville","NC022",879,83,35.605136,-77.381356,"NC",1593,5,"1,000-2,999 units"
"Rockingham Housing Authority","NC025",65,85,34.937496,-79.763512,"NC",288,2,"100-299 units"
"Washington Housing Authority","NC032",374,56,35.546613,-77.038894,"NC",756,4,"500-999 units"
"Sanford Housing Authority","NC035",941,65,35.47306,-79.188234,"NC",1207,5,"1,000-2,999 units"
"Lexington Housing Authority","NC039",796,84,35.830606,-80.240571,"NC",796,4,"500-999 units"
"Wadesboro Housing Authority","NC050",135,82,34.959489,-80.049267,"NC",310,3,"300-499 units"
"City of Hickory Public Housing Authority","NC056",551,51,35.721949,-81.338377,"NC",551,4,"500-999 units"
"Gastonia Housing Authority","NC057",1749,85,35.265676,-81.177016,"NC",1749,5,"1,000-2,999 units"
"The Graham Housing Authority","NC059",1005,76,36.074935,-79.399952,"NC",1175,5,"1,000-2,999 units"
"Monroe Housing Authority","NC065",364,72,34.976668,-80.540085,"NC",536,4,"500-999 units"
"Lincolnton Housing Authority","NC070",275,79,35.477202,-81.247325,"NC",523,4,"500-999 units"
"Thomasville Housing Authority","NC071",104,55,35.896428,-80.095009,"NC",363,3,"300-499 units"
"Statesville Housing Authority","NC072",732,94,35.774156,-80.885148,"NC",1268,5,"1,000-2,999 units"
"City of Albemarle Department of Public Housing","NC075",338,52,35.348499,-80.174615,"NC",537,4,"500-999 units"
"Williamston Housing Authority","NC077",161,-5,35.857965,-77.049545,"NC",311,3,"300-499 units"
"Asheboro Housing Authority","NC081",808,77,35.70239,-79.818719,"NC",1008,5,"1,000-2,999 units"
"Mid-East Regional Housing Authority","NC087",581,60,35.606517,-77.428408,"NC",778,4,"500-999 units"
"Bladenboro Housing Authority","NC089",232,70,34.55158,-78.824079,"NC",307,3,"300-499 units"
"The New Reidsville Housing Authority","NC098",226,74,36.350146,-79.6811,"NC",325,3,"300-499 units"
"Rowan County Housing Authority","NC102",694,95,35.624364,-80.531818,"NC",886,4,"500-999 units"
"Orange County Housing Authority","NC104",679,86,36.077177,-79.105522,"NC",679,4,"500-999 units"
"Roanoke-Chowan Regional Housing Authority","NC118",888,61,36.509398,-77.647978,"NC",1266,5,"1,000-2,999 units"
"Chatham County Housing Authority","NC120",506,72,35.735188,-79.41374,"NC",506,4,"500-999 units"
"Town of East Spencer Housing Authority","NC134",243,92,35.6806,-80.4319,"NC",243,2,"100-299 units"
"Nash-Edgecombe Economic Development, Inc.","NC137",592,77,35.93365,-77.802299,"NC",592,4,"500-999 units"
"Columbus County Public Housing Agency","NC138",485,72,34.336565,-78.721376,"NC",485,3,"300-499 units"
"Choanoke Area Development Association, Inc.","NC139",488,68,36.3031,-77.2785,"NC",488,3,"300-499 units"
"WNCSource","NC140",657,92,35.294814,-82.437154,"NC",657,4,"500-999 units"
"Coastal Community Action, Inc.","NC141",449,72,34.7467,-76.9067,"NC",449,3,"300-499 units"
"Eastern Carolina Human Services Agency, Inc.","NC144",828,78,34.752231,-77.411095,"NC",828,4,"500-999 units"
"Economic Improvement Council, Inc.","NC145",1603,69,36.085345,-76.629269,"NC",1603,5,"1,000-2,999 units"
"Four Square Community Action, Inc.","NC146",473,75,35.201662,-83.81334,"NC",473,3,"300-499 units"
"Brunswick County Public Housing Agency","NC147",488,64,33.9837,-78.2235,"NC",488,3,"300-499 units"
"Sandhills Community Action Program, Inc.","NC149",615,83,35.160755,-79.424675,"NC",615,4,"500-999 units"
"Southeastern Community Action Partnership Inc","NC150",441,76,34.619474,-79.008769,"NC",441,3,"300-499 units"
"Twin Rivers Opportunities, Inc.","NC151",1005,97,35.107341,-77.037916,"NC",1005,5,"1,000-2,999 units"
"Mountain Projects, Inc.","NC152",1083,69,35.505792,-82.964887,"NC",1083,5,"1,000-2,999 units"
"Franklin-Vance-Warren Opportunity, Inc.","NC155",586,67,36.33737,-78.409584,"NC",586,4,"500-999 units"
"Western Piedmont Council of Governments","NC159",1347,82,35.735917,-81.371578,"NC",1347,5,"1,000-2,999 units"
"Caswell County Housing Assistance Program","NC160",271,80,36.4053,-79.3954,"NC",271,2,"100-299 units"
"Isothermal Planning & Development Commission","NC161",1418,76,35.3573,-81.9769,"NC",1418,5,"1,000-2,999 units"
"Greene County Public Housing Agency","NC163",290,79,35.455273,-77.670994,"NC",290,2,"100-299 units"
"Johnston County Housing Assistance Payments Program","NC164",628,92,35.511046,-78.34883,"NC",628,4,"500-999 units"
"Macon Program For Progress","NC165",228,64,35.1791,-83.3704,"NC",228,2,"100-299 units"
"Piedmont Triad Regional Council","NC166",850,90,36.079975,-80.06429,"NC",850,4,"500-999 units"
"Northwestern Regional Housing Authority","NC167",2122,86,36.205721,-81.669186,"NC",2204,5,"1,000-2,999 units"
"Pender County Housing Department","NC173",221,68,34.544383,-77.915923,"NC",221,2,"100-299 units"
"Madison County Housing Authority","NC175",195,94,35.834412,-82.529205,"NC",235,2,"100-299 units"
"North Carolina Commission of Indian Affairs","NC901",992,73,35.782767,-78.640456,"NC",992,4,"500-999 units"
"Housing Authority of Cass County","ND001",525,86,46.867727,-96.903804,"ND",636,4,"500-999 units"
"Housing Authority of the City of Williston","ND002",136,-5,48.161602,-103.634709,"ND",262,2,"100-299 units"
"Rolette County Housing Authority","ND003",67,-5,48.861682,-99.615688,"ND",134,2,"100-299 units"
"Towner County Housing Authority","ND009",23,-4,48.488981,-99.195837,"ND",49,1,"1-99 units"
"Morton County Housing Authority","ND010",688,83,46.839485,-100.89686,"ND",688,4,"500-999 units"
"Great Plains Housing Authority","ND011",882,56,46.910654,-98.70685,"ND",882,4,"500-999 units"
"Grand Forks Housing Authority","ND012",1484,80,47.919977,-97.046521,"ND",1484,5,"1,000-2,999 units"
"North Central Housing Authority","ND013",322,-5,48.110856,-98.857231,"ND",403,3,"300-499 units"
"Fargo Housing and Redevelopment Authority","ND014",1950,76,46.879595,-96.787435,"ND",2425,5,"1,000-2,999 units"
"Mercer County Housing Authority","ND015",33,52,46.839485,-100.89686,"ND",73,1,"1-99 units"
"Eddy County Housing Authority","ND016",58,-5,46.910654,-98.70685,"ND",58,1,"1-99 units"
"Minot Housing Authority","ND017",957,-5,48.232449,-101.291563,"ND",1211,5,"1,000-2,999 units"
"Traill County Housing Authority","ND019",54,83,47.403427,-97.062091,"ND",81,1,"1-99 units"
"Burleigh County Housing Authority","ND021",1156,70,46.800935,-100.789548,"ND",1444,5,"1,000-2,999 units"
"Barnes County Housing Authority","ND022",221,101,46.935198,-98.003842,"ND",270,2,"100-299 units"
"Housing Authority of the County of Ransom","ND025",95,72,46.035676,-99.370251,"ND",95,1,"1-99 units"
"Housing Authority of Mountrail County","ND026",77,-4,48.232449,-101.291563,"ND",77,1,"1-99 units"
"Benson County Housing Authority","ND030",19,-4,48.07124,-99.254961,"ND",38,1,"1-99 units"
"Stark County Housing Authority","ND031",429,58,46.878967,-102.807702,"ND",429,3,"300-499 units"
"Richland County Housing Authority","ND035",152,86,46.867727,-96.903804,"ND",152,2,"100-299 units"
"McKenzie County Housing Authority","ND036",36,-5,46.878967,-102.807702,"ND",36,1,"1-99 units"
"Dunn County Housing Authority","ND037",52,-5,46.878967,-102.807702,"ND",52,1,"1-99 units"
"LaMoure County Housing Authority","ND038",34,82,46.035676,-99.370251,"ND",34,1,"1-99 units"
"McIntosh County Housing Authority","ND039",44,66,46.035676,-99.370251,"ND",52,1,"1-99 units"
"Pembina County Housing Authority","ND044",181,75,48.794057,-97.62323,"ND",181,2,"100-299 units"
"Walsh County Housing Authority","ND049",103,61,48.415325,-97.400961,"ND",103,2,"100-299 units"
"Dickey/Sargent Counties","ND052",107,77,46.004676,-98.526112,"ND",107,2,"100-299 units"
"Emmons County Housing Authority","ND054",7,-4,46.2878,-100.2466,"ND",22,1,"1-99 units"
"McHenry/Pierce County Housing Authority","ND055",113,56,48.232449,-101.291563,"ND",113,2,"100-299 units"
"Northwest Regional Housing Authority","ND070",49,57,48.756812,-101.824399,"ND",49,1,"1-99 units"
"Omaha Housing Authority","NE001",5062,81,41.256395,-95.940059,"NE",7698,7,"5,000-9,999 units"
"Lincoln Housing Authority","NE002",3388,80,40.817214,-96.642736,"NE",3588,6,"3,000-4,999 units"
"Hall County Housing Authority","NE003",505,89,40.925015,-98.360376,"NE",899,4,"500-999 units"
"Kearney Housing Agency","NE004",151,81,40.702502,-99.069442,"NE",323,3,"300-499 units"
"Lexington Housing Authority","NE010",158,78,40.77623,-99.73245,"NE",158,2,"100-299 units"
"City of Crete Housing Authority","NE041",28,-5,40.627956,-96.954102,"NE",68,1,"1-99 units"
"Scotts Bluff County Housing Authority","NE078",508,85,41.844002,-103.667983,"NE",670,4,"500-999 units"
"Cozad Housing Authority","NE083",62,-5,40.860471,-99.990254,"NE",102,2,"100-299 units"
"York Housing Authority","NE094",102,75,40.862972,-97.593236,"NE",177,2,"100-299 units"
"Fremont Housing Authority","NE100",169,95,41.453417,-96.489839,"NE",411,3,"300-499 units"
"Columbus Housing Authority","NE104",100,84,41.440435,-97.378049,"NE",184,2,"100-299 units"
"Beatrice Housing Authority","NE114",207,73,40.267549,-96.749682,"NE",207,2,"100-299 units"
"Gothenburg Housing Authority","NE120",28,-4,40.938292,-100.155019,"NE",96,1,"1-99 units"
"McCook Housing Authority","NE123",80,54,40.20235,-100.640464,"NE",110,2,"100-299 units"
"Alliance Housing Authority","NE141",190,64,42.091218,-102.860767,"NE",249,2,"100-299 units"
"Hastings Housing Authority","NE150",481,65,40.585738,-98.389722,"NE",481,3,"300-499 units"
"Douglas County Housing Authority","NE153",1352,78,41.287949,-96.052164,"NE",1430,5,"1,000-2,999 units"
"Norfolk Housing Agency","NE157",258,83,42.033401,-97.411674,"NE",258,2,"100-299 units"
"Bellevue Housing Authority","NE174",346,90,41.177629,-95.969434,"NE",346,3,"300-499 units"
"South Sioux City Housing Agency","NE175",297,75,42.469673,-96.413126,"NE",297,2,"100-299 units"
"West Central Nebraska Joint Housing Authority","NE179",220,79,41.126152,-101.716518,"NE",220,2,"100-299 units"
"Goldenrod Regional Housing Agency","NE181",215,71,41.987278,-96.91473,"NE",215,2,"100-299 units"
"Central Nebraska Jt Housing Authority","NE182",135,86,41.27591,-98.966312,"NE",135,2,"100-299 units"
"Manchester Housing & Redevelopment Authority","NH001",2175,92,42.991111,-71.458456,"NH",3344,6,"3,000-4,999 units"
"Nashua Housing and Redevelopment Authority","NH002",904,93,42.760726,-71.462273,"NH",1518,5,"1,000-2,999 units"
"Dover Housing Authority","NH003",557,87,43.20356,-70.895638,"NH",831,4,"500-999 units"
"Portsmouth Housing Authority","NH004",459,84,43.072435,-70.761522,"NH",878,4,"500-999 units"
"Concord Housing Authority","NH005",273,86,43.204744,-71.539625,"NH",535,4,"500-999 units"
"Somersworth Housing Authority","NH006",210,129,43.250488,-70.874586,"NH",210,2,"100-299 units"
"Laconia Housing & Redevelopment Authority","NH007",509,88,43.528985,-71.469967,"NH",509,4,"500-999 units"
"Housing Authority of the City of Rochester NH","NH008",190,87,43.308523,-70.969847,"NH",422,3,"300-499 units"
"Lebanon Housing Authority","NH009",166,87,43.638438,-72.316096,"NH",332,3,"300-499 units"
"Keene Housing","NH010",816,60,42.962422,-72.305877,"NH",816,4,"500-999 units"
"Berlin Housing Authority","NH011",289,70,44.470534,-71.184,"NH",344,3,"300-499 units"
"Claremont Housing Authority","NH012",239,95,43.365995,-72.33632,"NH",239,2,"100-299 units"
"Housing Authority of the Town of Newmarket","NH013",75,99,43.072355,-70.942038,"NH",125,2,"100-299 units"
"Exeter Housing Authority","NH014",173,101,42.983349,-70.951398,"NH",280,2,"100-299 units"
"Lancaster Housing Authority","NH015",71,-5,44.470534,-71.184,"NH",71,1,"1-99 units"
"Northumberland Housing Authority","NH016",18,-4,44.470534,-71.184,"NH",18,1,"1-99 units"
"Derry Housing & Redevelopment Authority","NH022",103,89,42.892636,-71.322007,"NH",103,2,"100-299 units"
"Harbor Homes, Inc.","NH888",225,76,42.760547,-71.467468,"NH",225,2,"100-299 units"
"New Hampshire Housing Finance Agency","NH901",4131,89,42.955426,-71.50285,"NH",4220,6,"3,000-4,999 units"
"Newark Housing Authority","NJ002",7388,89,40.744537,-74.169597,"NJ",13845,8,"10,000-29,999 units"
"Elizabeth Housing Authority","NJ003",1317,85,40.647138,-74.214525,"NJ",2643,5,"1,000-2,999 units"
"North Bergen Housing Authority","NJ004",543,71,40.794141,-74.023293,"NJ",1528,5,"1,000-2,999 units"
"Perth Amboy Housing Authority","NJ006",1441,100,40.529794,-74.274229,"NJ",1441,5,"1,000-2,999 units"
"Asbury Park Housing Authority","NJ007",351,75,40.224001,-74.013641,"NJ",840,4,"500-999 units"
"Long Branch Housing Authority","NJ008",922,89,40.295,-73.9969,"NJ",1371,5,"1,000-2,999 units"
"Housing Authority City of Jersey City","NJ009",4928,89,40.731,-74.0662,"NJ",7333,7,"5,000-9,999 units"
"Housing Authority of the City of Camden","NJ010",2095,83,39.943829,-75.094635,"NJ",3342,6,"3,000-4,999 units"
"Housing Authority of the Borough of Lodi","NJ011",477,96,40.872959,-74.078847,"NJ",697,4,"500-999 units"
"Bayonne Housing Authority","NJ012",298,81,40.667546,-74.124559,"NJ",1566,5,"1,000-2,999 units"
"Housing Authority of the City of Passaic","NJ013",2159,84,40.860327,-74.122195,"NJ",2542,5,"1,000-2,999 units"
"Housing Authority and Urban Redevelopment Age","NJ014",1198,88,39.371134,-74.416811,"NJ",2684,5,"1,000-2,999 units"
"Hoboken Housing Authority","NJ015",330,105,40.741361,-74.041597,"NJ",1482,5,"1,000-2,999 units"
"Paterson Housing Authority","NJ021",3233,88,40.918356,-74.173225,"NJ",4218,6,"3,000-4,999 units"
"New Brunswick Housing Authority","NJ022",1025,84,40.483505,-74.473652,"NJ",1310,5,"1,000-2,999 units"
"Morristown Housing Authority","NJ023",296,-5,40.802049,-74.483967,"NJ",496,3,"300-499 units"
"Housing Authority of the City of Orange","NJ025",748,75,40.780087,-74.22194,"NJ",1010,5,"1,000-2,999 units"
"Union City Housing Authority","NJ026",703,87,40.777123,-74.029005,"NJ",1158,5,"1,000-2,999 units"
"West New York Housing Authority","NJ030",1183,93,40.791399,-74.018802,"NJ",1183,5,"1,000-2,999 units"
"Rahway Housing Authority","NJ032",211,93,40.60965,-74.269702,"NJ",482,3,"300-499 units"
"Woodbridge Housing Authority","NJ033",975,96,40.5554,-74.288,"NJ",975,4,"500-999 units"
"South Amboy Housing Authority","NJ035",114,89,40.47766,-74.275887,"NJ",266,2,"100-299 units"
"Guttenberg Housing Authority","NJ036",202,89,40.792969,-74.005765,"NJ",451,3,"300-499 units"
"Irvington Housing Authority","NJ037",389,76,40.723576,-74.231947,"NJ",1051,5,"1,000-2,999 units"
"Plainfield Housing Authority","NJ039",915,83,40.625175,-74.41756,"NJ",1259,5,"1,000-2,999 units"
"Franklin Township Housing Authority","NJ042",234,97,40.487007,-74.478053,"NJ",284,2,"100-299 units"
"Edison Housing Authority","NJ043",380,73,40.594713,-74.363221,"NJ",539,4,"500-999 units"
"Highland Park Housing Authority","NJ044",273,87,40.497174,-74.421379,"NJ",273,2,"100-299 units"
"Housing Authority of the Borough of Red Bank","NJ046",264,75,40.340445,-74.07656,"NJ",354,3,"300-499 units"
"Carteret Housing Authority","NJ047",646,84,40.571538,-74.22446,"NJ",696,4,"500-999 units"
"Neptune Housing Authority","NJ048",338,65,40.207429,-74.034625,"NJ",683,4,"500-999 units"
"Bridgeton Housing Authority","NJ049",207,64,39.428726,-75.233086,"NJ",655,4,"500-999 units"
"East Orange Housing Authority","NJ050",1596,77,40.770453,-74.219967,"NJ",1659,5,"1,000-2,999 units"
"Glassboro Housing Authority","NJ051",364,63,39.719499,-75.112529,"NJ",364,3,"300-499 units"
"Boonton Housing Authority","NJ052",236,98,40.908947,-74.423279,"NJ",236,2,"100-299 units"
"Housing Authority of the Township of Lakewood","NJ054",1140,91,40.092345,-74.202147,"NJ",1140,5,"1,000-2,999 units"
"Englewood Housing Authority","NJ055",876,80,40.898234,-73.973469,"NJ",876,4,"500-999 units"
"Berkeley Housing Authority","NJ056",99,92,39.913631,-74.158363,"NJ",99,1,"1-99 units"
"Salem Housing Authority","NJ058",33,88,39.571492,-75.464715,"NJ",213,2,"100-299 units"
"Pleasantville Housing Authority","NJ059",500,-5,39.394687,-74.519687,"NJ",500,4,"500-999 units"
"Keansburg Housing Authority","NJ060",333,95,40.4678,-74.1099,"NJ",333,3,"300-499 units"
"Millville Housing Authority","NJ061",195,91,39.379548,-75.026581,"NJ",687,4,"500-999 units"
"Vineland Housing Authority","NJ063",1102,84,39.47921,-75.03409,"NJ",1268,5,"1,000-2,999 units"
"Brick Housing Authority","NJ065",412,100,40.0702,-74.1415,"NJ",412,3,"300-499 units"
"Housing Authority City of Linden","NJ066",362,90,40.648184,-74.240656,"NJ",563,4,"500-999 units"
"Housing Authority of Bergen County","NJ067",4155,93,40.880027,-74.044135,"NJ",4155,6,"3,000-4,999 units"
"Dover Housing Authority","NJ068",252,97,40.885437,-74.547444,"NJ",311,3,"300-499 units"
"Cliffside Park Housing Authority","NJ070",706,98,40.820225,-73.987818,"NJ",706,4,"500-999 units"
"Fort Lee Housing Authority","NJ071",536,99,40.850269,-73.983462,"NJ",536,4,"500-999 units"
"Borough of Clementon Housing Authority","NJ073",72,57,39.80641,-74.989543,"NJ",142,2,"100-299 units"
"Penns Grove Housing Authority","NJ074",38,76,39.728505,-75.469333,"NJ",191,2,"100-299 units"
"Edgewater Housing Authority","NJ075",693,97,40.823471,-73.978288,"NJ",693,4,"500-999 units"
"Weehawken Housing Authority","NJ077",453,77,40.766041,-74.026008,"NJ",453,3,"300-499 units"
"Housing Authority of the Township of Middleto","NJ081",379,96,40.39959,-74.112086,"NJ",379,3,"300-499 units"
"Secaucus Housing Authority","NJ083",529,97,40.785486,-74.055699,"NJ",529,4,"500-999 units"
"Hunterdon County Division of Housing","NJ084",482,83,40.5082,-74.8554,"NJ",482,3,"300-499 units"
"Montclair Housing Authority","NJ086",325,56,40.817144,-74.215384,"NJ",325,3,"300-499 units"
"Phillipsburg DCD","NJ088",214,94,40.691634,-75.195393,"NJ",214,2,"100-299 units"
"Clifton Housing Authority","NJ089",270,80,40.865693,-74.16065,"NJ",270,2,"100-299 units"
"Passaic County Public Housing Agency","NJ090",842,99,40.886696,-74.254765,"NJ",842,4,"500-999 units"
"Morris County Housing Authority","NJ092",685,91,40.830112,-74.512375,"NJ",989,4,"500-999 units"
"Monmouth County PHA","NJ095",1889,77,40.262263,-74.247706,"NJ",1889,5,"1,000-2,999 units"
"Somerville Housing Authority","NJ097",194,84,40.570594,-74.619575,"NJ",194,2,"100-299 units"
"BLOOMFIELD TOWNSHIP HA","NJ099",275,73,40.79195,-74.194914,"NJ",275,2,"100-299 units"
"Warren County Housing Authority","NJ102",671,98,40.828721,-75.076397,"NJ",671,4,"500-999 units"
"Madison Housing Authority","NJ105",523,-5,40.759528,-74.414164,"NJ",523,4,"500-999 units"
"Sayreville Housing Authority","NJ106",179,97,40.461473,-74.331779,"NJ",179,2,"100-299 units"
"West Orange Housing Authority","NJ108",124,74,40.778468,-74.239101,"NJ",124,2,"100-299 units"
"Union Township Housing Authority","NJ109",167,63,40.696015,-74.269177,"NJ",167,2,"100-299 units"
"Old Bridge Housing Authority","NJ110",208,96,40.382431,-74.327252,"NJ",208,2,"100-299 units"
"Manville Housing Authority","NJ112",106,72,40.548536,-74.586539,"NJ",106,2,"100-299 units"
"Union County Housing Authority","NJ113",417,87,40.661716,-74.216903,"NJ",417,3,"300-499 units"
"Middlesex County","NJ114",448,89,NA,NA,"NJ",448,3,"300-499 units"
"Township of Pennsauken Housing","NJ118",80,80,39.95587,-75.05859,"NJ",80,1,"1-99 units"
"Gloucester County Housing Authority","NJ204",2042,77,39.829725,-75.12816,"NJ",2310,5,"1,000-2,999 units"
"Hamilton Township HA","NJ212",227,79,40.230643,-74.723653,"NJ",227,2,"100-299 units"
"Lakewood Township Residential Assistance Prog","NJ214",1064,98,40.107035,-74.223551,"NJ",1072,5,"1,000-2,999 units"
"Collaborative Support Programs of NJ","NJ880",153,67,40.262674,-74.272996,"NJ",153,2,"100-299 units"
"Community Enterprises Corporation","NJ881",90,62,40.262674,-74.272996,"NJ",90,1,"1-99 units"
"Garden State Episcopal CDC","NJ882",50,56,40.73016,-74.055189,"NJ",50,1,"1-99 units"
"STATE OF NJ DEPT. OF COMM. AFFAIRS","NJ912",24535,94,40.218948,-74.764387,"NJ",24725,8,"10,000-29,999 units"
"City of Albuquerque Housing Authority","NM001",4456,68,35.061948,-106.631442,"NM",5223,7,"5,000-9,999 units"
"Clovis Housing and Redevelopment Agency, Inc.","NM002",613,68,34.400483,-103.231243,"NM",744,4,"500-999 units"
"Mesilla Valley Public Housing Authority","NM003",1666,71,32.302242,-106.773082,"NM",1914,5,"1,000-2,999 units"
"Housing Authority of the City of Gallup","NM006",64,-5,35.514352,-108.73887,"NM",327,3,"300-499 units"
"Santa Fe Civic Housing Authority","NM009",1154,78,35.670528,-105.953744,"NM",1361,5,"1,000-2,999 units"
"Housing Authority of the City of Truth or Consequences","NM020",193,84,33.130748,-107.24911,"NM",293,2,"100-299 units"
"Housing Authority of the County of Rio Arriba","NM039",25,-5,36.000183,-106.060368,"NM",78,1,"1-99 units"
"Housing Authority of the County of Santa Fe","NM050",330,78,35.644558,-106.019634,"NM",528,4,"500-999 units"
"Bernalillo County Housing Department","NM057",2308,93,35.112969,-106.606727,"NM",2308,5,"1,000-2,999 units"
"Housing Authority of San Miguel County","NM061",181,71,35.592048,-105.230595,"NM",181,2,"100-299 units"
"Eastern Regional Housing Authority","NM063",2105,52,33.381542,-104.521614,"NM",2507,5,"1,000-2,999 units"
"Housing Authority of the County of San Juan","NM066",387,63,36.785274,-108.112453,"NM",387,3,"300-499 units"
"Western Regional Housing Authority","NM067",916,75,32.790844,-108.267844,"NM",1068,5,"1,000-2,999 units"
"El Camino Real Housing Authority","NM077",640,64,34.060844,-106.889088,"NM",640,4,"500-999 units"
"Northern Regional Housing Authority","NM088",569,66,36.404023,-105.586675,"NM",1213,5,"1,000-2,999 units"
"CITY OF RENO HOUSING AUTHORITY","NV001",2978,86,39.538744,-119.792323,"NV",3729,6,"3,000-4,999 units"
"Southern Nevada Regional Housing Authority","NV018",12164,92,36.169092,-115.131736,"NV",14299,8,"10,000-29,999 units"
"NEVADA RURAL HSG AUTH","NV905",1653,70,39.16841,-119.725071,"NV",1653,5,"1,000-2,999 units"
"Syracuse Housing Authority","NY001",4214,86,43.038283,-76.142753,"NY",6527,7,"5,000-9,999 units"
"Buffalo Municipal Housing Authority","NY002",607,81,42.874474,-78.86731,"NY",4809,6,"3,000-4,999 units"
"The Municipal Hsng Authority City Yonkers","NY003",5133,85,40.951317,-73.845905,"NY",5265,7,"5,000-9,999 units"
"New York City Housing Authority","NY005",109524,84,40.712811,-74.009867,"NY",270267,9,"30,000+ units"
"Utica Housing Authority","NY006",369,58,43.099382,-75.222875,"NY",1265,5,"1,000-2,999 units"
"Albany Housing Authority","NY009",3505,90,42.643477,-73.755694,"NY",4948,6,"3,000-4,999 units"
"Troy Housing Authority","NY012",2116,77,42.750738,-73.674922,"NY",2227,5,"1,000-2,999 units"
"Mechanicville Housing Authority","NY015",344,79,42.89924,-73.691498,"NY",344,3,"300-499 units"
"Binghamton Housing Authority","NY016",836,71,42.1006,-75.913,"NY",1473,5,"1,000-2,999 units"
"Jamestown Housing Authority","NY017",272,87,42.096226,-79.243087,"NY",518,4,"500-999 units"
"Plattsburgh Housing Authority","NY018",220,89,44.677374,-73.460594,"NY",821,4,"500-999 units"
"Herkimer Housing Authority","NY019",191,-5,43.027144,-74.990008,"NY",191,2,"100-299 units"
"Saratoga Springs Housing Authority","NY020",230,83,43.076651,-73.78961,"NY",393,3,"300-499 units"
"Cortland Housing Authority","NY021",306,92,42.555304,-76.292558,"NY",684,4,"500-999 units"
"Cohoes Housing Authority","NY022",388,53,42.7756,-73.7194,"NY",696,4,"500-999 units"
"Freeport Housing Authority","NY023",315,59,40.652276,-73.576962,"NY",565,4,"500-999 units"
"Watervliet Housing Authority","NY025",219,79,42.734063,-73.700705,"NY",219,2,"100-299 units"
"City of Oswego, Office of Community Dev.","NY027",489,85,43.450785,-76.522107,"NY",489,3,"300-499 units"
"Schenectady Municipal Housing Authority","NY028",1705,81,42.808603,-73.945193,"NY",2462,5,"1,000-2,999 units"
"Rensselaer Housing Authority","NY033",102,70,42.633049,-73.739827,"NY",248,2,"100-299 units"
"Rome Housing Authority","NY034",837,58,43.222606,-75.475165,"NY",936,4,"500-999 units"
"Town of Huntington Housing Authority","NY035",573,54,40.858171,-73.416706,"NY",613,4,"500-999 units"
"Mount Kisco Housing Authority","NY038",113,72,41.213819,-73.72281,"NY",202,2,"100-299 units"
"Rochester Housing Authority","NY041",10223,83,43.151403,-77.630448,"NY",12532,8,"10,000-29,999 units"
"White Plains Housing Authority","NY042",811,85,41.027812,-73.768672,"NY",1171,5,"1,000-2,999 units"
"Geneva Housing Authority","NY044",30,-5,42.870803,-76.98192,"NY",68,1,"1-99 units"
"Kingston Housing Authority","NY045",363,-5,41.923943,-73.982895,"NY",525,4,"500-999 units"
"Gloversville Housing Authority","NY048",255,82,43.058791,-74.359273,"NY",548,4,"500-999 units"
"The City of Beacon Housing Authority","NY049",639,72,41.500783,-73.975852,"NY",640,4,"500-999 units"
"Housing Authority of Long Beach","NY050",394,68,40.5803,-73.6697,"NY",768,4,"500-999 units"
"Housing Authority of Newburgh","NY051",436,59,41.495953,-74.028148,"NY",571,4,"500-999 units"
"Ithaca Housing Authority","NY054",1087,92,42.431791,-76.50375,"NY",1322,5,"1,000-2,999 units"
"Greenburgh Housing Authority","NY057",421,71,41.0512,-73.7813,"NY",421,3,"300-499 units"
"Ilion Housing Authority","NY059",154,82,43.016503,-75.0369,"NY",154,2,"100-299 units"
"Amsterdam Housing Authority","NY060",523,88,42.940195,-74.195116,"NY",605,4,"500-999 units"
"Hudson Housing Authority","NY061",269,68,42.255421,-73.79249,"NY",269,2,"100-299 units"
"Poughkeepsie Housing Authority","NY062",169,91,41.710598,-73.908359,"NY",528,4,"500-999 units"
"Norwich Housing Authority","NY065",207,60,42.527755,-75.521743,"NY",300,3,"300-499 units"
"Auburn Housing Authority","NY066",437,82,42.916982,-76.579138,"NY",487,3,"300-499 units"
"Hornell Housing Authority","NY067",284,80,42.331703,-77.654833,"NY",284,2,"100-299 units"
"Oneonta Housing Authority","NY068",84,76,42.447392,-75.065846,"NY",196,2,"100-299 units"
"Lockport Housing Authority","NY070",192,86,43.174331,-78.712311,"NY",544,4,"500-999 units"
"Monticello Housing Authority","NY071",558,52,41.656075,-74.698149,"NY",656,4,"500-999 units"
"Town of Islip Housing Authority","NY077",1465,81,40.739193,-73.122476,"NY",1465,5,"1,000-2,999 units"
"Glens Falls Housing Authority","NY079",993,101,43.310676,-73.643639,"NY",993,4,"500-999 units"
"Town of Ramapo Housing Authority","NY084",848,88,41.10951,-74.113657,"NY",848,4,"500-999 units"
"Village of Hempstead HA","NY085",475,72,40.713877,-73.62066,"NY",756,4,"500-999 units"
"North Hempstead Housing Authority","NY086",443,85,40.759505,-73.567342,"NY",443,3,"300-499 units"
"Harrietstown Housing Authority","NY087",135,89,44.324055,-74.131558,"NY",248,2,"100-299 units"
"New Rochelle Housing Authority","NY088",605,92,40.915211,-73.786511,"NY",705,4,"500-999 units"
"Newark Housing Authority","NY089",537,95,43.051941,-77.100729,"NY",537,4,"500-999 units"
"Town of Amherst","NY091",5576,73,42.934231,-78.844179,"NY",5695,7,"5,000-9,999 units"
"Village of Ossining Section 8 Program","NY094",258,83,41.1631,-73.860917,"NY",258,2,"100-299 units"
"St. Johnsville Housing Authority","NY098",218,86,43.002355,-74.671471,"NY",218,2,"100-299 units"
"Oneida Housing Authority","NY102",251,92,43.094353,-75.65397,"NY",251,2,"100-299 units"
"Ellenville Housing Authority","NY103",147,82,41.722875,-74.402538,"NY",211,2,"100-299 units"
"Village of North Syracuse Housing Authority","NY107",287,84,43.138111,-76.130234,"NY",287,2,"100-299 units"
"Little Falls Housing Authority","NY109",145,66,43.042688,-74.856855,"NY",145,2,"100-299 units"
"NYC Dept of Housing Preservation and Dev","NY110",37960,99,40.710264,-74.003889,"NY",39410,9,"30,000+ units"
"City of New Rochelle Housing Authority","NY113",1165,66,40.914339,-73.777887,"NY",1165,5,"1,000-2,999 units"
"Village of Nyack HA","NY114",241,69,41.092924,-73.937372,"NY",241,2,"100-299 units"
"Town of Mamaroneck Housing Voucher Program","NY117",653,68,40.942529,-73.740926,"NY",653,4,"500-999 units"
"Glen Cove Community Development Agency","NY121",340,82,40.864259,-73.631482,"NY",340,3,"300-499 units"
"City of Peekskill","NY123",731,80,41.291576,-73.9227,"NY",731,4,"500-999 units"
"Village of Highland Falls","NY125",84,64,43.0796,-73.7734,"NY",84,1,"1-99 units"
"Riverhead Housing Development Corproration","NY127",200,72,40.91954,-72.655359,"NY",200,2,"100-299 units"
"Village of Patchogue CDA","NY128",177,83,40.761808,-73.012131,"NY",177,2,"100-299 units"
"Town of Babylon","NY130",888,91,40.72814,-73.333265,"NY",888,4,"500-999 units"
"Town of Yorktown","NY132",156,78,41.27575,-73.782093,"NY",156,2,"100-299 units"
"Port Jervis CDA","NY134",370,-5,41.376325,-74.691482,"NY",370,3,"300-499 units"
"City of Poughkeepsie","NY137",1033,72,41.704115,-73.92864,"NY",1033,5,"1,000-2,999 units"
"Village of New Square PHA","NY138",675,86,41.139553,-74.0328,"NY",675,4,"500-999 units"
"Town of Southampton","NY141",326,-5,40.887758,-72.385528,"NY",326,3,"300-499 units"
"Village of Greenport Housing Authority","NY146",90,83,41.102481,-72.363008,"NY",90,1,"1-99 units"
"Village of Spring Valley HA","NY148",822,63,41.122882,-74.041496,"NY",822,4,"500-999 units"
"Town of Brookhaven Dept. of Hsg & Comm Dev","NY149",1053,77,40.843346,-73.014216,"NY",1053,5,"1,000-2,999 units"
"North Fork Hsg Alliance Inc","NY152",289,-5,41.103446,-72.361741,"NY",289,2,"100-299 units"
"Town of East Hampton","NY154",193,-5,40.96786,-72.171698,"NY",193,2,"100-299 units"
"Village of Kiryas Joel HA","NY158",481,80,41.339954,-74.17058,"NY",481,3,"300-499 units"
"Village of Rockville Centre","NY159",307,59,40.659453,-73.645984,"NY",307,3,"300-499 units"
"Village of Kaser","NY160",110,82,41.115445,-74.071154,"NY",110,2,"100-299 units"
"Tuckahoe HA, Village of","NY165",175,95,40.947305,-73.8243,"NY",175,2,"100-299 units"
"Village of Elmira Heights","NY402",97,72,42.128088,-76.821913,"NY",97,1,"1-99 units"
"City of Salamanca","NY403",177,75,42.156893,-78.7074,"NY",177,2,"100-299 units"
"City of Niagara Falls","NY404",973,64,43.098547,-79.054223,"NY",981,4,"500-999 units"
"City of North Tonawanda","NY405",657,83,42.934231,-78.844179,"NY",674,4,"500-999 units"
"Village of Fairport","NY406",497,81,43.100507,-77.441707,"NY",497,3,"300-499 units"
"Town of Colonie","NY408",440,80,43.080438,-73.7829,"NY",440,3,"300-499 units"
"City of Buffalo","NY409",5314,87,42.898635,-78.872771,"NY",5314,7,"5,000-9,999 units"
"Village of Canajoharie","NY413",63,71,42.905717,-74.579891,"NY",63,1,"1-99 units"
"Town of Clifton Park","NY416",62,87,43.080438,-73.7829,"NY",62,1,"1-99 units"
"Dolgeville Housing Authority","NY417",23,74,43.100365,-74.772865,"NY",23,1,"1-99 units"
"Town of Hadley","NY421",36,75,43.080438,-73.7829,"NY",36,1,"1-99 units"
"Town of Guilderland","NY422",114,78,43.080438,-73.7829,"NY",114,2,"100-299 units"
"Town of Wilton","NY424",34,91,43.080438,-73.7829,"NY",34,1,"1-99 units"
"Town of Bethlehem","NY427",63,79,43.080438,-73.7829,"NY",63,1,"1-99 units"
"Town of Duanesburg","NY428",18,83,43.080438,-73.7829,"NY",18,1,"1-99 units"
"Town of Niskayuna","NY430",49,82,43.080438,-73.7829,"NY",49,1,"1-99 units"
"Town of Schodack","NY431",46,57,43.080438,-73.7829,"NY",46,1,"1-99 units"
"City of Johnstown","NY433",135,76,43.080438,-73.7829,"NY",135,2,"100-299 units"
"City of Utica","NY443",1292,88,43.101708,-75.237199,"NY",1292,5,"1,000-2,999 units"
"Town of Knox","NY447",23,-4,43.080438,-73.7829,"NY",23,1,"1-99 units"
"Buffalo Municipal Housing Authority","NY449",978,79,42.874474,-78.86731,"NY",978,4,"500-999 units"
"Hoosick Housing Authority","NY501",218,63,42.889115,-73.360466,"NY",243,2,"100-299 units"
"Town of Waterford","NY503",45,89,43.080438,-73.7829,"NY",45,1,"1-99 units"
"City of Fulton","NY504",485,81,43.315877,-76.418522,"NY",485,3,"300-499 units"
"Town of Union Community Development","NY505",528,55,42.106487,-76.026351,"NY",528,4,"500-999 units"
"Village of Scotia","NY512",110,89,43.080438,-73.7829,"NY",110,2,"100-299 units"
"Town of Glenville","NY513",63,75,43.080438,-73.7829,"NY",63,1,"1-99 units"
"Town of Rotterdam","NY516",249,86,43.080438,-73.7829,"NY",249,2,"100-299 units"
"Town of Corinth","NY519",31,90,43.080438,-73.7829,"NY",31,1,"1-99 units"
"Canastota Housing Authority","NY521",139,-5,43.085659,-75.756223,"NY",139,2,"100-299 units"
"Village of Manlius","NY527",1334,83,43.058863,-76.134806,"NY",1334,5,"1,000-2,999 units"
"Town of Saugerties P H A","NY529",183,75,42.0709,-74.0224,"NY",183,2,"100-299 units"
"Fort Plain Housing Agency","NY530",246,62,43.080438,-73.7829,"NY",246,2,"100-299 units"
"Village of Cobleskill","NY532",267,87,42.668813,-74.483191,"NY",267,2,"100-299 units"
"Boonville Housing Authority","NY534",33,58,43.481546,-75.338142,"NY",33,1,"1-99 units"
"Village of Green Island","NY535",49,78,42.740731,-73.691867,"NY",49,1,"1-99 units"
"Village of Corinth","NY538",94,67,43.080438,-73.7829,"NY",94,1,"1-99 units"
"Village of Walton","NY541",413,68,42.187984,-74.999711,"NY",413,3,"300-499 units"
"Village of New Hartford","NY552",419,55,43.12449,-75.232829,"NY",419,3,"300-499 units"
"Town of Coeymans","NY557",81,93,43.080438,-73.7829,"NY",81,1,"1-99 units"
"Town of Stillwater","NY561",132,71,43.080438,-73.7829,"NY",138,2,"100-299 units"
"Village of Ballston Spa","NY562",162,72,43.080438,-73.7829,"NY",162,2,"100-299 units"
"Town of Nassau","NY564",34,53,43.0796,-73.7734,"NY",34,1,"1-99 units"
"Village of Waterford","NY630",58,66,43.080438,-73.7829,"NY",58,1,"1-99 units"
"Mercy Haven Inc.","NY888",75,87,40.764937,-73.173393,"NY",75,1,"1-99 units"
"Southern Tier Environments for Living","NY889",25,96,42.097793,-79.244441,"NY",25,1,"1-99 units"
"Options for Community Living","NY891",75,81,40.858199,-73.085418,"NY",75,1,"1-99 units"
"Community Development Corp of Long Island","NY895",125,89,40.858199,-73.085418,"NY",125,2,"100-299 units"
"NYS Housing Trust Fund Corporation","NY904",50390,87,40.705142,-74.011897,"NY",50388,9,"30,000+ units"
"Columbus Metropolitan Housing Authority","OH001",15112,86,39.993921,-82.982932,"OH",15324,8,"10,000-29,999 units"
"Youngstown Metropolitan Housing Authority","OH002",2293,76,41.099782,-80.651831,"OH",3534,6,"3,000-4,999 units"
"Cuyahoga Metropolitan Housing Authority","OH003",15855,87,41.47574,-81.630759,"OH",22034,8,"10,000-29,999 units"
"Cincinnati Metropolitian Housing Authority","OH004",11943,88,39.114061,-84.532581,"OH",16523,8,"10,000-29,999 units"
"Greater Dayton Premier Management","OH005",4391,89,39.756534,-84.181164,"OH",6763,7,"5,000-9,999 units"
"Lucas Metropolitan Housing Authority","OH006",4698,81,41.645163,-83.553391,"OH",7331,7,"5,000-9,999 units"
"Akron Metropolitan Housing Authority","OH007",5290,93,41.076665,-81.526258,"OH",9603,7,"5,000-9,999 units"
"Trumbull Metropolitan Housing Authority","OH008",1098,88,41.215203,-80.770672,"OH",2338,5,"1,000-2,999 units"
"Zanesville Metropolitan Housing Authority","OH009",946,74,39.925316,-82.011139,"OH",1296,5,"1,000-2,999 units"
"Portsmouth Metropolitan Housing Authority","OH010",628,93,38.733369,-83.000567,"OH",1270,5,"1,000-2,999 units"
"Lorain Metropolitan Housing Authority","OH012",3157,95,41.467271,-82.157074,"OH",4591,6,"3,000-4,999 units"
"Jefferson Metropolitan Housing Authority","OH014",824,76,40.361343,-80.616169,"OH",1459,5,"1,000-2,999 units"
"Butler Metropolitian Housing Authority","OH015",2476,63,39.414932,-84.478381,"OH",3614,6,"3,000-4,999 units"
"Mansfield Metropolitan Housing Authority","OH016",1911,93,40.760071,-82.518825,"OH",1911,5,"1,000-2,999 units"
"Stark Metropolitian Housing Authority","OH018",1755,62,40.79773,-81.372072,"OH",4184,6,"3,000-4,999 units"
"Ironton Metropolitan Housing Authority","OH019",88,65,38.535203,-82.679225,"OH",337,3,"300-499 units"
"Belmont Metropolitan Housing Authority","OH020",279,89,40.094664,-80.723856,"OH",993,4,"500-999 units"
"Springfield Metropolitan Housing Authority","OH021",1368,-5,39.923286,-83.812356,"OH",2157,5,"1,000-2,999 units"
"Greene Metropolitian Housing Authority","OH022",1445,92,39.6922,-83.930962,"OH",1806,5,"1,000-2,999 units"
"Chillicothe Metropolitan Housing Authority","OH024",567,89,39.331063,-82.985806,"OH",954,4,"500-999 units"
"Lake Metropolitian Housing Authority","OH025",1542,74,41.722709,-81.252485,"OH",1567,5,"1,000-2,999 units"
"Columbiana Metropolitian Housing Authority","OH026",605,66,40.624856,-80.58225,"OH",1082,5,"1,000-2,999 units"
"Medina Metropolitian Housing Authority","OH027",689,92,41.150752,-81.866375,"OH",689,4,"500-999 units"
"Erie Metropolitian Housing Authority","OH028",1140,75,41.456413,-82.703958,"OH",1367,5,"1,000-2,999 units"
"Ashtabula Metropolitian Housing Authority","OH029",558,80,41.874783,-80.788313,"OH",1113,5,"1,000-2,999 units"
"Huron Metropolitian Housing Authority","OH030",624,78,40.760071,-82.518825,"OH",624,4,"500-999 units"
"Portage Metropolitan Housing Authority","OH031",1946,78,41.159073,-81.289526,"OH",2241,5,"1,000-2,999 units"
"Hocking Metropolitan Housing Authority","OH032",310,83,39.550039,-82.395764,"OH",469,3,"300-499 units"
"Cambridge Metropolitan Housing Authority","OH033",695,97,40.037417,-81.57482,"OH",922,4,"500-999 units"
"Perry County Metropolitan Housing Authority","OH034",218,97,39.757917,-82.084993,"OH",336,3,"300-499 units"
"Meigs Metropolitan Housing Authority","OH035",129,79,38.996566,-82.055429,"OH",129,2,"100-299 units"
"Wayne Metropolitian Housing Authority","OH036",961,83,40.801339,-81.940564,"OH",1185,5,"1,000-2,999 units"
"Coshocton Metropolitan Housing Authority","OH037",257,91,40.252288,-81.860329,"OH",388,3,"300-499 units"
"Clermont Metropolitian Housing Authority","OH038",965,88,39.076177,-84.17759,"OH",1160,5,"1,000-2,999 units"
"Crawford Metropolitian Housing Authority","OH039",409,89,40.760071,-82.518825,"OH",409,3,"300-499 units"
"Jackson County Metropolitan Housing Authority","OH040",334,54,39.114626,-82.547354,"OH",499,3,"300-499 units"
"Athens Metropolitan Housing Authority","OH041",840,93,39.335316,-82.043954,"OH",911,4,"500-999 units"
"Geauga Metropolitian Housing Authority","OH042",184,79,41.586363,-81.218355,"OH",426,3,"300-499 units"
"Licking Metropolitan Housing Authority","OH043",1123,89,40.056392,-82.408322,"OH",1222,5,"1,000-2,999 units"
"Allen Metropolitan Housing Authority","OH044",1050,94,40.732821,-84.105249,"OH",1294,5,"1,000-2,999 units"
"Darke County Metropolitian Housing Authority","OH045",318,75,40.078123,-84.633148,"OH",318,3,"300-499 units"
"Adams Metropolitian Housing Authority","OH046",297,63,38.691927,-83.606425,"OH",438,3,"300-499 units"
"Gallia Metropolitan Housing Authority","OH047",188,80,38.847828,-82.25878,"OH",332,3,"300-499 units"
"Warren Metropolitian Housing Authority","OH049",829,90,39.446572,-84.184796,"OH",1035,5,"1,000-2,999 units"
"Knox Metropolitan Housing Authority","OH050",763,77,40.393793,-82.488413,"OH",763,4,"500-999 units"
"Clinton Metropolitian Housing Authority","OH053",302,97,39.452187,-83.836489,"OH",302,3,"300-499 units"
"Sandusky Metropolitian Housing Authority","OH054",387,56,41.337024,-83.130214,"OH",435,3,"300-499 units"
"Fayette Metropolitan Housing Authority","OH056",478,57,39.53493,-83.438505,"OH",478,3,"300-499 units"
"Monroe Metropolitan Housing Authority","OH058",179,88,40.037417,-81.57482,"OH",179,2,"100-299 units"
"Pickaway Metropolitan Housing Authority","OH059",661,79,39.60515,-82.932789,"OH",769,4,"500-999 units"
"Pike Metropolitan Housing Authority","OH060",554,88,39.061312,-83.000966,"OH",554,4,"500-999 units"
"Shelby Metropolitan Housing Authority","OH061",235,94,40.292494,-84.16877,"OH",410,3,"300-499 units"
"Miami Metropolitian Housing Authority","OH062",991,94,40.058042,-84.204718,"OH",1118,5,"1,000-2,999 units"
"Tuscarawas Metropolitian Housing Authority","OH063",619,93,40.489046,-81.448283,"OH",619,4,"500-999 units"
"Morgan Metropolitan Housing Authority","OH066",153,80,39.668256,-81.860881,"OH",213,2,"100-299 units"
"Harrison Metropolitian Housing Authority","OH067",268,55,40.290588,-80.99669,"OH",318,3,"300-499 units"
"Noble Metropolitan Housing Authority","OH069",92,107,40.037417,-81.57482,"OH",120,2,"100-299 units"
"Fairfield Metropolitan Housing Authority","OH070",1106,81,39.716698,-82.604671,"OH",1106,5,"1,000-2,999 units"
"Henry Metropolitan Housing Authority","OH071",265,77,41.388363,-84.142607,"OH",265,2,"100-299 units"
"Logan County Metropolitan Housing Authority","OH072",301,93,40.362623,-83.768507,"OH",401,3,"300-499 units"
"Parma Public Housing Agency","OH073",802,95,41.40542,-81.690307,"OH",802,4,"500-999 units"
"Williams Metropolitan Housing Authority","OH074",165,80,41.388363,-84.142607,"OH",165,2,"100-299 units"
"Seneca Metropolitian Housing Authority","OH075",248,80,40.760071,-82.518825,"OH",248,2,"100-299 units"
"Marion Metropolitan Housing Authority","OH076",655,81,40.589278,-83.120485,"OH",655,4,"500-999 units"
"City of Marietta","OH077",562,73,39.415332,-81.454187,"OH",562,4,"500-999 units"
"Vinton Metropolitan Housing Authority","OH078",196,86,39.247763,-82.481094,"OH",196,2,"100-299 units"
"Delaware Metropolitan Housing Authority","OH079",447,100,40.29365,-83.086889,"OH",447,3,"300-499 units"
"Preble Metropolitian Housing Authority","OH080",56,66,39.761751,-84.632899,"OH",56,1,"1-99 units"
"Brown Metropolitian Housing Authority","OH081",42,110,38.868126,-83.909039,"OH",61,1,"1-99 units"
"Hancock Metropolitian Housing Authority","OH082",870,69,41.062019,-83.641277,"OH",870,4,"500-999 units"
"Morrow Metropolitan Housing Authority","OH083",138,75,40.393793,-82.488413,"OH",138,2,"100-299 units"
"Bowling Green Housing Agency","OH085",125,71,41.388363,-84.142607,"OH",125,2,"100-299 units"
"Highland Metropolitian Housing Authority","OH086",144,69,39.53493,-83.438505,"OH",144,2,"100-299 units"
"Emerald Development and Economic Network","OH882",370,60,41.477332,-81.738909,"OH",370,3,"300-499 units"
"Housing Authority of the City of Oklahoma City","OK002",4789,74,35.471155,-97.482874,"OK",7702,7,"5,000-9,999 units"
"Housing Authority of the City of Lawton","OK005",109,95,34.601631,-98.397917,"OK",403,3,"300-499 units"
"Housing Authority of the City of Broken Bow","OK006",361,81,34.029232,-94.729741,"OK",361,3,"300-499 units"
"Housing Authority of the City of Ada","OK024",114,62,34.803156,-96.68075,"OK",389,3,"300-499 units"
"Housing Authority of the City of Miami,Oklaho","OK027",247,79,36.877823,-94.875527,"OK",471,3,"300-499 units"
"Housing Authority of the City of Seminole","OK032",192,54,35.223439,-96.684039,"OK",312,3,"300-499 units"
"Housing Authority of the City of Bristow","OK033",90,70,35.823674,-96.387419,"OK",249,2,"100-299 units"
"Housing Authority of the City of Hugo","OK044",182,58,34.007795,-95.500433,"OK",406,3,"300-499 units"
"Housing Authority of the City of McAlester","OK062",77,86,34.92997,-95.779225,"OK",351,3,"300-499 units"
"Housing Authority of the City of Stilwell","OK067",32,66,35.7485,-95.3692,"OK",112,2,"100-299 units"
"Housing Authority of the City of Tulsa","OK073",6692,66,36.166205,-95.991073,"OK",7589,7,"5,000-9,999 units"
"Housing Authority of the City of Shawnee","OK095",502,103,35.326177,-96.931102,"OK",944,4,"500-999 units"
"Housing Authority of the City of Wewoka","OK096",154,54,35.155468,-96.496019,"OK",244,2,"100-299 units"
"Housing Authority of the City of Muskogee","OK099",882,74,35.7485,-95.3692,"OK",1282,5,"1,000-2,999 units"
"Housing Authority of the City of Ponca City","OK111",138,96,36.706961,-97.081082,"OK",313,3,"300-499 units"
"Housing Authority of the Town of Fort Gibson","OK118",47,66,35.796287,-95.24352,"OK",111,2,"100-299 units"
"Housing Authority of the City of Norman","OK139",1376,83,35.227019,-97.459235,"OK",1549,5,"1,000-2,999 units"
"Housing Authority of the City of Henryetta","OK142",118,-5,35.436822,-96.003109,"OK",168,2,"100-299 units"
"Housing Authority of the City of Stillwater","OK146",669,96,36.112939,-97.055715,"OK",804,4,"500-999 units"
"Housing Authority of the City of Tecumseh","OK148",34,94,35.268249,-96.930396,"OK",97,1,"1-99 units"
"OKLAHOMA HOUSING FINANCE AGENCY","OK901",11090,91,35.536745,-97.514553,"OK",11131,8,"10,000-29,999 units"
"Housing Authority of Clackamas County","OR001",2076,82,45.369289,-122.580814,"OR",2520,5,"1,000-2,999 units"
"Housing Authority of Portland","OR002",12050,83,45.521961,-122.67161,"OR",12476,8,"10,000-29,999 units"
"Housing Authority of Douglas County","OR003",808,92,43.2112,-123.3706,"OR",963,4,"500-999 units"
"Housing Authority of Lincoln County","OR005",551,97,44.644132,-124.055808,"OR",650,4,"500-999 units"
"Housing Authority & Comm Svcs of Lane Co","OR006",3378,94,44.045358,-123.094301,"OR",3973,6,"3,000-4,999 units"
"Housing Authority of the County of Umatilla","OR007",351,84,45.840382,-119.307635,"OR",469,3,"300-499 units"
"Housing and Urban Renewal Agency of Polk County","OR008",752,62,44.92666,-123.31591,"OR",1105,5,"1,000-2,999 units"
"Housing Authority of the City of Salem","OR011",3218,85,44.936368,-123.036698,"OR",3355,6,"3,000-4,999 units"
"Marion County Housing Authority","OR014",1218,67,44.961536,-123.014495,"OR",1218,5,"1,000-2,999 units"
"Housing Authority of Jackson County","OR015",2423,91,42.350729,-122.884952,"OR",2446,5,"1,000-2,999 units"
"Housing Authority of Yamhill County","OR016",1617,87,45.201979,-123.168946,"OR",1617,5,"1,000-2,999 units"
"Klamath Housing Authority","OR017",984,89,42.21617,-121.752104,"OR",984,4,"500-999 units"
"Linn-Benton Housing Authority","OR019",2689,91,44.625023,-123.086498,"OR",2724,5,"1,000-2,999 units"
"Coos-Curry Housing Authority","OR020",894,75,43.410494,-124.228425,"OR",946,4,"500-999 units"
"Housing Authority of Washington County","OR022",3194,86,45.523447,-122.991834,"OR",3438,6,"3,000-4,999 units"
"Mid-Columbia Housing Authority","OR026",684,70,45.599678,-121.178911,"OR",684,4,"500-999 units"
"Housing Authority of Malheur County","OR027",378,83,44.037248,-116.965737,"OR",418,3,"300-499 units"
"Northwest Oregon Housing Authority","OR028",1165,87,46.164542,-123.924996,"OR",1224,5,"1,000-2,999 units"
"Josephine Housing Community Development Council","OR031",909,78,42.450042,-123.320466,"OR",909,4,"500-999 units"
"Northeast Oregon Housing Authority","OR032",913,80,45.335596,-118.071276,"OR",913,4,"500-999 units"
"Central Oregon Regional Housing Authority","OR034",1344,89,44.273441,-121.174543,"OR",1344,5,"1,000-2,999 units"
"Housing Authority of the City of Pittsburgh","PA001",7493,69,40.436604,-79.996863,"PA",10647,8,"10,000-29,999 units"
"Philadelphia Housing Authority","PA002",22862,83,39.976161,-75.168554,"PA",36012,9,"30,000+ units"
"Scranton Housing Authority","PA003",1059,71,41.409354,-75.659512,"PA",2300,5,"1,000-2,999 units"
"Allentown Housing Authority","PA004",1738,90,40.606969,-75.489018,"PA",2724,5,"1,000-2,999 units"
"HOUSING AUTHORITY OF THE CITY OF MCKEESPORT","PA005",561,84,40.34967,-79.841351,"PA",1439,5,"1,000-2,999 units"
"ALLEGHENY COUNTY HOUSING AUTHORITY","PA006",6118,95,40.464519,-80.058395,"PA",8952,7,"5,000-9,999 units"
"Chester Housing Authority","PA007",1622,95,39.855847,-75.360732,"PA",2416,5,"1,000-2,999 units"
"Harrisburg Housing Authority","PA008",1474,82,40.260648,-76.878385,"PA",3115,6,"3,000-4,999 units"
"Reading Housing Authority","PA009",645,89,40.319707,-75.942891,"PA",2252,5,"1,000-2,999 units"
"HOUSING AUTHORITY OF THE COUNTY OF BUTLER","PA010",1585,109,40.85482,-79.909034,"PA",1585,5,"1,000-2,999 units"
"Bethlehem Housing Authority","PA011",513,73,40.623196,-75.382142,"PA",1963,5,"1,000-2,999 units"
"Montgomery County Housing Authority","PA012",3010,70,40.114889,-75.34593,"PA",3594,6,"3,000-4,999 units"
"HOUSING AUTHORITY OF THE CITY OF ERIE","PA013",1173,89,42.130668,-80.081656,"PA",3017,6,"3,000-4,999 units"
"HOUSING AUTHORITY OF THE COUNTY OF BEAVER","PA014",808,74,40.68737,-80.323452,"PA",2651,5,"1,000-2,999 units"
"FAYETTE COUNTY HOUSING AUTHORITY","PA015",1174,75,39.924995,-79.726478,"PA",2274,5,"1,000-2,999 units"
"Schuylkill County Housing Authority","PA016",677,78,40.626244,-76.170527,"PA",1286,5,"1,000-2,999 units"
"WASHINGTON COUNTY HOUSING AUTHORITY","PA017",1008,78,40.169141,-80.247455,"PA",1895,5,"1,000-2,999 units"
"WESTMORELAND COUNTY HSG AUTHORITY","PA018",1886,84,40.3007,-79.577544,"PA",3549,6,"3,000-4,999 units"
"JOHNSTOWN HOUSING AUTHORITY","PA019",960,79,40.3242,-78.9159,"PA",2464,5,"1,000-2,999 units"
"MERCER COUNTY HOUSING AUTHORITY","PA020",388,87,41.234139,-80.495134,"PA",426,3,"300-499 units"
"Housing Authority of the County of Lycoming","PA021",677,71,41.256606,-76.962899,"PA",1142,5,"1,000-2,999 units"
"Housing Authority of the City of York","PA022",1654,78,39.964725,-76.718618,"PA",2755,5,"1,000-2,999 units"
"Housing Authority County of Delaware","PA023",2983,79,39.874589,-75.353414,"PA",3592,6,"3,000-4,999 units"
"Easton Housing Authority","PA024",562,83,40.688555,-75.211155,"PA",940,4,"500-999 units"
"HOUSING AUTH CO OF LAWRENCE","PA026",433,51,41.004163,-80.336531,"PA",1264,5,"1,000-2,999 units"
"HOUSING AUTHORITY OF THE COUNTY OF HUNTINGDON","PA027",319,98,40.378145,-77.874508,"PA",633,4,"500-999 units"
"The Housing Authority of Monroe County","PA028",515,92,40.982865,-75.203744,"PA",815,4,"500-999 units"
"SOMERSET COUNTY HOUSING AUTHORITY","PA029",96,65,40.1756,-79.0697,"PA",317,3,"300-499 units"
"The Housing Auth of the City of Carbondale","PA030",174,73,41.574899,-75.501446,"PA",518,4,"500-999 units"
"ALTOONA HOUSING AUTHORITY","PA031",943,84,40.491454,-78.397471,"PA",1509,5,"1,000-2,999 units"
"The Housing Authority of Montour County","PA032",156,62,40.967743,-76.618215,"PA",271,2,"100-299 units"
"HOUSING AUTHORITY OF THE CITY OF MEADVILLE","PA033",185,89,41.63321,-80.155744,"PA",532,4,"500-999 units"
"Housing Authority of the County of Franklin","PA034",385,83,39.933814,-77.670839,"PA",749,4,"500-999 units"
"Housing Authority of the County of Dauphin","PA035",1176,85,40.232495,-76.83005,"PA",1902,5,"1,000-2,999 units"
"The Housing Auth of the City of Lancaster","PA036",1114,71,40.035775,-76.301989,"PA",1690,5,"1,000-2,999 units"
"Housing Authority of the City of Pottsville","PA037",371,74,40.686851,-76.199979,"PA",945,4,"500-999 units"
"Lackawanna County Housing Authority","PA038",862,80,41.418291,-75.635635,"PA",1975,5,"1,000-2,999 units"
"Housing Authority of the County of Armstrong","PA039",276,96,40.810989,-79.516215,"PA",801,4,"500-999 units"
"The Housing Auth of the County of Mifflin","PA041",220,88,40.603092,-77.565576,"PA",499,3,"300-499 units"
"Housing Authority of the City of Pittston","PA042",147,101,41.336507,-75.786775,"PA",449,3,"300-499 units"
"The Housing Auth of the City of Nanticoke","PA043",55,96,41.201577,-76.002851,"PA",474,3,"300-499 units"
"The Housing Authority of the City of Hazleton","PA044",347,65,40.954696,-75.979335,"PA",646,4,"500-999 units"
"HOUSING AUTHORITY OF THE COUNTY OF GREENE","PA045",33,94,39.896071,-80.161078,"PA",317,3,"300-499 units"
"Housing Authority of the County of Chester","PA046",2286,76,39.957442,-75.603454,"PA",2542,5,"1,000-2,999 units"
"Wilkes Barre Housing Authority","PA047",957,56,41.241579,-75.877752,"PA",1813,5,"1,000-2,999 units"
"HOUSING AUTHORITY OF INDIANA COUNTY","PA048",590,80,40.62216,-79.136716,"PA",748,4,"500-999 units"
"Tioga County Housing Authority","PA050",213,68,41.802785,-77.08858,"PA",671,4,"500-999 units"
"Bucks County Housing Authority","PA051",3711,64,40.302381,-75.128792,"PA",4359,6,"3,000-4,999 units"
"Housing Authority of the County of Lebanon","PA052",782,64,40.346404,-76.432984,"PA",1185,5,"1,000-2,999 units"
"Sunbury Housing Authority","PA053",240,67,40.856482,-76.671701,"PA",547,4,"500-999 units"
"HOUSING AUTHORITY OF THE COUNTY OF ELK","PA054",225,68,41.499786,-78.692699,"PA",399,3,"300-499 units"
"Shamokin Housing Authority","PA055",221,64,40.791302,-76.557177,"PA",423,3,"300-499 units"
"HOUSING AUTHORITY OF THE CITY OF FRANKLIN","PA056",155,70,41.395828,-79.829914,"PA",255,2,"100-299 units"
"Housing Authority of the County of Luzerne","PA057",1123,79,41.256678,-75.881669,"PA",2475,5,"1,000-2,999 units"
"TITUSVILLE HOUSING AUTHORITY","PA058",126,70,41.626975,-79.670417,"PA",277,2,"100-299 units"
"HOUSING AUTHORITY OF THE CITY OF OIL CITY","PA059",561,51,41.424987,-79.719846,"PA",727,4,"500-999 units"
"Housing Auth of the County of Northumberland","PA060",469,86,41.015762,-76.856147,"PA",669,4,"500-999 units"
"HOUSING AUTHORITY OF THE COUNTY OF JEFFERSON","PA061",310,84,40.94461,-78.970432,"PA",591,4,"500-999 units"
"HOUSING AUTHORITY OF THE CITY OF DUBOIS","PA063",197,90,41.118196,-78.761579,"PA",387,3,"300-499 units"
"Bradford County Housing Authority","PA064",264,66,41.802785,-77.08858,"PA",664,4,"500-999 units"
"CLEARFIELD COUNTY HOUSING AUTHORITY","PA065",126,102,41.019661,-78.436543,"PA",306,3,"300-499 units"
"Carbon County Housing Authority","PA067",447,87,40.831132,-75.711539,"PA",600,4,"500-999 units"
"Sullivan County Housing Authority","PA068",39,77,41.4396,-76.4609,"PA",39,1,"1-99 units"
"HOUSING AUTHORITY OF THE COUNTY OF BLAIR","PA069",505,79,40.4452,-78.3699,"PA",589,4,"500-999 units"
"Housing Authority of the County of Berks","PA071",682,70,40.351294,-75.859792,"PA",891,4,"500-999 units"
"The Wyoming Co Housing & Redevelopment Auth","PA073",397,73,41.631488,-75.782134,"PA",462,3,"300-499 units"
"Susquehanna Co Housing/Redevelopment Auth","PA074",253,84,41.833071,-75.878425,"PA",253,2,"100-299 units"
"Housing Authority of the County of Cumberland","PA075",1352,87,40.203374,-77.189059,"PA",1562,5,"1,000-2,999 units"
"Northampton County Housing Authority","PA076",896,59,40.74199,-75.318602,"PA",1048,5,"1,000-2,999 units"
"COUNTY OF POTTER HOUSING AUTHORITY","PA077",298,77,41.7765,-78.0318,"PA",298,2,"100-299 units"
"Wayne County Housing Authority","PA078",720,92,41.578158,-75.416814,"PA",720,4,"500-999 units"
"HOUSING AUTHORITY OF THE COUNTY OF WARREN","PA079",69,-5,41.841409,-79.140171,"PA",301,3,"300-499 units"
"HOUSING AUTHORITY OF THE COUNTY OF MCKEAN","PA080",480,78,41.809356,-78.44613,"PA",896,4,"500-999 units"
"Lehigh County Housing Authority","PA081",1662,63,40.530991,-75.495885,"PA",1971,5,"1,000-2,999 units"
"Housing Authority of the County of Union","PA082",542,68,40.960494,-76.904299,"PA",542,4,"500-999 units"
"Columbia County Housing Authority","PA083",438,91,41.028363,-76.403098,"PA",488,3,"300-499 units"
"HOUSING AUTHORITY OF THE COUNTY OF BEDFORD","PA085",311,86,40.017292,-78.501446,"PA",334,3,"300-499 units"
"HOUSING AUTHORITY OF THE COUNTY OF CLARION","PA086",546,67,41.218091,-79.394819,"PA",546,4,"500-999 units"
"HOUSING AUTHORITY OF THE COUNTY OF ERIE","PA087",1058,83,41.919453,-79.639773,"PA",1253,5,"1,000-2,999 units"
"Centre County Housing Authority","PA088",709,89,40.911947,-77.76035,"PA",709,4,"500-999 units"
"Lancaster County Housing Authority","PA090",884,85,40.038195,-76.305512,"PA",986,4,"500-999 units"
"Adams County Housing Authority","PA091",629,80,39.82873,-77.230036,"PA",629,4,"500-999 units"
"Snyder County Housing Authority","PA092",296,-5,40.788975,-77.05635,"PA",336,3,"300-499 units"
"Housing Authority Providence","RI001",2622,88,41.818408,-71.415575,"RI",5349,7,"5,000-9,999 units"
"Housing Authority of the City of Pawtucket","RI002",800,77,41.880702,-71.382606,"RI",1584,5,"1,000-2,999 units"
"Woonsocket Housing Authority","RI003",740,77,42.010226,-71.501651,"RI",1946,5,"1,000-2,999 units"
"Central Falls Housing Authority","RI004",598,90,41.88667,-71.390081,"RI",925,4,"500-999 units"
"The Housing Authority of the City of Newport","RI005",553,83,41.510351,-71.307986,"RI",1184,5,"1,000-2,999 units"
"Cranston Housing Authority","RI006",262,93,41.800693,-71.44891,"RI",866,4,"500-999 units"
"East Providence Housing Authority","RI007",470,58,41.82378,-71.360065,"RI",881,4,"500-999 units"
"Town of Westerly Housing Authority","RI008",198,77,41.375873,-71.825891,"RI",321,3,"300-499 units"
"Johnston Housing Authority","RI009",209,76,41.83543,-71.480268,"RI",359,3,"300-499 units"
"Cumberland Housing Authority","RI010",384,71,41.923336,-71.411663,"RI",560,4,"500-999 units"
"Warwick Housing Authority","RI011",349,53,41.718155,-71.376475,"RI",866,4,"500-999 units"
"South Kingstown Housing Authority","RI012",142,71,41.457764,-71.52131,"RI",212,2,"100-299 units"
"Burrillville Housing Authority","RI014",88,85,41.967452,-71.678781,"RI",164,2,"100-299 units"
"West Warwick Housing Authority","RI015",122,89,41.701291,-71.525247,"RI",372,3,"300-499 units"
"Coventry Housing Authority","RI016",282,95,41.695405,-71.55405,"RI",477,3,"300-499 units"
"North Providence Housing Authority","RI017",247,78,41.863476,-71.423105,"RI",392,3,"300-499 units"
"Lincoln Housing Authority","RI018",133,96,41.902071,-71.409174,"RI",385,3,"300-499 units"
"Bristol Housing Authority","RI019",273,60,41.685167,-71.278678,"RI",466,3,"300-499 units"
"Smithfield Housing Authority","RI020",56,50,41.870037,-71.555945,"RI",106,2,"100-299 units"
"Warren Housing Authority","RI022",224,75,41.725581,-71.269208,"RI",377,3,"300-499 units"
"East Greenwich Housing Authority","RI024",292,-5,41.657448,-71.457715,"RI",320,3,"300-499 units"
"Narragansett Housing Authority","RI026",186,89,41.43056,-71.464529,"RI",195,2,"100-299 units"
"Tiverton Housing Authority","RI027",59,86,41.663434,-71.15056,"RI",104,2,"100-299 units"
"Kent County Mental Health Center","RI028",75,76,41.709364,-71.450075,"RI",75,1,"1-99 units"
"Gateway Healthcare, Inc.","RI029",75,-5,41.792435,-71.397356,"RI",75,1,"1-99 units"
"Rhode Island Housing","RI901",1957,75,41.823826,-71.413339,"RI",1995,5,"1,000-2,999 units"
"PUERTO RICO PUBLIC HOUSING ADMINISTRATION","RQ005",12415,91,18.414085,-66.043156,"PR",66342,9,"30,000+ units"
"MUNICIPALITY OF SAN JUAN","RQ006",4715,77,18.384149,-66.079486,"PR",5050,7,"5,000-9,999 units"
"MUNICIPALITY OF CAGUAS","RQ007",1405,81,18.2342,-66.0348,"PR",1405,5,"1,000-2,999 units"
"MUNICIPALITY OF PONCE","RQ008",1580,80,18.00388,-66.627731,"PR",1614,5,"1,000-2,999 units"
"MUNICIPALITY OF MAYAGUEZ","RQ009",848,85,18.1899,-67.1434,"PR",848,4,"500-999 units"
"MUNICIPALITY OF MOCA","RQ010",70,86,18.3919,-67.1165,"PR",70,1,"1-99 units"
"MUNICIPALITY OF BAYAMON","RQ011",2221,94,18.3892,-66.1579,"PR",2261,5,"1,000-2,999 units"
"MUNICIPALITY OF AGUADILLA","RQ012",308,60,18.4453,-67.1313,"PR",308,3,"300-499 units"
"MUNICIPALITY OF TRUJILLO ALTO","RQ013",505,68,18.3644,-66.0152,"PR",515,4,"500-999 units"
"MUNICIPALITY OF CAROLINA","RQ014",808,82,18.3823,-65.9574,"PR",808,4,"500-999 units"
"MUNICIPIO DE DORADO","RQ015",280,95,NA,NA,"PR",280,2,"100-299 units"
"MUNICIPALITY OF GUAYNABO","RQ016",387,59,18.35741,-66.112501,"PR",387,3,"300-499 units"
"MUNICIPALITY OF GUAYAMA","RQ017",268,85,17.985715,-66.114203,"PR",268,2,"100-299 units"
"Municipality of Cayey","RQ018",243,86,18.1077,-66.1645,"PR",243,2,"100-299 units"
"MUNICIPALITY OF PENUELAS","RQ019",243,56,18.054322,-66.721897,"PR",243,2,"100-299 units"
"MUNICIPALITY OF ARECIBO","RQ020",933,89,18.4728,-66.715,"PR",933,4,"500-999 units"
"MUNICIPALITY OF GUAYANILLA","RQ021",149,69,18.0233,-66.7904,"PR",149,2,"100-299 units"
"MUNICIPALITY OF TOA BAJA","RQ022",248,76,18.4404,-66.1883,"PR",248,2,"100-299 units"
"MUNICIPALITY OF COROZAL HOUSING AUTHORITY","RQ023",142,90,18.3381,-66.3199,"PR",142,2,"100-299 units"
"MUNICIPALITY OF MOROVIS","RQ024",56,89,18.326011,-66.408253,"PR",56,1,"1-99 units"
"MUNICIPALITY OF HUMACAO","RQ025",280,97,18.1502,-65.8224,"PR",280,2,"100-299 units"
"MUNICIPALITY OF SAN SEBASTIAN","RQ026",143,97,18.338,-66.9873,"PR",143,2,"100-299 units"
"MUNICIPALITY OF LOIZA","RQ027",8,-4,18.430783,-65.881204,"PR",8,1,"1-99 units"
"MUNICIPALITY OF MANATI","RQ028",186,87,18.427606,-66.493197,"PR",186,2,"100-299 units"
"MUNICIPALITY OF MARICAO","RQ029",38,68,18.1932,-66.9836,"PR",38,1,"1-99 units"
"MUNICIPALITY OF SAN GERMAN","RQ030",92,85,18.0905,-67.047,"PR",92,1,"1-99 units"
"The Municipality of Quebradillas","RQ031",145,-5,18.472861,-66.938674,"PR",145,2,"100-299 units"
"MUNICIPALITY OF VEGA BAJA","RQ032",321,83,18.4358,-66.3987,"PR",321,3,"300-499 units"
"Municipality of Utuado","RQ033",201,96,18.266126,-66.699048,"PR",201,2,"100-299 units"
"MUNICIPALITY OF COMERIO","RQ034",121,79,18.217875,-66.225835,"PR",121,2,"100-299 units"
"MUNICIPALITY OF HORMIGUEROS","RQ035",106,91,18.1425,-67.1087,"PR",106,2,"100-299 units"
"MUNICIPALITY OF FAJARDO","RQ036",122,55,18.3238,-65.6511,"PR",122,2,"100-299 units"
"Municipality of San Lorenzo","RQ037",111,86,18.1902,-65.9624,"PR",111,2,"100-299 units"
"MUNICIPALITY OF JUANA DIAZ","RQ038",119,85,18.052441,-66.507188,"PR",119,2,"100-299 units"
"MUNICIPALITY OF HATILLO","RQ039",77,90,18.4787,-66.788,"PR",77,1,"1-99 units"
"MUNICIPALITY OF CAMUY","RQ040",159,80,18.4722,-66.8411,"PR",159,2,"100-299 units"
"MUNICIPALITY OF GURABO","RQ041",147,80,18.237,-65.974,"PR",147,2,"100-299 units"
"MUNICIPALITY OF COAMO","RQ042",64,89,18.081017,-66.356974,"PR",64,1,"1-99 units"
"Anasco Housing Authority","RQ043",113,91,18.293,-67.148,"PR",113,2,"100-299 units"
"MUNICIPALITY OF GUANICA","RQ044",57,65,17.9708,-66.9147,"PR",57,1,"1-99 units"
"MUNICIPALITY OF YABUCOA","RQ045",121,79,18.0496,-65.871,"PR",121,2,"100-299 units"
"MUNICIPALITY OF LAS MARIAS","RQ046",43,88,18.2618,-66.9884,"PR",43,1,"1-99 units"
"MUNICIPALITY OF NAGUABO","RQ047",124,85,18.211551,-65.734491,"PR",124,2,"100-299 units"
"MUNICIPALITY OF SABANA GRANDE","RQ048",156,82,18.0812,-66.9548,"PR",156,2,"100-299 units"
"MUNICIPALITY OF VILLALBA","RQ049",87,76,18.1294,-66.4957,"PR",87,1,"1-99 units"
"MUNICIPALITY OF RIO GRANDE","RQ050",82,63,18.380677,-65.83119,"PR",82,1,"1-99 units"
"MUNICIPALITY OF CIALES","RQ052",77,81,18.2869,-66.4768,"PR",77,1,"1-99 units"
"MUNICIPALITY OF TOA ALTA","RQ053",184,87,18.387898,-66.247191,"PR",184,2,"100-299 units"
"MUNICIPALITY OF BARCELONETA","RQ054",128,95,18.455835,-66.538244,"PR",128,2,"100-299 units"
"MUNICIPALITY OF ADJUNTAS","RQ055",55,73,18.164,-66.7192,"PR",55,1,"1-99 units"
"MUNICIPALITY OF VEGA ALTA","RQ056",169,67,18.4357,-66.331,"PR",169,2,"100-299 units"
"MUNICIPALITY OF PATILLAS","RQ057",86,59,18.0167,-66.0053,"PR",86,1,"1-99 units"
"MUNICIPALITY OF SANTA ISABEL","RQ058",73,78,17.964997,-66.402609,"PR",73,1,"1-99 units"
"MUNICIPALITY OF AIBONITO","RQ059",61,87,18.1347,-66.2697,"PR",61,1,"1-99 units"
"Municipality of Barranquitas","RQ060",184,89,18.185897,-66.308725,"PR",184,2,"100-299 units"
"MUNICIPALITY OF CABO ROJO","RQ061",111,91,18.086136,-67.145262,"PR",111,2,"100-299 units"
"MUNICIPALITY OF CIDRA","RQ062",193,93,18.155,-66.1401,"PR",193,2,"100-299 units"
"MUNICIPALITY OF LAS PIEDRAS","RQ063",128,73,18.1955,-65.8804,"PR",128,2,"100-299 units"
"MUNICIPALITY OF NARANJITO","RQ064",126,93,18.3004,-66.2443,"PR",126,2,"100-299 units"
"MUNICIPALITY OF LARES","RQ065",76,67,18.2931,-66.8759,"PR",76,1,"1-99 units"
"MUNICIPALITY OF ISABELA","RQ066",90,86,18.501303,-67.022978,"PR",90,1,"1-99 units"
"MUNICIPALITY OF RINCON","RQ067",37,76,18.3395,-67.2457,"PR",37,1,"1-99 units"
"MUNICIPALITY OF ARROYO","RQ068",98,58,17.962655,-66.062443,"PR",190,2,"100-299 units"
"MUNICIPALITY OF SALINAS","RQ069",100,78,17.9775,-66.2823,"PR",100,2,"100-299 units"
"MUNICIPALITY OF CEIBA","RQ070",44,77,18.2667,-65.6439,"PR",44,1,"1-99 units"
"MUNICIPALITY OF LAJAS","RQ071",73,84,18.0465,-67.0592,"PR",73,1,"1-99 units"
"MUNICIPALITY OF FLORIDA","RQ072",48,98,18.3868,-66.5609,"PR",48,1,"1-99 units"
"MUNICIPALITY OF AGUADA","RQ073",125,94,18.380168,-67.188802,"PR",125,2,"100-299 units"
"MUNICIPALITY OF VIEQUES","RQ074",118,64,18.1272,-65.3573,"PR",118,2,"100-299 units"
"MUNICIPALITY OF CANOVANAS","RQ075",38,84,18.3878,-65.9047,"PR",38,1,"1-99 units"
"MUNICIPALITY OF JUNCOS","RQ077",59,86,18.2204,-65.8832,"PR",59,1,"1-99 units"
"MUNICIPALITY OF OROCOVIS","RQ080",50,92,18.2211,-66.3792,"PR",50,1,"1-99 units"
"MUNICIPALITY OF LUQUILLO","RQ081",72,83,18.3809,-65.7166,"PR",72,1,"1-99 units"
"MUNICIPALITY OF AGUAS BUENAS","RQ082",164,90,18.2631,-66.1158,"PR",164,2,"100-299 units"
"MUNICIPALITY OF YAUCO","RQ083",98,81,18.0367,-66.8498,"PR",98,1,"1-99 units"
"HOUSING AUTHORITY OF THE CITY OF CHARLESTON","SC001",1673,77,32.799594,-79.942419,"SC",3054,6,"3,000-4,999 units"
"HOUSING AUTHORITY OF THE CITY OF COLUMBIA","SC002",4484,85,34.015791,-81.023788,"SC",6183,7,"5,000-9,999 units"
"Spartanburg Housing","SC003",2540,80,34.9768,-81.9568,"SC",2956,5,"1,000-2,999 units"
"THE GREENVILLE HOUSING AUTHORITY","SC004",3162,89,34.840942,-82.366485,"SC",3319,6,"3,000-4,999 units"
"HOUSING AUTHORITY OF DARLINGTON","SC005",97,75,34.289087,-79.866364,"SC",264,2,"100-299 units"
"HOUSING AUTHORITY OF AIKEN","SC007",990,87,33.5644,-81.7175,"SC",1242,5,"1,000-2,999 units"
"SC REGIONAL HOUSING AUTHORITY NO 1","SC008",1675,92,34.515546,-82.002044,"SC",2997,5,"1,000-2,999 units"
"HOUSING AUTHORITY OF BENNETTSVILLE","SC015",67,79,34.60813,-79.70405,"SC",221,2,"100-299 units"
"HOUSING AUTHORITY OF GREER","SC016",290,86,34.937453,-82.227915,"SC",476,3,"300-499 units"
"HOUSING AUTHORITY OF LAKE CITY","SC018",316,69,33.883409,-79.765155,"SC",316,3,"300-499 units"
"HOUSING AUTHORITY OF UNION","SC019",274,54,34.7142,-81.5944,"SC",560,4,"500-999 units"
"HOUSING AUTHORITY OF CHESTER","SC020",273,61,34.708351,-81.222177,"SC",385,3,"300-499 units"
"HOUSING AUTHORITY OF MARION","SC021",153,-5,34.182629,-79.389319,"SC",526,4,"500-999 units"
"HOUSING AUTHORITY OF ROCK HILL","SC022",598,87,34.9124,-81.0196,"SC",967,4,"500-999 units"
"HOUSING AUTHORITY OF SUMTER","SC023",941,88,33.918904,-80.340819,"SC",1268,5,"1,000-2,999 units"
"SC REGIONAL HOUSING AUTHORITY NO 3","SC024",584,78,33.257226,-81.376538,"SC",1356,5,"1,000-2,999 units"
"HOUSING AUTHORITY OF CONWAY","SC025",373,99,33.832243,-79.072464,"SC",631,4,"500-999 units"
"HOUSING AUTHORITY OF BEAUFORT","SC026",642,76,32.435372,-80.672989,"SC",933,4,"500-999 units"
"HOUSING AUTHORITY OF FLORENCE","SC027",811,75,34.192081,-79.760748,"SC",1615,5,"1,000-2,999 units"
"HOUSING AUTHORITY OF GEORGETOWN","SC028",167,65,33.383542,-79.292224,"SC",460,3,"300-499 units"
"HOUSING AUTHORITY OF HARTSVILLE","SC029",214,69,34.357306,-80.068317,"SC",314,3,"300-499 units"
"HOUSING AUTHORITY OF GREENWOOD","SC030",975,90,34.168753,-82.138203,"SC",1198,5,"1,000-2,999 units"
"HOUSING AUTHORITY OF CHERAW","SC031",184,61,34.681617,-79.90571,"SC",411,3,"300-499 units"
"Housing Authority of Lancaster","SC032",252,84,34.704663,-80.786716,"SC",392,3,"300-499 units"
"HOUSING AUTHORITY OF MULLINS","SC033",63,54,34.217729,-79.250632,"SC",257,2,"100-299 units"
"HOUSING AUTHORITY OF MYRTLE BEACH","SC034",1021,76,33.696434,-78.882628,"SC",1021,5,"1,000-2,999 units"
"HOUSING AUTHORITY OF NEWBERRY","SC035",279,69,34.300156,-81.634419,"SC",594,4,"500-999 units"
"HOUSING AUTHORITY OF FORT MILL","SC036",158,85,35.008366,-80.929069,"SC",158,2,"100-299 units"
"HOUSING AUTHORITY OF ANDERSON","SC037",505,85,34.495958,-82.632751,"SC",782,4,"500-999 units"
"HOUSING AUTHORITY OF YORK","SC046",237,76,34.990653,-81.247423,"SC",362,3,"300-499 units"
"CHARLESTON CO HSG & REDEV AUTH","SC056",1107,95,32.812542,-79.952295,"SC",1506,5,"1,000-2,999 units"
"HOUSING AUTHORITY OF N CHARLESTON","SC057",2327,95,32.911189,-80.024822,"SC",2327,5,"1,000-2,999 units"
"MARLBORO CO HSG & REDEV AUTHORITY","SC059",258,75,34.570493,-79.53791,"SC",312,3,"300-499 units"
"SC STATE HOUSING AUTHORITY","SC911",2157,81,34.028736,-81.127424,"SC",2157,5,"1,000-2,999 units"
"City of Lennox Housing and Redevelopment Commission","SD010",35,80,43.354143,-96.886063,"SD",64,1,"1-99 units"
"Madison Housing and Redevelopment Commission","SD011",161,-5,44.004607,-97.109942,"SD",254,2,"100-299 units"
"City of Mitchell Housing & Redevelopment Comm","SD014",142,60,43.724211,-98.024318,"SD",142,2,"100-299 units"
"Sioux Falls Housing and Redevelopment Commission","SD016",1928,95,43.5402,-96.731074,"SD",2026,5,"1,000-2,999 units"
"Redfield Housing and Redevelopment Commission","SD026",70,54,44.871883,-98.519759,"SD",70,1,"1-99 units"
"Aberdeen Housing & Redevelopment Commission","SD034",590,75,45.462024,-98.455917,"SD",690,4,"500-999 units"
"Pierre Housing & Redevelopment Commision","SD035",241,51,44.369401,-100.355206,"SD",291,2,"100-299 units"
"Huron Housing Authority","SD036",262,63,44.363786,-98.211016,"SD",262,2,"100-299 units"
"Milbank Housing & Redevelopment Commission","SD037",67,61,45.218123,-96.637119,"SD",67,1,"1-99 units"
"Canton Housing & Redevopment Commission","SD039",71,68,43.300765,-96.603739,"SD",91,1,"1-99 units"
"Watertown Housing and Redevelopment Commission","SD043",315,-5,44.900395,-97.114919,"SD",400,3,"300-499 units"
"Pennington County Housing and Redevelopment Commission","SD045",1447,95,44.076716,-103.249017,"SD",1947,5,"1,000-2,999 units"
"Meade County Housing and Redevelopment Commission","SD047",260,79,44.412485,-103.513063,"SD",339,3,"300-499 units"
"Lawrence County Housing & Redevelopment Commi","SD048",303,62,44.412485,-103.513063,"SD",303,3,"300-499 units"
"Vermillion Housing and Redevelopment Commissi","SD055",299,53,42.780004,-96.931822,"SD",299,2,"100-299 units"
"Brookings Housing & Redevelopment Commission","SD056",434,52,44.290763,-96.798902,"SD",441,3,"300-499 units"
"Mobridge Housing & Redevelopment Commission","SD057",154,57,45.534422,-100.432102,"SD",196,2,"100-299 units"
"Yankton Housing & Redevelopment Commission","SD058",164,93,42.871394,-97.393533,"SD",164,2,"100-299 units"
"Butte County Housing Authority","SD059",23,83,44.412485,-103.513063,"SD",23,1,"1-99 units"
"Memphis Housing Authority","TN001",8286,94,35.14527,-90.040033,"TN",10393,8,"10,000-29,999 units"
"Johnson City Housing Authority","TN002",674,93,36.323449,-82.334621,"TN",1094,5,"1,000-2,999 units"
"Knoxville's Community Development Corp.","TN003",4168,74,35.979511,-83.923671,"TN",4652,6,"3,000-4,999 units"
"Chattanooga Housing Authority","TN004",3919,79,35.049423,-85.277077,"TN",5858,7,"5,000-9,999 units"
"Metropolitan Development & Housing Agency","TN005",7427,87,36.165841,-86.758639,"TN",7502,7,"5,000-9,999 units"
"Kingsport Housing and Redevelopment Authority","TN006",1756,81,36.542327,-82.54967,"TN",1756,5,"1,000-2,999 units"
"Jackson Housing Authority","TN007",1461,91,35.623649,-88.814741,"TN",2115,5,"1,000-2,999 units"
"LaFollette Housing Authority","TN012",333,65,36.378638,-84.112904,"TN",1449,5,"1,000-2,999 units"
"Brownsville Housing Authority","TN013",220,87,35.590196,-89.25106,"TN",220,2,"100-299 units"
"Murfreesboro Housing Authority","TN020",935,85,35.849752,-86.392297,"TN",981,4,"500-999 units"
"Tullahoma Housing Authority","TN024",120,101,35.3843,-86.2426,"TN",389,3,"300-499 units"
"Etowah Housing Authority","TN026",122,75,35.33853,-84.528867,"TN",256,2,"100-299 units"
"Franklin Housing Authority","TN035",269,81,35.91472,-86.881065,"TN",422,3,"300-499 units"
"Morristown Housing Authority","TN038",432,93,36.203234,-83.301588,"TN",1103,5,"1,000-2,999 units"
"Crossville Housing Authority","TN042",420,80,35.947049,-85.029213,"TN",735,4,"500-999 units"
"Cleveland Housing Authority","TN054",229,69,35.160195,-84.870371,"TN",392,3,"300-499 units"
"Dayton Housing Authority","TN062",411,67,35.479992,-85.028264,"TN",713,4,"500-999 units"
"Maryville Housing Authority","TN065",356,86,35.759912,-83.981621,"TN",755,4,"500-999 units"
"Bristol Housing","TN066",210,97,36.572652,-82.188705,"TN",564,4,"500-999 units"
"Elizabethton Housing and Development Agency","TN076",258,84,36.3454,-82.1903,"TN",657,4,"500-999 units"
"Dickson Housing Authority","TN079",724,98,36.067438,-87.375659,"TN",849,4,"500-999 units"
"Oak Ridge Housing Authority","TN088",319,83,36.008668,-84.275263,"TN",446,3,"300-499 units"
"East Tennessee Human Resource Agency","TN113",837,65,35.922368,-84.087058,"TN",837,4,"500-999 units"
"Southeast Tennessee Human Resource Agency","TN117",231,87,35.404126,-85.374139,"TN",231,2,"100-299 units"
"Tennessee Housing Development Agency","TN903",6390,87,36.165209,-86.782142,"TN",6390,7,"5,000-9,999 units"
"Northern Marianas Housing Coproration","TQ901",369,93,15.181826,145.751125,"MP",369,3,"300-499 units"
"Austin Housing Authority","TX001",6801,79,30.246134,-97.735356,"TX",6801,7,"5,000-9,999 units"
"Housing Authority of the City of El Paso, TX","TX003",6111,86,31.759442,-106.48587,"TX",6474,7,"5,000-9,999 units"
"Housing Authority of Fort Worth","TX004",6317,77,32.74878,-97.340805,"TX",6582,7,"5,000-9,999 units"
"Houston Housing Authority","TX005",18569,91,29.739875,-95.484813,"TX",21499,8,"10,000-29,999 units"
"San Antonio Housing Authority","TX006",14165,73,29.415412,-98.498638,"TX",20359,8,"10,000-29,999 units"
"Housing Authority of the City of Brownsville","TX007",2746,97,25.921562,-97.481754,"TX",2973,5,"1,000-2,999 units"
"Corpus Christi Housing Authority","TX008",3497,85,27.756804,-97.414436,"TX",3497,6,"3,000-4,999 units"
"Housing Authority of the City of Dallas, Texa","TX009",20136,76,32.790029,-96.856757,"TX",23358,8,"10,000-29,999 units"
"Housing Authority of the City of Waco","TX010",2970,83,31.546408,-97.191003,"TX",3618,6,"3,000-4,999 units"
"Housing Authority of the City of Laredo","TX011",1705,95,27.517085,-99.500816,"TX",2472,5,"1,000-2,999 units"
"Housing Authority of the City of Baytown","TX012",841,81,29.750731,-94.943142,"TX",941,4,"500-999 units"
"Housing Authority of Texarkana","TX014",1046,82,33.432455,-94.080615,"TX",1046,5,"1,000-2,999 units"
"Del Rio Housing Authority","TX016",836,85,29.370362,-100.888148,"TX",1117,5,"1,000-2,999 units"
"Housing Authority of the City of Galveston","TX017",1567,96,29.293108,-94.819625,"TX",2017,5,"1,000-2,999 units"
"Housing Authority of Lubbock","TX018",1177,81,33.579818,-101.843357,"TX",1481,5,"1,000-2,999 units"
"Eagle Pass Housing Authority","TX019",490,91,28.708959,-100.486558,"TX",978,4,"500-999 units"
"Housing Authority of the City of Brownwood","TX021",505,77,31.727668,-98.997953,"TX",739,4,"500-999 units"
"Housing Authority of the City of Beaumont","TX023",2148,87,30.083157,-94.114206,"TX",2587,5,"1,000-2,999 units"
"San Benito Housing Authority","TX025",368,86,26.140839,-97.621968,"TX",485,3,"300-499 units"
"Housing Authority of McKinney","TX027",440,54,33.202366,-96.615175,"TX",491,3,"300-499 units"
"McAllen Housing Authority","TX028",1341,100,26.214537,-98.246389,"TX",1430,5,"1,000-2,999 units"
"Mercedes Housing Authority","TX029",424,72,26.146765,-97.912746,"TX",654,4,"500-999 units"
"Taylor Housing Authority","TX031",213,89,30.573901,-97.406942,"TX",259,2,"100-299 units"
"Housing Authority of the City of Texas City","TX032",831,93,29.385777,-94.905812,"TX",881,4,"500-999 units"
"Housing Authority of Port Arthur","TX034",3079,96,29.890892,-93.924558,"TX",3079,6,"3,000-4,999 units"
"Housing Authority of the City of Bay City","TX035",270,72,28.972482,-95.956948,"TX",355,3,"300-499 units"
"Housing Authority City of Orange","TX037",873,99,30.105111,-93.734522,"TX",1099,5,"1,000-2,999 units"
"Housing Authority of Breckenridge","TX039",99,88,32.76408,-98.908424,"TX",184,2,"100-299 units"
"Housing Authority of Cisco","TX042",73,63,32.389697,-98.971108,"TX",160,2,"100-299 units"
"Housing Authority of Jefferson","TX044",25,56,32.786762,-94.049762,"TX",75,1,"1-99 units"
"Mission Housing Authority","TX046",757,89,26.21141,-98.312181,"TX",1027,5,"1,000-2,999 units"
"Housing Authority of the City of Paris","TX048",297,101,33.655064,-95.563242,"TX",531,4,"500-999 units"
"Housing Authority of Pittsburg","TX049",28,57,33.00582,-94.978415,"TX",118,2,"100-299 units"
"Weslaco Housing Authority","TX051",489,88,26.167113,-97.974512,"TX",617,4,"500-999 units"
"Edinburg Housing Authority","TX062",1082,89,26.294961,-98.179641,"TX",1407,5,"1,000-2,999 units"
"Alamo Housing Authority","TX064",123,97,26.187216,-98.118729,"TX",167,2,"100-299 units"
"Harlingen Housing Authority","TX065",830,101,26.192918,-97.694332,"TX",1324,5,"1,000-2,999 units"
"The Housing Authority of the City of Gainesvi","TX072",421,62,33.624449,-97.138983,"TX",421,3,"300-499 units"
"Pharr Housing Authority","TX073",840,98,26.204783,-98.183106,"TX",1087,5,"1,000-2,999 units"
"Housing Authority of Quanah","TX075",113,56,34.3048,-99.7466,"TX",200,2,"100-299 units"
"Housing Authority of the City of Killeen","TX079",162,85,31.122598,-97.7296,"TX",162,2,"100-299 units"
"Victoria Housing Authority","TX085",354,72,28.83073,-96.98802,"TX",675,4,"500-999 units"
"San Marcos Housing Authority","TX087",244,89,29.887688,-97.923819,"TX",531,4,"500-999 units"
"Housing Authority of Rockwall","TX095",39,72,32.927614,-96.461466,"TX",103,2,"100-299 units"
"Edna Housing Authority","TX096",135,65,28.982711,-96.6462,"TX",165,2,"100-299 units"
"Crystal City Housing Authority","TX105",215,59,28.693546,-99.825894,"TX",503,4,"500-999 units"
"Housing Authority of Burkburnett","TX111",16,-4,34.095497,-98.563483,"TX",68,1,"1-99 units"
"Kingsville Housing Authority","TX114",654,87,27.530474,-97.881439,"TX",749,4,"500-999 units"
"Housing Authority of Plano","TX128",1022,-5,33.023685,-96.704715,"TX",1045,5,"1,000-2,999 units"
"Housing Authority of Cameron","TX134",144,64,30.855912,-96.980448,"TX",285,2,"100-299 units"
"Housing Authority of De Kalb","TX137",66,88,33.51204,-94.618043,"TX",120,2,"100-299 units"
"Kenedy Housing Authority","TX147",37,92,28.827181,-97.845011,"TX",109,2,"100-299 units"
"Beeville Housing Authority","TX152",374,61,28.398367,-97.75817,"TX",568,4,"500-999 units"
"Housing Authority of Merkel","TX158",23,-4,32.4868,-100.0111,"TX",47,1,"1-99 units"
"Robstown Housing Authority","TX163",216,80,27.796182,-97.679039,"TX",475,3,"300-499 units"
"Mathis Housing Authority","TX164",95,91,28.097285,-97.828596,"TX",181,2,"100-299 units"
"Port Isabel Housing Authority","TX173",120,81,26.069537,-97.219201,"TX",200,2,"100-299 units"
"Sinton Housing Authority","TX174",185,78,28.024949,-97.508799,"TX",269,2,"100-299 units"
"Nixon Housing Authority","TX175",16,-4,29.271462,-97.760974,"TX",49,1,"1-99 units"
"Donna Housing Authority","TX177",300,92,26.155807,-98.046708,"TX",418,3,"300-499 units"
"Alice Housing Authority","TX178",158,97,27.749486,-98.062032,"TX",400,3,"300-499 units"
"Housing Authority of Tulia","TX183",57,-4,34.534473,-101.765606,"TX",106,2,"100-299 units"
"Housing Authority of Floydada","TX189",140,66,33.984265,-101.332552,"TX",198,2,"100-299 units"
"Floresville Housing Authority","TX193",133,54,29.14194,-98.161651,"TX",173,2,"100-299 units"
"Housing Authority of Baird","TX197",88,56,32.394281,-99.392815,"TX",138,2,"100-299 units"
"Falfurrias Housing Authority","TX201",185,59,27.219551,-98.149056,"TX",308,3,"300-499 units"
"Edcouch Housing Authority","TX202",57,79,26.295836,-97.961866,"TX",91,1,"1-99 units"
"Los Fresnos Housing Authority","TX206",106,77,26.075233,-97.47577,"TX",144,2,"100-299 units"
"Pleasanton Housing Authority","TX208",112,60,28.964522,-98.487659,"TX",172,2,"100-299 units"
"Devine Housing Authority","TX210",53,83,29.139735,-98.907606,"TX",123,2,"100-299 units"
"Housing Authority of Wills Point","TX217",43,-5,32.715995,-96.0061,"TX",100,2,"100-299 units"
"Elsa Housing Authority","TX224",136,101,26.295434,-97.995954,"TX",255,2,"100-299 units"
"Poteet Housing Authority","TX236",27,70,29.039771,-98.579601,"TX",87,1,"1-99 units"
"Edgewood Housing","TX242",37,92,32.699147,-95.884883,"TX",87,1,"1-99 units"
"Housing Authority of Slaton","TX257",64,105,33.4373,-101.6477,"TX",134,2,"100-299 units"
"Bastrop Housing Authority","TX259",26,81,30.112824,-97.321908,"TX",76,1,"1-99 units"
"Georgetown Housing Authority","TX264",105,96,30.627543,-97.678771,"TX",263,2,"100-299 units"
"Smithville Housing Authority","TX266",48,83,29.999141,-97.151218,"TX",134,2,"100-299 units"
"Housing Authority of Alto","TX272",226,72,31.654204,-95.073379,"TX",293,2,"100-299 units"
"Housing Authority City of Alpine","TX284",123,-5,30.365614,-103.664663,"TX",173,2,"100-299 units"
"Housing Authority the City of Mineral Wells","TX298",235,65,32.828428,-98.111379,"TX",293,2,"100-299 units"
"Carrizo Springs Housing Authority","TX300",149,56,28.522403,-99.859164,"TX",230,2,"100-299 units"
"Gregory Housing Authority","TX302",100,90,27.9325,-97.2884,"TX",100,2,"100-299 units"
"Seguin Housing Authority","TX303",286,88,29.566562,-97.970115,"TX",474,3,"300-499 units"
"Cuero Housing Authority","TX309",106,52,29.091737,-97.292804,"TX",276,2,"100-299 units"
"Aransas Pass Housing Authority","TX313",215,95,27.915799,-97.15666,"TX",332,3,"300-499 units"
"Round Rock Housing Authority","TX322",107,83,30.514441,-97.663167,"TX",207,2,"100-299 units"
"Housing Authority of the City of Abilene","TX327",1779,82,32.437179,-99.737227,"TX",1992,5,"1,000-2,999 units"
"Housing Authority of the City of Brenham","TX330",328,54,30.185155,-96.402848,"TX",458,3,"300-499 units"
"Housing Authority of the City of Pearsall","TX332",121,72,28.889687,-99.10159,"TX",201,2,"100-299 units"
"Cotulla Housing Authority","TX335",50,94,28.3375,-99.0979,"TX",110,2,"100-299 units"
"Housing Authority of Tatum","TX341",107,98,32.31806,-94.524561,"TX",107,2,"100-299 units"
"New Braunfels Housing Authority","TX343",303,79,29.702676,-98.142158,"TX",473,3,"300-499 units"
"Weatherford Housing Authority","TX349",524,88,32.757296,-97.813628,"TX",524,4,"500-999 units"
"Schertz Housing Authority","TX350",157,97,29.556152,-98.264011,"TX",233,2,"100-299 units"
"Burnet Housing Authority","TX358",332,98,30.7102,-98.3239,"TX",372,3,"300-499 units"
"Duval County Housing Authority","TX376",120,75,27.8566,-98.3409,"TX",172,2,"100-299 units"
"Elgin Housing Authority","TX377",89,-5,30.345872,-97.363426,"TX",117,2,"100-299 units"
"Housing Authority of the City of Palacios","TX378",60,52,28.722223,-96.208624,"TX",104,2,"100-299 units"
"La Grange Housing Authority","TX381",94,-5,29.913625,-96.884723,"TX",176,2,"100-299 units"
"Denton Housing Authority","TX392",1885,74,33.208206,-97.118032,"TX",1885,5,"1,000-2,999 units"
"Port Lavaca Housing Authority","TX395",105,68,28.615077,-96.633621,"TX",155,2,"100-299 units"
"Starr County Housing Authority","TX396",218,67,26.397318,-98.838481,"TX",296,2,"100-299 units"
"Dilley Housing Authority","TX397",37,-4,28.675145,-99.178002,"TX",37,1,"1-99 units"
"Uvalde Housing Authority","TX421",265,81,29.218571,-99.757433,"TX",265,2,"100-299 units"
"Tarrant County Housing Assistance Office","TX431",3206,90,32.675662,-97.303994,"TX",3206,6,"3,000-4,999 units"
"El Paso County Housing Authority","TX432",192,65,31.5294,-106.2085,"TX",224,2,"100-299 units"
"Arlington Housing Authority","TX433",3888,81,32.74303,-97.112715,"TX",3888,6,"3,000-4,999 units"
"Grand Prairie Housing & Neighborhood Services","TX434",3028,92,32.74649,-97.005296,"TX",3028,6,"3,000-4,999 units"
"Garland Housing Authority","TX435",1570,82,32.906931,-96.628332,"TX",1570,5,"1,000-2,999 units"
"City of Mesquite Housing Office","TX436",1548,88,32.785763,-96.604357,"TX",1548,5,"1,000-2,999 units"
"Anthony Housing Authority","TX439",458,64,31.998796,-106.595098,"TX",483,3,"300-499 units"
"City of Pasadena Housing Assistance Program","TX440",1095,90,29.694303,-95.196961,"TX",1095,5,"1,000-2,999 units"
"Harris County Housing Authority","TX441",4833,94,29.736033,-95.343332,"TX",4833,6,"3,000-4,999 units"
"Boerne Housing Authority","TX444",101,56,29.792888,-98.730763,"TX",101,2,"100-299 units"
"Hidalgo Housing Authority","TX445",70,61,26.103808,-98.254509,"TX",70,1,"1-99 units"
"San Juan Housing Authority","TX447",155,83,26.195173,-98.163465,"TX",155,2,"100-299 units"
"La Joya Housing Authority","TX448",132,86,26.238174,-98.481053,"TX",182,2,"100-299 units"
"Roma Housing Authority","TX449",108,91,26.403668,-99.004903,"TX",164,2,"100-299 units"
"Bexar County Housing Authority","TX452",2216,90,29.424889,-98.466113,"TX",2216,5,"1,000-2,999 units"
"Willacy County Housing Authority","TX454",61,93,26.4856,-97.8143,"TX",61,1,"1-99 units"
"Housing Authority City of Odessa","TX455",1329,60,31.845743,-102.367208,"TX",1402,5,"1,000-2,999 units"
"Tyler Housing Agency","TX456",1022,100,32.359303,-95.310302,"TX",1022,5,"1,000-2,999 units"
"Housing Authority of Marshall","TX457",655,69,32.554998,-94.354886,"TX",729,4,"500-999 units"
"Grayson County Housing Authority","TX458",397,69,33.632141,-96.628869,"TX",397,3,"300-499 units"
"Longview Housing Authority","TX459",1263,76,32.505467,-94.729875,"TX",1263,5,"1,000-2,999 units"
"Housing Authority of Walker County","TX461",258,97,30.733942,-95.572889,"TX",258,2,"100-299 units"
"San Angelo Housing Authority","TX470",1020,75,31.492562,-100.442974,"TX",1020,5,"1,000-2,999 units"
"City of Amarillo","TX472",1851,63,35.204894,-101.832612,"TX",1851,5,"1,000-2,999 units"
"Housing Authority of Travis County","TX480",729,92,30.32748,-97.709781,"TX",729,4,"500-999 units"
"Panhandle Community Services","TX481",2060,76,35.20739,-101.851969,"TX",2060,5,"1,000-2,999 units"
"Central Texas Council of Governments","TX482",3458,59,31.077143,-97.457368,"TX",3458,6,"3,000-4,999 units"
"Housing Authority of the City of Rosenberg","TX483",528,87,29.572307,-95.773447,"TX",528,4,"500-999 units"
"Brazoria County Housing Authority, TX","TX484",599,93,29.173734,-95.415359,"TX",599,4,"500-999 units"
"Big Spring Housing Authority","TX485",370,59,32.260474,-101.479498,"TX",370,3,"300-499 units"
"Housing Authority of the City of Nacogdoches","TX486",1108,96,31.610333,-94.627428,"TX",1108,5,"1,000-2,999 units"
"Anderson County Housing Authority","TX488",397,55,31.625007,-95.580095,"TX",397,3,"300-499 units"
"Terrell Housing Authority","TX493",462,70,32.73696,-96.276299,"TX",462,3,"300-499 units"
"Cleburne Housing Agency","TX495",360,58,32.347071,-97.389772,"TX",360,3,"300-499 units"
"Hidalgo County Housing Authority","TX497",723,99,26.177662,-97.99077,"TX",778,4,"500-999 units"
"Wichita Falls Housing Assistance Program","TX498",997,86,33.909929,-98.498574,"TX",997,4,"500-999 units"
"Ark-Tex Council of Governments Housing Authority","TX499",2018,77,33.465426,-94.049383,"TX",2018,5,"1,000-2,999 units"
"Fort Stockton Housing Authority","TX500",165,53,30.886178,-102.879416,"TX",165,2,"100-299 units"
"Liberty County Housing Authority","TX505",271,89,30.06111,-94.794125,"TX",271,2,"100-299 units"
"Cameron County Housing Authority","TX509",1013,96,25.951134,-97.472653,"TX",1346,5,"1,000-2,999 units"
"Jim Hogg County Housing Authority","TX511",78,81,27.312262,-98.688309,"TX",78,1,"1-99 units"
"Deep East Texas Council of Governments","TX512",2001,87,31.453388,-94.746762,"TX",2001,5,"1,000-2,999 units"
"South Plains Regional Housing Authority","TX514",484,77,33.586404,-102.37179,"TX",484,3,"300-499 units"
"Jacksonville Housing Authority","TX516",211,-5,31.95849,-95.269185,"TX",211,2,"100-299 units"
"Athens Housing Authority","TX519",244,91,32.215137,-95.853662,"TX",244,2,"100-299 units"
"Greenville","TX522",792,79,33.131589,-96.128349,"TX",792,4,"500-999 units"
"Electra Housing Authority","TX523",15,-4,34.029971,-98.9086,"TX",15,1,"1-99 units"
"Brazos Valley Council of Governments","TX526",2018,84,30.646091,-96.333178,"TX",2018,5,"1,000-2,999 units"
"Midland County Housing Authority","TX534",487,95,32.01594,-102.074557,"TX",487,3,"300-499 units"
"City of Lamesa","TX535",113,90,32.731301,-101.954917,"TX",113,2,"100-299 units"
"Hale County Housing Authority","TX537",385,79,34.185834,-101.702688,"TX",385,3,"300-499 units"
"Texoma Council of Governments","TX542",1211,70,33.672958,-96.602342,"TX",1211,5,"1,000-2,999 units"
"Housing Authority of Ralls","TX546",48,92,33.67803,-101.383978,"TX",84,1,"1-99 units"
"Dallas County Housing Assistance Program","TX559",4595,78,32.803802,-96.835764,"TX",4595,6,"3,000-4,999 units"
"Housing Authority of Montgomery County","TX560",400,92,30.323347,-95.464439,"TX",400,3,"300-499 units"
"Texas Department of Housing & Community Affairs","TX901",1824,-5,30.272141,-97.739586,"TX",1824,5,"1,000-2,999 units"
"Housing Authority of the City of Ogden","UT002",1215,85,41.246144,-111.972216,"UT",1457,5,"1,000-2,999 units"
"Housing Authority of the County of Salt Lake","UT003",3286,86,40.693382,-111.89088,"UT",3532,6,"3,000-4,999 units"
"Housing Authority of Salt Lake City","UT004",3054,91,40.732305,-111.893979,"UT",3322,6,"3,000-4,999 units"
"Beaver City Housing Authority","UT006",32,-5,38.274636,-112.646302,"UT",50,1,"1-99 units"
"Housing Authority of the City of Provo","UT007",943,94,40.235308,-111.670812,"UT",1191,5,"1,000-2,999 units"
"Davis Community Housing Authority","UT009",1124,67,40.975062,-111.892121,"UT",1282,5,"1,000-2,999 units"
"Housing Authority of Utah County","UT011",1126,81,40.240053,-111.662363,"UT",1126,5,"1,000-2,999 units"
"Housing Authority of Southeastern Utah","UT014",82,76,38.573433,-109.544474,"UT",82,1,"1-99 units"
"Housing Authority of Carbon County","UT016",363,53,39.596666,-110.78656,"UT",484,3,"300-499 units"
"Tooele County Housing Authority","UT020",241,81,40.530779,-112.300363,"UT",263,2,"100-299 units"
"St. George Housing Authority","UT021",313,83,37.125395,-113.620447,"UT",343,3,"300-499 units"
"Weber Housing Authority","UT022",292,61,41.218447,-111.974976,"UT",292,2,"100-299 units"
"West Valley City Housing Authority","UT025",537,94,40.696752,-111.998857,"UT",537,4,"500-999 units"
"Logan City Housing Authority","UT026",451,83,41.734569,-111.834652,"UT",451,3,"300-499 units"
"Roosevelt City Housing Authority","UT028",95,75,40.296863,-109.990545,"UT",95,1,"1-99 units"
"Myton City Housing Authority","UT029",37,65,40.194702,-110.061107,"UT",37,1,"1-99 units"
"Bear River Regional Housing Authority","UT030",151,84,41.734569,-111.834652,"UT",151,2,"100-299 units"
"Cedar City Housing Authority","UT031",277,-5,37.670969,-113.060145,"UT",277,2,"100-299 units"
"Portsmouth Redevelopment & Housing Authority","VA001",2721,69,36.831527,-76.339993,"VA",3284,6,"3,000-4,999 units"
"Bristol Redevelopment & Housing Authority","VA002",346,71,36.6111,-82.1816,"VA",708,4,"500-999 units"
"Newport News Redevelopment & Housng Authority","VA003",3036,91,36.979373,-76.43067,"VA",3873,6,"3,000-4,999 units"
"Alexandria Redevelopment & Housing Authority","VA004",2044,71,38.811667,-77.042412,"VA",2871,5,"1,000-2,999 units"
"Hopewell Redevelopment & Housing Authority","VA005",611,91,37.304837,-77.282916,"VA",867,4,"500-999 units"
"Norfolk Redevelopment & Housing Authority","VA006",5234,78,36.845536,-76.287924,"VA",7568,7,"5,000-9,999 units"
"Richmond Redevelopment & Housing Authority","VA007",3978,89,37.552193,-77.440779,"VA",7477,7,"5,000-9,999 units"
"Danville Redevelopment & Housing Authority","VA010",1722,80,36.567543,-79.385417,"VA",2207,5,"1,000-2,999 units"
"Roanoke Redevelopment & Housing Authority","VA011",2294,80,37.284711,-79.981152,"VA",3574,6,"3,000-4,999 units"
"Chesapeake Redevelopment & Housing Authority","VA012",1834,81,36.798195,-76.233044,"VA",2301,5,"1,000-2,999 units"
"Lynchburg Redevelopment & Housing Authority","VA013",1179,79,37.41529,-79.140987,"VA",1507,5,"1,000-2,999 units"
"Harrisonburg Redevelopment & Housing Authorit","VA014",964,75,38.453971,-78.859307,"VA",964,4,"500-999 units"
"Norton Redevelopment & Housing Authority","VA015",113,94,36.936041,-82.628616,"VA",331,3,"300-499 units"
"Charlottesville Redev & Housing Authority","VA016",689,66,38.0265,-78.483744,"VA",1026,5,"1,000-2,999 units"
"Hampton Redevelopment & Housing Authority","VA017",3259,84,37.024958,-76.347928,"VA",3519,6,"3,000-4,999 units"
"Franklin Redevelopment and Housing Authority","VA018",366,80,36.669149,-76.948635,"VA",369,3,"300-499 units"
"Fairfax County Redevelopment & Hsg Authority","VA019",5419,93,38.862927,-77.33112,"VA",5419,7,"5,000-9,999 units"
"Petersburg Redevelopment & Housing Authority","VA020",899,85,37.225305,-77.402355,"VA",1117,5,"1,000-2,999 units"
"Wytheville Redev. & Housing Authority","VA021",160,81,36.957415,-81.075885,"VA",380,3,"300-499 units"
"Waynesboro Redevelopment & Housing Authority","VA022",486,74,38.079827,-78.89875,"VA",674,4,"500-999 units"
"Staunton Redevelopment & Housing Authority","VA023",238,84,38.148829,-79.097558,"VA",238,2,"100-299 units"
"Wise County Redevelopment & Housing Authority","VA024",751,79,36.951524,-82.472326,"VA",944,4,"500-999 units"
"Suffolk Redevelopment and Housing Authority","VA025",1245,81,36.73847,-76.568497,"VA",1711,5,"1,000-2,999 units"
"Arlington County Dept of Human Services","VA028",1671,85,38.87372,-77.083943,"VA",1671,5,"1,000-2,999 units"
"Marion Redevelopment & Housing Authority","VA030",250,91,36.828757,-81.521124,"VA",488,3,"300-499 units"
"Scott County Redev. & Housing Authority","VA031",201,89,36.713885,-82.811564,"VA",312,3,"300-499 units"
"Abingdon Redevelopment and Housing Authority","VA032",121,65,36.712104,-81.969879,"VA",149,2,"100-299 units"
"Lee County Redevelopment & Housing Authority","VA034",532,80,36.681405,-83.124403,"VA",607,4,"500-999 units"
"Loudoun County DHCD","VA035",787,58,39.107055,-77.562279,"VA",787,4,"500-999 units"
"County of Albemarle/Office of Housing","VA036",540,57,38.005758,-78.518004,"VA",574,4,"500-999 units"
"Covington Redevelopment & Housing Authority","VA037",62,76,37.789417,-79.995058,"VA",62,1,"1-99 units"
"Big Stone Gap Redevelopment and Housing Auth.","VA038",124,95,36.848946,-82.777475,"VA",124,2,"100-299 units"
"Va. Beach Dept. of Hsg & Neighborhood Pres.","VA039",2176,88,36.751593,-76.057006,"VA",2176,5,"1,000-2,999 units"
"Accomack-Northampton Regional Housing Auth","VA040",542,89,37.72012,-75.667646,"VA",542,4,"500-999 units"
"James City County Office of Housing","VA041",195,89,37.285601,-76.733062,"VA",195,2,"100-299 units"
"People Inc. of Southwest Virginia","VA042",158,56,36.697252,-82.01381,"VA",158,2,"100-299 units"
"Buckingham Housing Development Corp. Inc.","VA044",137,86,37.639703,-78.358835,"VA",137,2,"100-299 units"
"Prince William County Office of HCD","VA046",2198,78,38.608407,-77.2937,"VA",2198,5,"1,000-2,999 units"
"Virginia Housing Development Authority","VA901",10043,88,37.53783,-77.448956,"VA",10123,8,"10,000-29,999 units"
"VIRGIN ISLANDS HOUSING AUTHORITY","VQ901",2162,68,18.3382,-64.9098,"VI",2162,5,"1,000-2,999 units"
"Burlington Housing Authority","VT001",2467,77,44.475611,-73.217063,"VT",2467,5,"1,000-2,999 units"
"Brattleboro Housing Authority","VT002",459,73,42.85368,-72.59691,"VT",485,3,"300-499 units"
"Rutland Housing Authority","VT003",446,92,43.613988,-72.965305,"VT",446,3,"300-499 units"
"Springfield Housing Authority","VT004",196,82,43.297311,-72.482006,"VT",196,2,"100-299 units"
"Barre Housing Authority","VT005",189,53,44.19699,-72.500154,"VT",550,4,"500-999 units"
"Winooski Housing Authority","VT006",562,81,44.490919,-73.18394,"VT",577,4,"500-999 units"
"Montpelier Housing Authority","VT008",125,95,44.262548,-72.57121,"VT",185,2,"100-299 units"
"Bennington Housing Authority","VT009",459,82,42.898587,-73.205239,"VT",459,3,"300-499 units"
"Vermont State Housing Authority","VT901",4425,81,44.25667,-72.578523,"VT",4455,6,"3,000-4,999 units"
"Seattle Housing Authority","WA001",12373,86,47.619649,-122.356516,"WA",17790,8,"10,000-29,999 units"
"HA OF KING COUNTY","WA002",11045,91,47.450455,-122.254125,"WA",13508,8,"10,000-29,999 units"
"Housing Authority of the City of Bremerton","WA003",1941,75,47.567365,-122.629995,"WA",2181,5,"1,000-2,999 units"
"Peninsula Housing Authority","WA004",903,84,48.103178,-123.429224,"WA",903,4,"500-999 units"
"HA City of Tacoma","WA005",5320,82,47.253845,-122.453856,"WA",5396,7,"5,000-9,999 units"
"Housing Authority of the City of Everett","WA006",3327,98,47.976458,-122.208326,"WA",3552,6,"3,000-4,999 units"
"Housing Authority City of Longview","WA007",1538,87,46.128561,-122.934751,"WA",1538,5,"1,000-2,999 units"
"Housing Authority of the City of Vancouver","WA008",3328,73,45.639459,-122.671649,"WA",3517,6,"3,000-4,999 units"
"HA City of Renton","WA011",657,80,47.499424,-122.179298,"WA",657,4,"500-999 units"
"HA City of Kennewick","WA012",1099,72,46.204824,-119.144883,"WA",1289,5,"1,000-2,999 units"
"Columbia Gorge Housing Authority","WA013",354,75,45.599678,-121.178911,"OR",354,3,"300-499 units"
"HA Of Grant County","WA014",237,98,47.176429,-119.326191,"WA",455,3,"300-499 units"
"HA Of Asotin County","WA017",220,90,46.421889,-117.054006,"WA",360,3,"300-499 units"
"HA Of Grays Harbor County","WA018",641,89,46.979055,-123.814035,"WA",641,4,"500-999 units"
"HA City of Kelso","WA020",312,89,46.1317,-122.8753,"WA",428,3,"300-499 units"
"HA City of Pasco and Franklin County","WA021",357,87,46.231413,-119.123547,"WA",637,4,"500-999 units"
"HA Of Island County","WA024",319,69,48.217589,-122.686248,"WA",429,3,"300-499 units"
"Housing Authority City of Bellingham","WA025",1918,84,48.752999,-122.47643,"WA",2422,5,"1,000-2,999 units"
"Kitsap County Consolidated Housing Auth","WA036",407,71,47.650674,-122.680727,"WA",543,4,"500-999 units"
"Housing Authority of Snohomish County","WA039",4185,89,47.883497,-122.238561,"WA",4185,6,"3,000-4,999 units"
"HA City of Yakima","WA042",1298,82,46.611593,-120.520137,"WA",1298,5,"1,000-2,999 units"
"HA Of Thurston County","WA049",2254,80,47.038447,-122.886151,"WA",2294,5,"1,000-2,999 units"
"HA Of Pierce County","WA054",2965,87,47.156871,-122.438998,"WA",3089,6,"3,000-4,999 units"
"HA City of Spokane","WA055",5748,88,47.673758,-117.411566,"WA",5800,7,"5,000-9,999 units"
"HA City of Walla Walla","WA057",1085,92,46.068169,-118.351471,"WA",1085,5,"1,000-2,999 units"
"Housing Authority of Skagit County","WA061",697,68,48.454068,-122.327224,"WA",697,4,"500-999 units"
"HA Of Chelan Co and the City of Wenatchee","WA064",693,71,47.400965,-120.308157,"WA",693,4,"500-999 units"
"Housing Authority of Okanogan County","WA071",408,-5,48.403971,-119.536483,"WA",408,3,"300-499 units"
"Housing Authority of the City of Superior","WI001",178,82,46.729244,-92.095569,"WI",644,4,"500-999 units"
"Housing Authority of the City of Milwaukee","WI002",7585,73,43.041348,-87.908335,"WI",9899,7,"5,000-9,999 units"
"Madison Community Development Authority","WI003",2064,82,43.072966,-89.381568,"WI",2798,5,"1,000-2,999 units"
"La Crosse Housing Authority","WI006",199,63,43.81635,-91.237692,"WI",792,4,"500-999 units"
"Marshfield Community Development Authority","WI011",99,54,44.661177,-90.173891,"WI",308,3,"300-499 units"
"Wausau Community Development Authority","WI031",591,71,44.951321,-89.623164,"WI",637,4,"500-999 units"
"Kaukauna Housing Authority","WI043",144,82,44.271755,-88.275455,"WI",144,2,"100-299 units"
"Shawano Housing Authority","WI045",52,79,44.77287,-88.597382,"WI",198,2,"100-299 units"
"Sheboygan Housing Authority","WI047",304,66,43.751023,-87.715735,"WI",439,3,"300-499 units"
"New London Housing Authority","WI048",101,62,44.389125,-88.737019,"WI",163,2,"100-299 units"
"River Falls Housing Authority","WI060",80,68,44.865068,-92.622884,"WI",150,2,"100-299 units"
"Beloit Housing Authority","WI064",603,72,42.507075,-89.039699,"WI",734,4,"500-999 units"
"City of Appleton Housing Authority","WI065",610,94,44.287208,-88.420911,"WI",822,4,"500-999 units"
"Wisconsin Rapids Housing Authority","WI068",312,75,44.371548,-89.814401,"WI",442,3,"300-499 units"
"Mauston Housing Authority","WI069",117,67,43.799837,-90.07304,"WI",167,2,"100-299 units"
"Rhinelander Housing Authority","WI070",144,-5,45.641179,-89.417661,"WI",194,2,"100-299 units"
"West Bend Housing Authority","WI083",248,75,43.428696,-88.197438,"WI",248,2,"100-299 units"
"Antigo Housing Authority","WI085",153,93,45.14342,-89.148589,"WI",153,2,"100-299 units"
"Dodgeville Housing Authority","WI091",83,67,42.959157,-90.130341,"WI",83,1,"1-99 units"
"Tomah Public Housing Authority","WI096",119,61,43.986145,-90.513283,"WI",147,2,"100-299 units"
"Washburn Housing Authority","WI127",76,64,46.677337,-90.886303,"WI",112,2,"100-299 units"
"Ashland Housing Authority","WI131",68,82,46.587192,-90.889968,"WI",235,2,"100-299 units"
"Waukesha Housing Authority","WI142",1331,71,43.012242,-88.220561,"WI",1594,5,"1,000-2,999 units"
"Dunn County Housing Authority","WI160",95,67,44.879677,-91.912685,"WI",95,1,"1-99 units"
"Trempealeau County Housing Authority","WI166",226,84,44.368792,-91.316504,"WI",286,2,"100-299 units"
"Housing Authority of Racine County","WI183",1716,77,42.723732,-87.782546,"WI",1716,5,"1,000-2,999 units"
"Brown County Housing Authority","WI186",3537,75,44.513881,-88.014325,"WI",3537,6,"3,000-4,999 units"
"Eau Claire County Housing Authority","WI193",358,66,44.806925,-91.434866,"WI",373,3,"300-499 units"
"Kenosha Housing Authority","WI195",1243,90,42.587893,-87.824351,"WI",1243,5,"1,000-2,999 units"
"CDA of the City of West Allis","WI201",638,79,43.01648,-88.006236,"WI",638,4,"500-999 units"
"Evansville Housing Authority","WI203",82,79,42.773078,-89.301422,"WI",82,1,"1-99 units"
"Sauk County Housing Authority","WI204",349,54,43.474832,-89.721444,"WI",389,3,"300-499 units"
"Monroe County Housing Authority","WI205",136,61,43.939308,-90.826193,"WI",136,2,"100-299 units"
"Door County Housing Authority","WI206",259,76,44.836156,-87.364438,"WI",259,2,"100-299 units"
"Platteville Housing Authority","WI208",132,67,42.734771,-90.478436,"WI",132,2,"100-299 units"
"Housing Authority of Winnebago County, WI","WI213",484,88,44.019801,-88.529301,"WI",568,4,"500-999 units"
"Dane County Housing Authority","WI214",1384,73,43.04529,-89.348075,"WI",1470,5,"1,000-2,999 units"
"Milwaukee Co DHHS - Housing Division","WI218",2147,75,43.052795,-87.919359,"WI",2147,5,"1,000-2,999 units"
"Janesville Neighborhood Services","WI219",558,85,42.681784,-89.027011,"WI",558,4,"500-999 units"
"Lafayette County Housing Authority","WI221",55,-5,42.683051,-90.110221,"WI",55,1,"1-99 units"
"Sawyer County Housing Authority","WI222",210,82,46.015387,-91.4898,"WI",210,2,"100-299 units"
"Ashland County Housing Authority","WI231",71,73,46.325887,-90.660818,"WI",111,2,"100-299 units"
"Dodge County Housing Authority","WI233",157,80,43.408233,-88.697279,"WI",157,2,"100-299 units"
"Portage County Housing Authority","WI237",256,75,44.525286,-89.582616,"WI",256,2,"100-299 units"
"Marinette County Housing Authority","WI241",238,74,45.378956,-87.954212,"WI",238,2,"100-299 units"
"Walworth County Housing Authority","WI244",429,75,42.672172,-88.545915,"WI",429,3,"300-499 units"
"Barron County Housing Authority","WI245",242,63,45.397114,-91.849778,"WI",242,2,"100-299 units"
"Fond du Lac County Housing Authority","WI246",436,80,43.779271,-88.444472,"WI",479,3,"300-499 units"
"Chippewa County Housing Authority","WI248",451,85,44.940007,-91.396487,"WI",451,3,"300-499 units"
"Richland County Housing Authority","WI256",221,59,43.337538,-90.387672,"WI",221,2,"100-299 units"
"Wisconsin Housing & Economic Development Authority","WI901",2850,75,43.073127,-89.386064,"WI",2953,5,"1,000-2,999 units"
"Charleston/Kanawha Housing Authority","WV001",3171,91,38.371475,-81.660751,"WV",4328,6,"3,000-4,999 units"
"Housing Authority of the City of Wheeling","WV003",573,84,40.045974,-80.662691,"WV",1200,5,"1,000-2,999 units"
"Housing Authority of the City of Huntington","WV004",1451,91,38.413738,-82.459775,"WV",2349,5,"1,000-2,999 units"
"Housing Authority of the City of Parkersburg","WV005",1529,94,39.238771,-81.555647,"WV",1677,5,"1,000-2,999 units"
"Housing Authority of the City of Martinsburg","WV006",348,85,39.453874,-77.977904,"WV",675,4,"500-999 units"
"Fairmont/Morgantown Housing Authority","WV009",1208,89,39.468696,-80.15103,"WV",1344,5,"1,000-2,999 units"
"Housing Authority of the City of Keyser","WV010",222,96,39.435843,-78.987872,"WV",307,3,"300-499 units"
"Housing Authority of the City of Beckley","WV015",507,87,37.799099,-81.172684,"WV",733,4,"500-999 units"
"Housing Authority of the City of Weirton","WV016",540,-5,40.401872,-80.58177,"WV",651,4,"500-999 units"
"Housing Authority of the City of Pt. Pleasant","WV017",129,83,38.839955,-82.137598,"WV",268,2,"100-299 units"
"Housing Authority of the City of Bluefield","WV018",400,77,37.265092,-81.243323,"WV",563,4,"500-999 units"
"Clarksburg/Harrison Housing Authority","WV027",631,97,39.284537,-80.338109,"WV",954,4,"500-999 units"
"Grant County Housing Authority","WV034",64,83,38.9999,-79.1394,"WV",64,1,"1-99 units"
"Housing Authority of the County of Jackson","WV035",918,51,38.823355,-81.700536,"WV",1067,5,"1,000-2,999 units"
"Housing Authority of Mingo County","WV037",1469,102,37.711953,-82.184317,"WV",1504,5,"1,000-2,999 units"
"Housing Authority of Raleigh County","WV039",1818,84,37.7764,-81.1898,"WV",1878,5,"1,000-2,999 units"
"Housing Authority of Boone County","WV042",501,89,38.084591,-81.859056,"WV",576,4,"500-999 units"
"Housing Authority of Randolph County","WV045",707,94,38.9764,-79.8514,"WV",707,4,"500-999 units"
"Housing Authority of the City of Cheyenne","WY002",1944,92,41.161102,-104.76931,"WY",2285,5,"1,000-2,999 units"
"Rock Springs Housing Authority","WY003",71,83,41.585385,-109.220021,"WY",171,2,"100-299 units"
"Housing Authority of the City of Casper","WY004",600,96,42.850475,-106.302268,"WY",641,4,"500-999 units"
"Evanston Housing Authority","WY013",89,75,41.257548,-110.95951,"WY",169,2,"100-299 units"
