"fips","name.x","total_units","total_units_flag","under_30","under_50","under_80","vg_30","vg_50","vg_80"
"01001","Autauga County",90,NA,730,1535,2640,0.876712328767123,0.941368078175896,0.965909090909091
"01003","Baldwin County",374,NA,4215,7535,12495,0.911269276393832,0.95036496350365,0.970068027210884
"01005","Barbour County",352,NA,1000,1670,2345,0.648,0.789221556886228,0.849893390191898
"01009","Blount County",50,NA,1620,2335,3680,0.969135802469136,0.978586723768737,0.986413043478261
"01011","Bullock County",443,NA,390,685,930,-0.135897435897436,0.353284671532847,0.523655913978495
"01013","Butler County",182,NA,455,1085,1390,0.6,0.832258064516129,0.869064748201439
"01015","Calhoun County",717,NA,3560,5540,8405,0.798595505617978,0.87057761732852,0.914693634741225
"01017","Chambers County",153,NA,700,1250,1910,0.781428571428571,0.8776,0.919895287958115
"01019","Cherokee County",29,NA,360,840,1290,0.919444444444444,0.96547619047619,0.977519379844961
"01025","Clarke County",3,NA,775,1130,1630,0.996129032258064,0.997345132743363,0.998159509202454
"01027","Clay County",11,NA,315,530,870,0.965079365079365,0.979245283018868,0.987356321839081
"01029","Cleburne County",15,NA,285,525,810,0.947368421052632,0.971428571428571,0.981481481481482
"01031","Coffee County",318,NA,1690,2575,3810,0.811834319526627,0.876504854368932,0.916535433070866
"01033","Colbert County",421,NA,1760,3025,4460,0.760795454545454,0.860826446280992,0.905605381165919
"01035","Conecuh County",101,NA,420,535,860,0.759523809523809,0.811214953271028,0.882558139534884
"01037","Coosa County",-4,"Suppressed (<11 families)",130,295,515,-4,-4,-4
"01039","Covington County",104,NA,1235,1890,2555,0.91578947368421,0.944973544973545,0.959295499021526
"01041","Crenshaw County",134,NA,345,545,660,0.611594202898551,0.754128440366972,0.796969696969697
"01043","Cullman County",194,NA,1475,2830,4585,0.868474576271186,0.931448763250883,0.957688113413304
"01045","Dale County",554,NA,1465,2930,4470,0.621843003412969,0.810921501706485,0.876062639821029
"01047","Dallas County",1098,NA,1885,3105,3925,0.417506631299735,0.646376811594203,0.720254777070064
"01049","DeKalb County",235,NA,1625,3120,4710,0.855384615384615,0.924679487179487,0.950106157112527
"01051","Elmore County",111,NA,805,2640,4120,0.862111801242236,0.957954545454546,0.973058252427184
"01053","Escambia County",139,NA,1570,2090,2975,0.911464968152866,0.933492822966507,0.95327731092437
"01055","Etowah County",280,NA,2560,4175,6630,0.890625,0.932934131736527,0.957767722473605
"01057","Fayette County",44,NA,465,725,1095,0.905376344086022,0.939310344827586,0.959817351598173
"01059","Franklin County",107,NA,535,1280,1955,0.8,0.91640625,0.945268542199489
"01061","Geneva County",75,NA,890,1395,1885,0.915730337078652,0.946236559139785,0.960212201591512
"01067","Henry County",84,NA,455,725,955,0.815384615384615,0.884137931034483,0.912041884816754
"01069","Houston County",1202,NA,3425,5620,8550,0.649051094890511,0.786120996441281,0.859415204678363
"01071","Jackson County",179,NA,1315,2035,3455,0.863878326996198,0.912039312039312,0.948191027496382
"01073","Jefferson County",9299,NA,26575,44085,63840,0.650084666039511,0.789066575932857,0.854338972431078
"01075","Lamar County",43,NA,390,710,950,0.88974358974359,0.93943661971831,0.954736842105263
"01077","Lauderdale County",691,NA,3060,5830,8205,0.774183006535948,0.88147512864494,0.915783059110299
"01079","Lawrence County",7,NA,675,1100,1710,0.98962962962963,0.993636363636364,0.995906432748538
"01081","Lee County",1171,NA,8945,12795,16840,0.8690888764673,0.908479874951153,0.930463182897862
"01083","Limestone County",265,NA,2210,3820,5715,0.880090497737557,0.930628272251309,0.953630796150481
"01085","Lowndes County",349,NA,380,665,795,0.0815789473684211,0.475187969924812,0.561006289308176
"01087","Macon County",294,NA,850,1310,1715,0.654117647058823,0.77557251908397,0.828571428571429
"01089","Madison County",2005,NA,12695,21840,32980,0.842063804647499,0.908195970695971,0.939205579138872
"01091","Marengo County",22,NA,800,1310,1690,0.9725,0.983206106870229,0.98698224852071
"01093","Marion County",62,NA,685,1480,2045,0.909489051094891,0.958108108108108,0.969682151589242
"01095","Marshall County",817,NA,2170,3670,5560,0.623502304147465,0.777384196185286,0.853057553956835
"01097","Mobile County",7337,NA,14495,24360,37150,0.493825457054157,0.698809523809524,0.80250336473755
"01099","Monroe County",64,NA,680,940,1340,0.905882352941176,0.931914893617021,0.952238805970149
"01101","Montgomery County",3006,NA,9810,16370,22800,0.693577981651376,0.816371411117899,0.868157894736842
"01103","Morgan County",817,NA,2775,5560,8725,0.705585585585586,0.853057553956835,0.906361031518625
"01105","Perry County",53,NA,250,450,660,0.788,0.882222222222222,0.91969696969697
"01107","Pickens County",87,NA,570,1105,1335,0.847368421052632,0.921266968325792,0.934831460674157
"01109","Pike County",611,NA,1280,2330,3425,0.52265625,0.737768240343348,0.821605839416058
"01111","Randolph County",33,NA,680,855,1235,0.951470588235294,0.96140350877193,0.973279352226721
"01113","Russell County",907,NA,2175,3615,5605,0.582988505747126,0.749100968188105,0.838180196253345
"01115","St. Clair County",137,NA,1335,2340,3495,0.897378277153558,0.941452991452991,0.960801144492132
"01117","Shelby County",249,NA,2815,4940,8880,0.911545293072824,0.949595141700405,0.971959459459459
"01119","Sumter County",104,NA,505,885,1100,0.794059405940594,0.882485875706215,0.905454545454546
"01121","Talladega County",535,NA,2410,4380,6070,0.778008298755187,0.877853881278539,0.911861614497529
"01123","Tallapoosa County",271,NA,1105,1850,2645,0.754751131221719,0.853513513513513,0.897542533081285
"01125","Tuscaloosa County",2403,NA,9830,15190,21730,0.755544252288912,0.841803818301514,0.889415554532904
"01127","Walker County",660,NA,1390,2810,3770,0.525179856115108,0.765124555160142,0.824933687002652
"01133","Winston County",48,NA,545,855,1400,0.911926605504587,0.943859649122807,0.965714285714286
"01XXX","Missing, Alabama",75,NA,NA,NA,NA,NA,NA,NA
"02020","Anchorage Municipality",2676,NA,8010,14805,23715,0.665917602996255,0.819250253292807,0.887160025300443
"02090","Fairbanks North Star Borough",446,NA,2010,3680,7810,0.778109452736318,0.878804347826087,0.942893725992318
"02110","Juneau City and Borough",340,NA,1000,1475,2645,0.66,0.769491525423729,0.871455576559546
"02122","Kenai Peninsula Borough",557,NA,1415,2400,3530,0.606360424028269,0.767916666666667,0.842209631728045
"02130","Ketchikan Gateway Borough",107,NA,425,765,1215,0.748235294117647,0.860130718954248,0.911934156378601
"02150","Kodiak Island Borough",109,NA,290,485,875,0.624137931034483,0.775257731958763,0.875428571428571
"02170","Matanuska-Susitna Borough",516,NA,2435,3735,5570,0.788090349075975,0.861847389558233,0.907360861759426
"02195","Petersburg Borough",33,NA,70,170,230,0.528571428571429,0.805882352941176,0.856521739130435
"02220","Sitka City and Borough",40,NA,245,430,725,0.836734693877551,0.906976744186047,0.944827586206897
"02261","Valdez-Cordova Census Area",59,NA,NA,NA,NA,NA,NA,NA
"02275","Wrangell City and Borough",33,NA,50,120,195,0.34,0.725,0.830769230769231
"02XXX","Missing, Alaska",7,NA,NA,NA,NA,NA,NA,NA
"04001","Apache County",16,NA,775,1205,1935,0.979354838709677,0.986721991701245,0.991731266149871
"04003","Cochise County",738,NA,3000,5195,8290,0.754,0.857940327237729,0.910977080820265
"04005","Coconino County",544,NA,4715,7640,11945,0.884623541887593,0.928795811518325,0.9544579321892
"04007","Gila County",58,NA,980,1630,2760,0.940816326530612,0.96441717791411,0.978985507246377
"04009","Graham County",41,NA,675,1045,1535,0.939259259259259,0.960765550239234,0.97328990228013
"04013","Maricopa County",14459,NA,99605,185925,319660,0.854836604588123,0.922232082829098,0.954767565538384
"04015","Mohave County",555,NA,3555,7620,13950,0.843881856540084,0.927165354330709,0.960215053763441
"04017","Navajo County",119,NA,1835,3165,5125,0.935149863760218,0.962401263823065,0.976780487804878
"04019","Pima County",5660,NA,31835,58770,92445,0.822208261347573,0.903692360047643,0.938774406403808
"04021","Pinal County",820,NA,5545,10805,18570,0.852119026149684,0.924109208699676,0.955842757135164
"04023","Santa Cruz County",195,NA,1145,2225,3485,0.829694323144105,0.912359550561798,0.944045911047346
"04025","Yavapai County",197,NA,4190,8940,14860,0.952983293556086,0.977964205816555,0.986742934051144
"04027","Yuma County",1848,NA,3750,6425,11250,0.5072,0.712373540856031,0.835733333333333
"04XXX","Missing, Arizona",473,NA,NA,NA,NA,NA,NA,NA
"05001","Arkansas County",453,NA,635,1150,1380,0.286614173228346,0.606086956521739,0.671739130434783
"05003","Ashley County",224,NA,530,1000,1260,0.577358490566038,0.776,0.822222222222222
"05005","Baxter County",380,NA,690,1600,3010,0.449275362318841,0.7625,0.87375415282392
"05007","Benton County",555,NA,4490,8985,16050,0.876391982182628,0.938230383973289,0.965420560747664
"05009","Boone County",636,NA,845,1600,2615,0.247337278106509,0.6025,0.75678776290631
"05011","Bradley County",70,NA,355,530,800,0.802816901408451,0.867924528301887,0.9125
"05013","Calhoun County",20,NA,70,74,89,0.714285714285714,0.72972972972973,0.775280898876405
"05015","Carroll County",122,NA,550,1190,1765,0.778181818181818,0.897478991596639,0.930878186968839
"05017","Chicot County",233,NA,425,700,930,0.451764705882353,0.667142857142857,0.749462365591398
"05019","Clark County",218,NA,860,1480,1970,0.746511627906977,0.852702702702703,0.889340101522843
"05021","Clay County",173,NA,290,660,965,0.403448275862069,0.737878787878788,0.820725388601036
"05023","Cleburne County",126,NA,375,810,1310,0.664,0.844444444444444,0.90381679389313
"05027","Columbia County",101,NA,515,1030,1260,0.803883495145631,0.901941747572816,0.91984126984127
"05029","Conway County",186,NA,680,1325,1820,0.726470588235294,0.859622641509434,0.897802197802198
"05031","Craighead County",1326,NA,4155,7315,11200,0.68086642599278,0.818728639781271,0.881607142857143
"05033","Crawford County",432,NA,1140,1960,3420,0.621052631578947,0.779591836734694,0.873684210526316
"05035","Crittenden County",569,NA,2615,4070,5915,0.782409177820268,0.86019656019656,0.903803888419273
"05037","Cross County",237,NA,545,1005,1490,0.565137614678899,0.764179104477612,0.840939597315436
"05039","Dallas County",33,NA,170,325,430,0.805882352941176,0.898461538461538,0.923255813953488
"05041","Desha County",344,NA,450,760,1250,0.235555555555556,0.547368421052632,0.7248
"05043","Drew County",270,NA,675,1100,1505,0.6,0.754545454545455,0.820598006644518
"05045","Faulkner County",373,NA,4300,7840,11865,0.913255813953488,0.952423469387755,0.968563000421408
"05047","Franklin County",109,NA,495,900,1145,0.77979797979798,0.878888888888889,0.904803493449782
"05049","Fulton County",74,NA,260,420,515,0.715384615384615,0.823809523809524,0.856310679611651
"05051","Garland County",1028,NA,2535,4255,6440,0.594477317554241,0.758401880141011,0.840372670807453
"05053","Grant County",40,NA,315,670,915,0.873015873015873,0.940298507462687,0.956284153005464
"05055","Greene County",720,NA,1470,2510,3825,0.510204081632653,0.713147410358566,0.811764705882353
"05057","Hempstead County",183,NA,725,1100,1540,0.747586206896552,0.833636363636364,0.881168831168831
"05059","Hot Spring County",49,NA,650,1135,1690,0.924615384615385,0.956828193832599,0.971005917159763
"05061","Howard County",59,NA,270,645,1070,0.781481481481481,0.908527131782946,0.944859813084112
"05063","Independence County",259,NA,965,1900,2895,0.73160621761658,0.863684210526316,0.910535405872193
"05065","Izard County",159,NA,200,470,695,0.205,0.661702127659574,0.771223021582734
"05067","Jackson County",275,NA,510,1000,1330,0.46078431372549,0.725,0.793233082706767
"05069","Jefferson County",1094,NA,1745,3620,5120,0.373065902578797,0.697790055248619,0.786328125
"05071","Johnson County",194,NA,890,1365,2115,0.782022471910112,0.857875457875458,0.908274231678487
"05073","Lafayette County",21,NA,175,280,425,0.88,0.925,0.950588235294118
"05075","Lawrence County",379,NA,415,765,1410,0.0867469879518072,0.504575163398693,0.731205673758865
"05077","Lee County",294,NA,370,655,795,0.205405405405405,0.551145038167939,0.630188679245283
"05079","Lincoln County",58,NA,220,370,485,0.736363636363636,0.843243243243243,0.880412371134021
"05081","Little River County",53,NA,190,295,565,0.721052631578947,0.820338983050847,0.906194690265487
"05083","Logan County",177,NA,475,730,1275,0.627368421052632,0.757534246575343,0.861176470588235
"05085","Lonoke County",728,NA,1860,3035,4735,0.608602150537634,0.760131795716639,0.846251319957761
"05087","Madison County",11,NA,410,770,1040,0.973170731707317,0.985714285714286,0.989423076923077
"05089","Marion County",32,NA,275,500,855,0.883636363636364,0.936,0.962573099415205
"05091","Miller County",843,NA,1705,2770,3845,0.505571847507331,0.695667870036101,0.78075422626788
"05093","Mississippi County",628,NA,1690,2705,3940,0.628402366863905,0.767837338262477,0.840609137055838
"05095","Monroe County",32,NA,410,620,760,0.921951219512195,0.948387096774194,0.957894736842105
"05097","Montgomery County",26,NA,210,365,490,0.876190476190476,0.928767123287671,0.946938775510204
"05099","Nevada County",78,NA,255,505,685,0.694117647058824,0.845544554455446,0.886131386861314
"05101","Newton County",36,NA,125,260,385,0.712,0.861538461538462,0.906493506493506
"05103","Ouachita County",68,NA,615,1130,1435,0.889430894308943,0.939823008849557,0.952613240418118
"05105","Perry County",46,NA,190,480,675,0.757894736842105,0.904166666666667,0.931851851851852
"05107","Phillips County",407,NA,965,1560,1910,0.578238341968912,0.739102564102564,0.786910994764398
"05109","Pike County",81,NA,320,500,685,0.746875,0.838,0.881751824817518
"05111","Poinsett County",261,NA,840,1630,2300,0.689285714285714,0.839877300613497,0.886521739130435
"05113","Polk County",129,NA,310,505,820,0.583870967741935,0.744554455445545,0.842682926829268
"05115","Pope County",386,NA,1270,2595,4265,0.696062992125984,0.851252408477842,0.909495896834701
"05117","Prairie County",25,NA,140,270,520,0.821428571428571,0.907407407407407,0.951923076923077
"05119","Pulaski County",5927,NA,17985,30120,45400,0.670447595218237,0.803220451527224,0.869449339207048
"05121","Randolph County",124,NA,325,905,1205,0.618461538461538,0.862983425414365,0.897095435684647
"05123","St. Francis County",591,NA,995,1665,2675,0.406030150753769,0.645045045045045,0.779065420560748
"05125","Saline County",730,NA,2110,3835,6265,0.654028436018957,0.809647979139505,0.883479648842777
"05127","Scott County",107,NA,260,470,680,0.588461538461538,0.772340425531915,0.842647058823529
"05129","Searcy County",16,NA,215,360,590,0.925581395348837,0.955555555555556,0.972881355932203
"05131","Sebastian County",1759,NA,3320,6495,11405,0.470180722891566,0.729176289453426,0.845769399386234
"05133","Sevier County",29,NA,380,755,1130,0.923684210526316,0.96158940397351,0.974336283185841
"05135","Sharp County",158,NA,305,580,865,0.481967213114754,0.727586206896552,0.817341040462428
"05137","Stone County",93,NA,505,810,1125,0.815841584158416,0.885185185185185,0.917333333333333
"05139","Union County",411,NA,1060,1745,2525,0.612264150943396,0.764469914040115,0.837227722772277
"05141","Van Buren County",72,NA,515,755,915,0.860194174757282,0.904635761589404,0.921311475409836
"05143","Washington County",833,NA,9590,18455,27955,0.913138686131387,0.954863180709835,0.970202110534788
"05145","White County",453,NA,1865,3765,6290,0.757104557640751,0.879681274900398,0.927980922098569
"05147","Woodruff County",282,NA,235,440,605,-0.2,0.359090909090909,0.533884297520661
"05149","Yell County",95,NA,380,745,1365,0.75,0.87248322147651,0.93040293040293
"05XXX","Missing, Arkansas",203,NA,NA,NA,NA,NA,NA,NA
"06001","Alameda County",25866,NA,64555,100935,145250,0.599318410657579,0.743736067766384,0.82192082616179
"06005","Amador County",64,NA,760,1345,2025,0.91578947368421,0.952416356877323,0.968395061728395
"06007","Butte County",2173,NA,7285,13415,20820,0.701715854495539,0.838017144986955,0.895629202689721
"06009","Calaveras County",52,NA,555,940,1685,0.906306306306306,0.94468085106383,0.969139465875371
"06011","Colusa County",63,NA,340,975,1525,0.814705882352941,0.935384615384615,0.958688524590164
"06013","Contra Costa County",10490,NA,32585,54600,78135,0.67807273285254,0.807875457875458,0.865745184616369
"06015","Del Norte County",652,NA,825,1430,2045,0.20969696969697,0.544055944055944,0.681173594132029
"06017","El Dorado County",423,NA,4395,7030,10590,0.903754266211604,0.939829302987198,0.960056657223796
"06019","Fresno County",13035,NA,35595,60770,90095,0.633796881584492,0.785502715155504,0.855319385093512
"06021","Glenn County",75,NA,760,1625,2485,0.901315789473684,0.953846153846154,0.969818913480885
"06023","Humboldt County",1382,NA,5770,9850,15510,0.760485268630849,0.859695431472081,0.910896196002579
"06025","Imperial County",2058,NA,6495,10370,14510,0.683140877598152,0.801542912246866,0.858166781529979
"06027","Inyo County",18,NA,385,670,1185,0.953246753246753,0.973134328358209,0.984810126582279
"06029","Kern County",3958,NA,27460,49520,72715,0.855863073561544,0.920072697899838,0.945568314653098
"06031","Kings County",729,NA,3215,6690,10750,0.773250388802488,0.891031390134529,0.932186046511628
"06033","Lake County",243,NA,2035,3145,5035,0.880589680589681,0.922734499205087,0.951737835153923
"06035","Lassen County",105,NA,505,1010,1805,0.792079207920792,0.896039603960396,0.941828254847645
"06037","Los Angeles County",99178,NA,489320,806005,1170265,0.797314640725905,0.876951135538861,0.915251673766198
"06039","Madera County",781,NA,3460,6470,9415,0.774277456647399,0.879289026275116,0.917047265002655
"06041","Marin County",2382,NA,9135,16105,23165,0.739244663382594,0.852095622477491,0.897172458450248
"06043","Mariposa County",92,NA,375,790,1270,0.754666666666667,0.883544303797468,0.92755905511811
"06045","Mendocino County",1298,NA,3175,5375,8430,0.591181102362205,0.758511627906977,0.846026097271649
"06047","Merced County",2863,NA,7730,13670,22225,0.629624838292367,0.790563277249451,0.871181102362205
"06049","Modoc County",6,NA,220,400,560,0.972727272727273,0.985,0.989285714285714
"06051","Mono County",3,NA,130,300,570,0.976923076923077,0.99,0.994736842105263
"06053","Monterey County",4829,NA,11480,22910,36530,0.579355400696864,0.789218681798341,0.867807281686285
"06055","Napa County",1450,NA,3030,6590,9995,0.521452145214521,0.779969650986343,0.854927463731866
"06057","Nevada County",592,NA,2525,4120,6550,0.765544554455446,0.856310679611651,0.909618320610687
"06059","Orange County",23895,NA,107945,179960,279440,0.778637268979573,0.867220493442987,0.91448969367306
"06061","Placer County",1154,NA,7130,13095,20795,0.838148667601683,0.911874761359297,0.944505890839144
"06063","Plumas County",147,NA,455,725,1130,0.676923076923077,0.797241379310345,0.869911504424779
"06065","Riverside County",10185,NA,43745,81905,131150,0.767173391244714,0.875648617300531,0.922340831109417
"06067","Sacramento County",12953,NA,54315,92740,142570,0.761520758538157,0.860329954712098,0.909146384232307
"06069","San Benito County",365,NA,980,2120,3865,0.627551020408163,0.827830188679245,0.905562742561449
"06071","San Bernardino County",11650,NA,52310,97380,150760,0.777289237239534,0.880365578147464,0.922724860705758
"06073","San Diego County",31904,NA,121180,207905,322150,0.736722231391319,0.846545297130901,0.90096538879404
"06075","San Francisco County",15751,NA,57855,81610,112475,0.727750410509031,0.806996691581914,0.859959991109135
"06077","San Joaquin County",5270,NA,16640,31125,50520,0.683293269230769,0.830682730923695,0.895684877276326
"06079","San Luis Obispo County",2701,NA,9225,15755,24210,0.707208672086721,0.828562361155189,0.888434531185461
"06081","San Mateo County",5124,NA,22505,37750,57970,0.772317262830482,0.864264900662252,0.91160945316543
"06083","Santa Barbara County",7037,NA,14200,25710,40065,0.50443661971831,0.726293271100739,0.824360414326719
"06085","Santa Clara County",18892,NA,58580,97395,144710,0.677500853533629,0.806027003439602,0.869449243314215
"06087","Santa Cruz County",5028,NA,10530,16640,25215,0.522507122507123,0.697836538461538,0.80059488399762
"06089","Shasta County",2507,NA,5510,8915,13425,0.545009074410163,0.718788558609086,0.813258845437616
"06091","Sierra County",7,NA,40,40,75,0.825,0.825,0.906666666666667
"06093","Siskiyou County",230,NA,1545,2680,4080,0.851132686084142,0.914179104477612,0.943627450980392
"06095","Solano County",5634,NA,10870,19180,31170,0.481692732290708,0.706256517205422,0.819249278152069
"06097","Sonoma County",5023,NA,13400,25115,40790,0.625149253731343,0.8,0.876857072811964
"06099","Stanislaus County",4612,NA,13340,24375,38400,0.654272863568216,0.810789743589744,0.879895833333333
"06101","Sutter County",849,NA,2155,4145,7150,0.606032482598608,0.795174909529554,0.881258741258741
"06103","Tehama County",378,NA,1985,3515,5025,0.809571788413098,0.892460881934566,0.924776119402985
"06105","Trinity County",17,NA,420,755,1155,0.95952380952381,0.977483443708609,0.985281385281385
"06107","Tulare County",3083,NA,12290,24090,36770,0.749145646867372,0.872021585720216,0.916154473755779
"06109","Tuolumne County",201,NA,1460,2630,3830,0.862328767123288,0.923574144486692,0.947519582245431
"06111","Ventura County",7271,NA,22620,40610,62225,0.678558797524315,0.820955429697119,0.883149859381278
"06113","Yolo County",1882,NA,10405,15985,23335,0.819125420470927,0.882264623084141,0.91934861795586
"06115","Yuba County",488,NA,2360,4375,6385,0.793220338983051,0.888457142857143,0.923570869224746
"06XXX","Missing, California",1900,NA,NA,NA,NA,NA,NA,NA
"08001","Adams County",2849,NA,13455,25875,39395,0.788257153474545,0.889893719806763,0.927681177814443
"08003","Alamosa County",84,NA,740,1335,2025,0.886486486486487,0.937078651685393,0.958518518518519
"08005","Arapahoe County",3579,NA,17950,33215,53865,0.800612813370474,0.892247478548848,0.933556112503481
"08007","Archuleta County",15,NA,215,535,745,0.930232558139535,0.97196261682243,0.979865771812081
"08009","Baca County",1,NA,155,305,365,0.993548387096774,0.99672131147541,0.997260273972603
"08011","Bent County",127,NA,280,425,570,0.546428571428571,0.701176470588235,0.77719298245614
"08013","Boulder County",3244,NA,14190,22710,30660,0.77138830162086,0.857155438132981,0.894194390084801
"08014","Broomfield County",107,NA,1130,2535,4410,0.905309734513274,0.957790927021696,0.975736961451247
"08015","Chaffee County",41,NA,385,915,1445,0.893506493506493,0.955191256830601,0.971626297577855
"08017","Cheyenne County",1,NA,25,50,85,0.96,0.98,0.988235294117647
"08019","Clear Creek County",26,NA,260,430,700,0.9,0.93953488372093,0.962857142857143
"08021","Conejos County",12,NA,205,355,495,0.941463414634146,0.966197183098592,0.975757575757576
"08023","Costilla County",2,NA,155,250,330,0.987096774193548,0.992,0.993939393939394
"08025","Crowley County",5,NA,185,260,330,0.972972972972973,0.980769230769231,0.984848484848485
"08027","Custer County",12,NA,50,150,225,0.76,0.92,0.946666666666667
"08029","Delta County",239,NA,795,1475,2180,0.69937106918239,0.837966101694915,0.890366972477064
"08031","Denver County",9450,NA,36505,60590,90875,0.741131351869607,0.844033668922264,0.896011004126547
"08033","Dolores County",3,NA,35,50,80,0.914285714285714,0.94,0.9625
"08035","Douglas County",215,NA,2750,7315,12775,0.921818181818182,0.970608339029392,0.983170254403131
"08037","Eagle County",22,NA,1175,2615,3910,0.981276595744681,0.991586998087954,0.994373401534527
"08039","Elbert County",14,NA,150,275,425,0.906666666666667,0.949090909090909,0.967058823529412
"08041","El Paso County",3110,NA,15230,30730,53030,0.795797767564018,0.89879596485519,0.941353950594003
"08043","Fremont County",204,NA,1335,2445,3275,0.847191011235955,0.916564417177914,0.937709923664122
"08045","Garfield County",509,NA,1140,1855,3800,0.553508771929825,0.725606469002695,0.866052631578947
"08047","Gilpin County",31,NA,235,285,420,0.868085106382979,0.891228070175439,0.926190476190476
"08049","Grand County",24,NA,280,455,850,0.914285714285714,0.947252747252747,0.971764705882353
"08051","Gunnison County",14,NA,435,890,1585,0.967816091954023,0.984269662921348,0.991167192429022
"08055","Huerfano County",9,NA,265,380,530,0.966037735849057,0.976315789473684,0.983018867924528
"08057","Jackson County",1,NA,4,74,89,0.75,0.986486486486487,0.98876404494382
"08059","Jefferson County",4510,NA,14380,25885,41125,0.686369958275382,0.825767819200309,0.890334346504559
"08061","Kiowa County",1,NA,20,55,90,0.95,0.981818181818182,0.988888888888889
"08063","Kit Carson County",6,NA,140,310,595,0.957142857142857,0.980645161290323,0.989915966386555
"08065","Lake County",9,NA,135,165,255,0.933333333333333,0.945454545454545,0.964705882352941
"08067","La Plata County",404,NA,1735,2765,4065,0.767146974063401,0.853887884267631,0.900615006150062
"08069","Larimer County",2505,NA,12880,21845,33385,0.805512422360248,0.885328450446326,0.924966302231541
"08071","Las Animas County",90,NA,735,1070,1430,0.877551020408163,0.91588785046729,0.937062937062937
"08073","Lincoln County",9,NA,155,250,355,0.941935483870968,0.964,0.974647887323944
"08075","Logan County",41,NA,390,1015,1650,0.894871794871795,0.959605911330049,0.975151515151515
"08077","Mesa County",1244,NA,3795,7115,10725,0.672200263504611,0.825158116654954,0.884009324009324
"08081","Moffat County",20,NA,340,550,1025,0.941176470588235,0.963636363636364,0.980487804878049
"08083","Montezuma County",217,NA,605,1425,2055,0.641322314049587,0.847719298245614,0.894403892944039
"08085","Montrose County",247,NA,1095,1725,2645,0.774429223744292,0.856811594202899,0.906616257088847
"08087","Morgan County",45,NA,1100,1585,2475,0.959090909090909,0.971608832807571,0.981818181818182
"08089","Otero County",221,NA,660,1300,1790,0.665151515151515,0.83,0.876536312849162
"08091","Ouray County",6,NA,130,185,260,0.953846153846154,0.967567567567568,0.976923076923077
"08093","Park County",13,NA,205,370,565,0.936585365853658,0.964864864864865,0.976991150442478
"08097","Pitkin County",8,NA,365,760,1635,0.978082191780822,0.989473684210526,0.995107033639144
"08099","Prowers County",121,NA,365,855,1065,0.668493150684931,0.858479532163743,0.886384976525822
"08101","Pueblo County",1990,NA,7175,11005,15365,0.722648083623693,0.819173103134939,0.870484868206964
"08103","Rio Blanco County",5,NA,140,205,335,0.964285714285714,0.975609756097561,0.985074626865672
"08105","Rio Grande County",17,NA,280,620,840,0.939285714285714,0.97258064516129,0.979761904761905
"08107","Routt County",48,NA,420,690,1280,0.885714285714286,0.930434782608696,0.9625
"08109","Saguache County",38,NA,245,475,620,0.844897959183673,0.92,0.938709677419355
"08111","San Juan County",2,NA,50,50,90,0.96,0.96,0.977777777777778
"08113","San Miguel County",33,NA,175,500,780,0.811428571428571,0.934,0.957692307692308
"08115","Sedgwick County",2,NA,150,200,270,0.986666666666667,0.99,0.992592592592593
"08117","Summit County",13,NA,210,735,1650,0.938095238095238,0.982312925170068,0.992121212121212
"08119","Teller County",23,NA,255,640,1300,0.909803921568627,0.9640625,0.982307692307692
"08121","Washington County",10,NA,135,240,360,0.925925925925926,0.958333333333333,0.972222222222222
"08123","Weld County",1290,NA,6950,12115,18465,0.814388489208633,0.893520429219975,0.930138099106418
"08125","Yuma County",15,NA,260,510,815,0.942307692307692,0.970588235294118,0.98159509202454
"08XXX","Missing, Colorado",330,NA,NA,NA,NA,NA,NA,NA
"09001","Fairfield County",9339,NA,NA,NA,NA,NA,NA,NA
"09003","Hartford County",14280,NA,NA,NA,NA,NA,NA,NA
"09005","Litchfield County",658,NA,NA,NA,NA,NA,NA,NA
"09007","Middlesex County",1594,NA,NA,NA,NA,NA,NA,NA
"09009","New Haven County",16212,NA,NA,NA,NA,NA,NA,NA
"09011","New London County",1371,NA,NA,NA,NA,NA,NA,NA
"09013","Tolland County",746,NA,NA,NA,NA,NA,NA,NA
"09015","Windham County",977,NA,NA,NA,NA,NA,NA,NA
"09XXX","Missing, Connecticut",287,NA,NA,NA,NA,NA,NA,NA
"10001","Kent County",1187,NA,3830,7190,12420,0.690078328981723,0.834909596662031,0.904428341384863
"10003","New Castle County",4332,NA,17125,29545,43355,0.747036496350365,0.853376205787781,0.900080728866336
"10005","Sussex County",248,NA,4325,7570,11850,0.942658959537572,0.967239101717305,0.979071729957806
"10XXX","Missing, Delaware",5,NA,NA,NA,NA,NA,NA,NA
"11001","District of Columbia",16529,NA,52295,76380,91470,0.683927717755044,0.783595181984813,0.819295944025364
"11XXX","Missing, District of Columbia",45,NA,NA,NA,NA,NA,NA,NA
"12001","Alachua County",3067,NA,14840,23040,33305,0.79332884097035,0.866883680555556,0.907911724966221
"12003","Baker County",150,NA,485,785,1100,0.690721649484536,0.808917197452229,0.863636363636364
"12005","Bay County",1150,NA,3285,6555,11395,0.649923896499239,0.824561403508772,0.899078543220711
"12007","Bradford County",105,NA,740,1085,1715,0.858108108108108,0.903225806451613,0.938775510204082
"12009","Brevard County",3109,NA,10070,19770,31705,0.691261171797418,0.842741527567021,0.901939757136098
"12011","Broward County",12142,NA,52415,97445,162590,0.768348755127349,0.875396377443686,0.925321360477274
"12013","Calhoun County",14,NA,430,530,880,0.967441860465116,0.973584905660377,0.984090909090909
"12015","Charlotte County",330,NA,2500,5655,9055,0.868,0.941644562334218,0.963556046383214
"12017","Citrus County",283,NA,2000,3755,5665,0.8585,0.924633821571238,0.950044130626655
"12019","Clay County",200,NA,2685,6110,9860,0.925512104283054,0.967266775777414,0.979716024340771
"12021","Collier County",494,NA,7085,14475,24100,0.930275229357798,0.96587219343696,0.979502074688797
"12023","Columbia County",212,NA,1700,3130,4415,0.875294117647059,0.932268370607029,0.9519818799547
"12029","Dixie County",1,NA,240,500,685,0.995833333333333,0.998,0.998540145985401
"12031","Duval County",7460,NA,34230,60035,97830,0.782062518258837,0.875739152161239,0.923745272411326
"12033","Escambia County",2301,NA,9085,16300,27295,0.746725371491469,0.858834355828221,0.91569884594248
"12035","Flagler County",267,NA,1240,2245,5040,0.784677419354839,0.881069042316258,0.947023809523809
"12037","Franklin County",17,NA,255,465,555,0.933333333333333,0.963440860215054,0.969369369369369
"12039","Gadsden County",271,NA,1395,2275,3350,0.80573476702509,0.880879120879121,0.91910447761194
"12041","Gilchrist County",8,NA,465,715,950,0.982795698924731,0.988811188811189,0.991578947368421
"12045","Gulf County",22,NA,220,430,790,0.9,0.948837209302326,0.972151898734177
"12047","Hamilton County",25,NA,330,535,655,0.924242424242424,0.953271028037383,0.961832061068702
"12051","Hendry County",48,NA,760,1660,2705,0.936842105263158,0.971084337349398,0.982255083179298
"12053","Hernando County",425,NA,3175,6330,10430,0.866141732283465,0.932859399684044,0.959252157238734
"12055","Highlands County",94,NA,1745,3805,5925,0.946131805157593,0.975295663600526,0.984135021097046
"12057","Hillsborough County",11376,NA,42370,75385,121940,0.731508142553694,0.849094647476288,0.906708217155978
"12059","Holmes County",195,NA,365,585,995,0.465753424657534,0.666666666666667,0.804020100502513
"12061","Indian River County",410,NA,2785,4910,7670,0.85278276481149,0.916496945010183,0.946544980443285
"12063","Jackson County",148,NA,1340,2160,3020,0.88955223880597,0.931481481481481,0.950993377483444
"12065","Jefferson County",158,NA,465,740,1115,0.660215053763441,0.786486486486486,0.858295964125561
"12067","Lafayette County",11,NA,185,220,315,0.94054054054054,0.95,0.965079365079365
"12069","Lake County",490,NA,5890,12490,21240,0.916808149405772,0.960768614891914,0.976930320150659
"12071","Lee County",2959,NA,13880,27155,44855,0.786815561959654,0.891032958939422,0.934031880503846
"12073","Leon County",2869,NA,15280,24160,37180,0.812238219895288,0.88125,0.922834857450242
"12075","Levy County",148,NA,860,1670,2395,0.827906976744186,0.911377245508982,0.938204592901879
"12077","Liberty County",8,NA,105,160,220,0.923809523809524,0.95,0.963636363636364
"12079","Madison County",125,NA,585,1025,1280,0.786324786324786,0.878048780487805,0.90234375
"12081","Manatee County",1918,NA,7190,14040,23960,0.733240611961057,0.863390313390313,0.919949916527546
"12083","Marion County",1460,NA,5655,10925,18845,0.741821396993811,0.866361556064073,0.922525868930751
"12085","Martin County",89,NA,2320,4450,7010,0.961637931034483,0.98,0.987303851640514
"12086","Miami-Dade County",29455,NA,125385,210200,307445,0.765083542688519,0.859871550903901,0.904194246125323
"12087","Monroe County",480,NA,2170,3970,7520,0.778801843317972,0.879093198992443,0.936170212765957
"12089","Nassau County",67,NA,1355,2480,3590,0.950553505535055,0.972983870967742,0.98133704735376
"12091","Okaloosa County",1057,NA,4025,9095,15975,0.737391304347826,0.883782297965915,0.933834115805947
"12093","Okeechobee County",27,NA,620,1255,2020,0.956451612903226,0.978486055776892,0.986633663366337
"12095","Orange County",5566,NA,37020,68275,114855,0.849648838465694,0.918476748443793,0.951538896869967
"12097","Osceola County",288,NA,7505,15615,25860,0.961625582944704,0.981556195965418,0.988863109048724
"12099","Palm Beach County",8697,NA,34640,63860,103125,0.748931870669746,0.863811462574381,0.915665454545455
"12101","Pasco County",1804,NA,10860,20465,34355,0.833885819521179,0.911849499144882,0.947489448406346
"12103","Pinellas County",9204,NA,24200,43065,71070,0.619669421487603,0.786276558690352,0.870493879273955
"12105","Polk County",2218,NA,12960,25185,41465,0.828858024691358,0.911931705380187,0.946509104063668
"12107","Putnam County",406,NA,1830,3170,5370,0.778142076502732,0.87192429022082,0.9243947858473
"12109","St. Johns County",120,NA,2335,4485,8310,0.948608137044968,0.973244147157191,0.985559566787004
"12111","St. Lucie County",842,NA,6380,11025,17195,0.868025078369906,0.923628117913832,0.951032276824658
"12113","Santa Rosa County",349,NA,1975,3970,7370,0.823291139240506,0.912090680100756,0.952645861601085
"12115","Sarasota County",1696,NA,7210,13660,23560,0.764771151178918,0.875841874084919,0.928013582342954
"12117","Seminole County",835,NA,8165,17160,31390,0.897734231475811,0.951340326340326,0.973399171710736
"12119","Sumter County",22,NA,1565,3060,4695,0.98594249201278,0.99281045751634,0.99531416400426
"12121","Suwannee County",83,NA,780,1350,2080,0.893589743589744,0.938518518518519,0.960096153846154
"12123","Taylor County",99,NA,215,460,1010,0.53953488372093,0.784782608695652,0.901980198019802
"12125","Union County",8,NA,155,340,795,0.948387096774194,0.976470588235294,0.989937106918239
"12127","Volusia County",3629,NA,12490,22140,36225,0.709447558046437,0.836088527551942,0.899820565907522
"12129","Wakulla County",123,NA,440,1020,1485,0.720454545454545,0.879411764705882,0.917171717171717
"12131","Walton County",401,NA,1095,2065,3480,0.6337899543379,0.805811138014528,0.884770114942529
"12133","Washington County",46,NA,350,725,1165,0.868571428571429,0.936551724137931,0.960515021459228
"12XXX","Missing, Florida",2051,NA,NA,NA,NA,NA,NA,NA
"13001","Appling County",3,NA,370,750,1345,0.991891891891892,0.996,0.997769516728625
"13005","Bacon County",4,NA,405,580,825,0.990123456790123,0.993103448275862,0.995151515151515
"13007","Baker County",3,NA,135,150,220,0.977777777777778,0.98,0.986363636363636
"13009","Baldwin County",62,NA,1920,2760,3750,0.967708333333333,0.977536231884058,0.983466666666667
"13013","Barrow County",133,NA,1645,2935,4330,0.919148936170213,0.954684838160136,0.969284064665127
"13015","Bartow County",100,NA,2615,4205,7075,0.961759082217973,0.976218787158145,0.985865724381625
"13017","Ben Hill County",19,NA,885,1320,2220,0.978531073446328,0.985606060606061,0.991441441441441
"13019","Berrien County",9,NA,550,950,1280,0.983636363636364,0.990526315789474,0.99296875
"13021","Bibb County",3631,NA,8425,12660,17705,0.569020771513353,0.713191153238547,0.794916690200508
"13023","Bleckley County",19,NA,270,530,745,0.92962962962963,0.964150943396226,0.974496644295302
"13025","Brantley County",7,NA,570,860,1125,0.987719298245614,0.991860465116279,0.993777777777778
"13027","Brooks County",29,NA,510,920,1320,0.943137254901961,0.968478260869565,0.978030303030303
"13029","Bryan County",50,NA,625,1250,1830,0.92,0.96,0.972677595628415
"13031","Bulloch County",103,NA,3120,5415,8360,0.966987179487179,0.980978762696214,0.987679425837321
"13033","Burke County",47,NA,890,1235,1795,0.947191011235955,0.961943319838057,0.973816155988858
"13035","Butts County",15,NA,305,745,1285,0.950819672131147,0.979865771812081,0.988326848249027
"13037","Calhoun County",4,NA,150,275,330,0.973333333333333,0.985454545454545,0.987878787878788
"13039","Camden County",152,NA,1575,2595,4080,0.903492063492063,0.941425818882466,0.962745098039216
"13043","Candler County",3,NA,360,715,1095,0.991666666666667,0.995804195804196,0.997260273972603
"13045","Carroll County",805,NA,5050,7440,10265,0.840594059405941,0.891801075268817,0.921578178275694
"13047","Catoosa County",38,NA,995,2150,4250,0.961809045226131,0.982325581395349,0.991058823529412
"13049","Charlton County",1,NA,380,525,795,0.997368421052632,0.998095238095238,0.99874213836478
"13051","Chatham County",3364,NA,10490,19050,29920,0.679313632030505,0.823412073490814,0.887566844919786
"13053","Chattahoochee County",9,NA,135,280,550,0.933333333333333,0.967857142857143,0.983636363636364
"13055","Chattooga County",13,NA,650,1410,2230,0.98,0.990780141843972,0.994170403587444
"13057","Cherokee County",449,NA,3845,7535,12740,0.883224967490247,0.940411413404114,0.964756671899529
"13059","Clarke County",386,NA,9360,14700,21195,0.958760683760684,0.97374149659864,0.981788157584336
"13061","Clay County",1,NA,120,175,275,0.991666666666667,0.994285714285714,0.996363636363636
"13063","Clayton County",2055,NA,13070,23730,35980,0.842769701606733,0.913400758533502,0.942884936075598
"13065","Clinch County",7,NA,300,315,410,0.976666666666667,0.977777777777778,0.982926829268293
"13067","Cobb County",2769,NA,15115,29295,51460,0.81680449884221,0.905478750640041,0.946191216478819
"13069","Coffee County",46,NA,1345,2255,3610,0.965799256505576,0.97960088691796,0.987257617728532
"13071","Colquitt County",72,NA,1555,2710,3755,0.953697749196141,0.973431734317343,0.980825565912117
"13073","Columbia County",75,NA,1505,2520,4720,0.950166112956811,0.970238095238095,0.984110169491525
"13075","Cook County",19,NA,495,900,1470,0.961616161616162,0.978888888888889,0.987074829931973
"13077","Coweta County",497,NA,2580,4735,7990,0.807364341085271,0.895036958817318,0.937797246558198
"13079","Crawford County",31,NA,200,295,370,0.845,0.894915254237288,0.916216216216216
"13081","Crisp County",84,NA,1005,1735,2360,0.916417910447761,0.951585014409222,0.964406779661017
"13083","Dade County",10,NA,65,255,870,0.846153846153846,0.96078431372549,0.988505747126437
"13085","Dawson County",6,NA,430,705,1300,0.986046511627907,0.991489361702128,0.995384615384615
"13087","Decatur County",19,NA,930,1420,2365,0.979569892473118,0.986619718309859,0.991966173361522
"13089","DeKalb County",7050,NA,27250,48290,74310,0.741284403669725,0.854007040795196,0.905127169963666
"13091","Dodge County",56,NA,590,935,1345,0.905084745762712,0.940106951871658,0.958364312267658
"13093","Dooly County",9,NA,190,325,750,0.952631578947368,0.972307692307692,0.988
"13095","Dougherty County",1184,NA,4850,7950,10700,0.755876288659794,0.851069182389937,0.889345794392523
"13097","Douglas County",730,NA,3845,6625,11100,0.810143042912874,0.889811320754717,0.934234234234234
"13099","Early County",38,NA,305,550,835,0.875409836065574,0.930909090909091,0.954491017964072
"13103","Effingham County",116,NA,945,1600,2735,0.877248677248677,0.9275,0.957586837294333
"13105","Elbert County",27,NA,605,845,1255,0.955371900826446,0.968047337278107,0.978486055776892
"13107","Emanuel County",28,NA,875,1150,1930,0.968,0.975652173913043,0.985492227979275
"13109","Evans County",1,NA,300,515,715,0.996666666666667,0.998058252427184,0.998601398601399
"13111","Fannin County",9,NA,385,915,1425,0.976623376623377,0.99016393442623,0.993684210526316
"13113","Fayette County",95,NA,1250,2380,4145,0.924,0.960084033613445,0.97708082026538
"13115","Floyd County",952,NA,2740,5260,8240,0.652554744525548,0.819011406844106,0.884466019417476
"13117","Forsyth County",85,NA,1770,3120,6220,0.951977401129944,0.97275641025641,0.986334405144695
"13119","Franklin County",9,NA,640,900,1190,0.9859375,0.99,0.992436974789916
"13121","Fulton County",22148,NA,48205,78625,114805,0.540545586557411,0.718308426073132,0.807081573102217
"13123","Gilmer County",4,NA,520,1230,1825,0.992307692307692,0.996747967479675,0.997808219178082
"13127","Glynn County",765,NA,1980,4465,6295,0.613636363636364,0.828667413213886,0.878474980142971
"13129","Gordon County",16,NA,890,2250,3425,0.982022471910112,0.992888888888889,0.995328467153285
"13131","Grady County",19,NA,805,1535,2155,0.97639751552795,0.987622149837134,0.991183294663573
"13133","Greene County",9,NA,400,765,955,0.9775,0.988235294117647,0.990575916230366
"13135","Gwinnett County",3298,NA,17815,38085,65380,0.814875105248386,0.91340422738611,0.949556439278067
"13137","Habersham County",10,NA,720,1400,2225,0.986111111111111,0.992857142857143,0.995505617977528
"13139","Hall County",234,NA,4135,7285,12520,0.943409915356711,0.967879203843514,0.981309904153355
"13141","Hancock County",44,NA,345,500,545,0.872463768115942,0.912,0.919266055045872
"13143","Haralson County",7,NA,525,845,1325,0.986666666666667,0.991715976331361,0.994716981132076
"13145","Harris County",7,NA,220,400,585,0.968181818181818,0.9825,0.988034188034188
"13147","Hart County",15,NA,535,970,1500,0.97196261682243,0.984536082474227,0.99
"13149","Heard County",7,NA,520,690,845,0.986538461538462,0.989855072463768,0.991715976331361
"13151","Henry County",1274,NA,3635,7520,13455,0.649518569463549,0.830585106382979,0.905314009661836
"13153","Houston County",1335,NA,3545,7185,11535,0.623413258110014,0.81419624217119,0.884265279583875
"13155","Irwin County",6,NA,215,420,610,0.972093023255814,0.985714285714286,0.99016393442623
"13157","Jackson County",15,NA,1005,2050,3195,0.985074626865672,0.992682926829268,0.995305164319249
"13159","Jasper County",21,NA,320,540,775,0.934375,0.961111111111111,0.972903225806452
"13161","Jeff Davis County",19,NA,530,630,1210,0.964150943396226,0.96984126984127,0.984297520661157
"13163","Jefferson County",6,NA,615,940,1245,0.990243902439024,0.993617021276596,0.995180722891566
"13165","Jenkins County",6,NA,175,345,445,0.965714285714286,0.982608695652174,0.986516853932584
"13167","Johnson County",4,NA,285,460,600,0.985964912280702,0.991304347826087,0.993333333333333
"13169","Jones County",36,NA,485,760,1080,0.925773195876289,0.952631578947368,0.966666666666667
"13171","Lamar County",9,NA,385,740,930,0.976623376623377,0.987837837837838,0.990322580645161
"13173","Lanier County",25,NA,325,575,920,0.923076923076923,0.956521739130435,0.972826086956522
"13175","Laurens County",189,NA,1940,3020,4090,0.902577319587629,0.937417218543046,0.953789731051345
"13177","Lee County",44,NA,425,675,1005,0.896470588235294,0.934814814814815,0.956218905472637
"13179","Liberty County",224,NA,1845,2915,5670,0.878590785907859,0.923156089193825,0.960493827160494
"13181","Lincoln County",6,NA,115,365,570,0.947826086956522,0.983561643835616,0.989473684210526
"13183","Long County",9,NA,385,650,1345,0.976623376623377,0.986153846153846,0.993308550185874
"13185","Lowndes County",822,NA,5205,8050,12735,0.84207492795389,0.897888198757764,0.93545347467609
"13187","Lumpkin County",13,NA,720,1275,1845,0.981944444444444,0.989803921568627,0.992953929539295
"13189","McDuffie County",180,NA,745,1270,1985,0.758389261744966,0.858267716535433,0.909319899244333
"13191","McIntosh County",9,NA,145,365,555,0.937931034482759,0.975342465753425,0.983783783783784
"13193","Macon County",6,NA,580,795,1035,0.989655172413793,0.992452830188679,0.994202898550725
"13195","Madison County",29,NA,790,1545,2170,0.963291139240506,0.981229773462783,0.986635944700461
"13197","Marion County",19,NA,195,385,435,0.902564102564103,0.950649350649351,0.95632183908046
"13199","Meriwether County",18,NA,760,1230,1745,0.976315789473684,0.985365853658537,0.989684813753582
"13201","Miller County",9,NA,325,430,480,0.972307692307692,0.97906976744186,0.98125
"13205","Mitchell County",47,NA,875,1370,1835,0.946285714285714,0.965693430656934,0.974386920980926
"13207","Monroe County",6,NA,450,770,1130,0.986666666666667,0.992207792207792,0.994690265486726
"13209","Montgomery County",9,NA,265,375,520,0.966037735849057,0.976,0.982692307692308
"13211","Morgan County",32,NA,375,720,940,0.914666666666667,0.955555555555556,0.965957446808511
"13213","Murray County",6,NA,645,1195,2240,0.990697674418605,0.994979079497908,0.997321428571429
"13215","Muscogee County",3914,NA,7880,13230,21190,0.503299492385787,0.704157218442933,0.815290231241152
"13217","Newton County",1127,NA,3085,5275,8010,0.634683954619125,0.786350710900474,0.859300873907615
"13219","Oconee County",10,NA,280,425,930,0.964285714285714,0.976470588235294,0.989247311827957
"13221","Oglethorpe County",13,NA,315,515,665,0.958730158730159,0.974757281553398,0.980451127819549
"13223","Paulding County",309,NA,1645,3170,6425,0.812158054711246,0.902523659305994,0.951906614785992
"13225","Peach County",138,NA,780,1375,2075,0.823076923076923,0.899636363636364,0.933493975903614
"13227","Pickens County",9,NA,815,1375,1970,0.988957055214724,0.993454545454545,0.995431472081218
"13229","Pierce County",15,NA,240,470,960,0.9375,0.968085106382979,0.984375
"13231","Pike County",7,NA,210,505,790,0.966666666666667,0.986138613861386,0.991139240506329
"13233","Polk County",134,NA,1445,2310,3655,0.907266435986159,0.941991341991342,0.963337893296854
"13235","Pulaski County",60,NA,225,380,790,0.733333333333333,0.842105263157895,0.924050632911392
"13237","Putnam County",10,NA,360,825,1310,0.972222222222222,0.987878787878788,0.99236641221374
"13239","Quitman County",1,NA,55,80,105,0.981818181818182,0.9875,0.990476190476191
"13241","Rabun County",1,NA,450,650,960,0.997777777777778,0.998461538461539,0.998958333333333
"13243","Randolph County",35,NA,405,875,1180,0.91358024691358,0.96,0.970338983050847
"13245","Richmond County",4121,NA,9955,16940,23315,0.586037167252637,0.756729634002361,0.823246836800343
"13247","Rockdale County",456,NA,2025,4940,7785,0.774814814814815,0.907692307692308,0.941425818882466
"13249","Schley County",1,NA,110,190,290,0.990909090909091,0.994736842105263,0.996551724137931
"13251","Screven County",3,NA,160,390,835,0.98125,0.992307692307692,0.996407185628743
"13253","Seminole County",13,NA,185,275,570,0.92972972972973,0.952727272727273,0.97719298245614
"13255","Spalding County",482,NA,3510,5680,7155,0.862678062678063,0.915140845070423,0.932634521313767
"13257","Stephens County",7,NA,270,920,1700,0.974074074074074,0.992391304347826,0.995882352941176
"13259","Stewart County",1,NA,235,375,535,0.995744680851064,0.997333333333333,0.998130841121495
"13261","Sumter County",717,NA,1175,1995,3050,0.389787234042553,0.640601503759399,0.764918032786885
"13263","Talbot County",6,NA,125,210,290,0.952,0.971428571428571,0.979310344827586
"13265","Taliaferro County",1,NA,30,50,60,0.966666666666667,0.98,0.983333333333333
"13267","Tattnall County",3,NA,400,810,1255,0.9925,0.996296296296296,0.997609561752988
"13269","Taylor County",34,NA,495,615,870,0.931313131313131,0.944715447154472,0.960919540229885
"13271","Telfair County",16,NA,225,505,605,0.928888888888889,0.968316831683168,0.973553719008264
"13273","Terrell County",65,NA,470,730,950,0.861702127659574,0.910958904109589,0.931578947368421
"13275","Thomas County",96,NA,1295,2630,4005,0.925868725868726,0.963498098859316,0.976029962546817
"13277","Tift County",68,NA,920,2115,3725,0.926086956521739,0.967848699763593,0.981744966442953
"13279","Toombs County",22,NA,945,1565,2105,0.976719576719577,0.98594249201278,0.989548693586698
"13281","Towns County",4,NA,220,430,730,0.981818181818182,0.990697674418605,0.994520547945206
"13283","Treutlen County",3,NA,270,370,540,0.988888888888889,0.991891891891892,0.994444444444444
"13285","Troup County",113,NA,2565,4700,6830,0.955945419103314,0.975957446808511,0.983455344070278
"13287","Turner County",21,NA,215,370,700,0.902325581395349,0.943243243243243,0.97
"13289","Twiggs County",3,NA,75,120,180,0.96,0.975,0.983333333333333
"13291","Union County",7,NA,305,775,1230,0.977049180327869,0.990967741935484,0.994308943089431
"13293","Upson County",43,NA,1220,2035,2565,0.964754098360656,0.978869778869779,0.983235867446394
"13295","Walker County",62,NA,1730,3170,4715,0.964161849710983,0.980441640378549,0.986850477200424
"13297","Walton County",343,NA,2040,3575,5335,0.831862745098039,0.904055944055944,0.935707591377694
"13299","Ware County",171,NA,1390,2300,3240,0.876978417266187,0.925652173913043,0.947222222222222
"13301","Warren County",7,NA,265,305,370,0.973584905660377,0.977049180327869,0.981081081081081
"13303","Washington County",10,NA,630,1060,1700,0.984126984126984,0.990566037735849,0.994117647058824
"13305","Wayne County",16,NA,650,1530,2255,0.975384615384615,0.989542483660131,0.99290465631929
"13307","Webster County",1,NA,65,75,100,0.984615384615385,0.986666666666667,0.99
"13309","Wheeler County",1,NA,165,280,345,0.993939393939394,0.996428571428571,0.997101449275362
"13311","White County",4,NA,535,790,1370,0.992523364485981,0.994936708860759,0.997080291970803
"13313","Whitfield County",18,NA,1575,3975,6700,0.988571428571429,0.995471698113208,0.997313432835821
"13315","Wilcox County",3,NA,145,340,425,0.979310344827586,0.991176470588235,0.992941176470588
"13317","Wilkes County",18,NA,385,485,725,0.953246753246753,0.962886597938144,0.975172413793103
"13319","Wilkinson County",7,NA,215,335,465,0.967441860465116,0.97910447761194,0.98494623655914
"13321","Worth County",40,NA,530,970,1205,0.924528301886792,0.958762886597938,0.966804979253112
"13XXX","Missing, Georgia",604,NA,NA,NA,NA,NA,NA,NA
"15001","Hawaii County",2177,NA,5475,8695,12845,0.602374429223744,0.749626221966648,0.830517711171662
"15003","Honolulu County",9000,NA,30140,52685,83560,0.701393497013935,0.829173389010155,0.892292963140259
"15007","Kauai County",1165,NA,1480,2825,4710,0.212837837837838,0.587610619469026,0.752653927813163
"15009","Maui County",1498,NA,3760,6595,10810,0.601595744680851,0.772858225928734,0.861424606845513
"15XXX","Missing, Hawaii",67,NA,NA,NA,NA,NA,NA,NA
"16001","Ada County",2206,NA,7950,15155,28375,0.72251572327044,0.854437479379743,0.92225550660793
"16003","Adams County",2,NA,80,110,180,0.975,0.981818181818182,0.988888888888889
"16005","Bannock County",790,NA,2225,4455,6870,0.644943820224719,0.822671156004489,0.885007278020378
"16007","Bear Lake County",1,NA,130,225,285,0.992307692307692,0.995555555555556,0.996491228070175
"16009","Benewah County",6,NA,210,370,610,0.971428571428571,0.983783783783784,0.99016393442623
"16011","Bingham County",144,NA,670,1235,2005,0.785074626865672,0.883400809716599,0.928179551122195
"16013","Blaine County",38,NA,255,580,1215,0.850980392156863,0.93448275862069,0.968724279835391
"16015","Boise County",8,NA,65,185,280,0.876923076923077,0.956756756756757,0.971428571428571
"16017","Bonner County",97,NA,630,1265,2440,0.846031746031746,0.923320158102767,0.960245901639344
"16019","Bonneville County",842,NA,1970,4525,7540,0.57258883248731,0.813922651933702,0.888328912466844
"16021","Boundary County",8,NA,240,380,655,0.966666666666667,0.978947368421053,0.987786259541985
"16023","Butte County",1,NA,35,85,180,0.971428571428571,0.988235294117647,0.994444444444444
"16027","Canyon County",883,NA,3560,7970,12915,0.751966292134831,0.889209535759097,0.931629887727449
"16029","Caribou County",2,NA,135,285,410,0.985185185185185,0.992982456140351,0.995121951219512
"16031","Cassia County",80,NA,445,815,1585,0.820224719101124,0.901840490797546,0.949526813880126
"16035","Clearwater County",44,NA,150,250,415,0.706666666666667,0.824,0.893975903614458
"16037","Custer County",2,NA,80,210,275,0.975,0.990476190476191,0.992727272727273
"16039","Elmore County",30,NA,425,930,1980,0.929411764705882,0.967741935483871,0.984848484848485
"16041","Franklin County",5,NA,335,465,795,0.985074626865672,0.989247311827957,0.993710691823899
"16043","Fremont County",10,NA,110,215,375,0.909090909090909,0.953488372093023,0.973333333333333
"16045","Gem County",36,NA,340,555,1015,0.894117647058824,0.935135135135135,0.964532019704433
"16047","Gooding County",14,NA,185,675,1070,0.924324324324324,0.979259259259259,0.986915887850467
"16049","Idaho County",45,NA,295,585,940,0.847457627118644,0.923076923076923,0.952127659574468
"16051","Jefferson County",24,NA,255,395,910,0.905882352941176,0.939240506329114,0.973626373626374
"16053","Jerome County",44,NA,310,630,1155,0.858064516129032,0.93015873015873,0.961904761904762
"16055","Kootenai County",1184,NA,2505,5470,10100,0.527345309381237,0.783546617915905,0.882772277227723
"16057","Latah County",207,NA,1375,2690,4390,0.849454545454545,0.923048327137546,0.952847380410023
"16059","Lemhi County",21,NA,220,280,355,0.904545454545455,0.925,0.940845070422535
"16061","Lewis County",31,NA,75,175,270,0.586666666666667,0.822857142857143,0.885185185185185
"16063","Lincoln County",5,NA,100,180,290,0.95,0.972222222222222,0.982758620689655
"16065","Madison County",53,NA,1140,2905,4355,0.953508771929825,0.981755593803787,0.987830080367394
"16067","Minidoka County",26,NA,460,645,1110,0.943478260869565,0.95968992248062,0.976576576576577
"16069","Nez Perce County",364,NA,1505,2220,3255,0.758139534883721,0.836036036036036,0.888172043010753
"16071","Oneida County",3,NA,45,80,110,0.933333333333333,0.9625,0.972727272727273
"16073","Owyhee County",18,NA,230,515,830,0.921739130434783,0.96504854368932,0.978313253012048
"16075","Payette County",28,NA,455,985,1650,0.938461538461538,0.971573604060914,0.983030303030303
"16077","Power County",8,NA,110,170,430,0.927272727272727,0.952941176470588,0.981395348837209
"16079","Shoshone County",27,NA,370,690,970,0.927027027027027,0.960869565217391,0.972164948453608
"16081","Teton County",9,NA,130,325,560,0.930769230769231,0.972307692307692,0.983928571428571
"16083","Twin Falls County",511,NA,1990,4030,6380,0.74321608040201,0.873200992555831,0.919905956112853
"16085","Valley County",12,NA,130,275,310,0.907692307692308,0.956363636363636,0.961290322580645
"16087","Washington County",8,NA,420,710,855,0.980952380952381,0.988732394366197,0.990643274853801
"16XXX","Missing, Idaho",43,NA,NA,NA,NA,NA,NA,NA
"17001","Adams County",349,NA,1890,3430,5040,0.815343915343915,0.898250728862974,0.930753968253968
"17003","Alexander County",45,NA,120,215,300,0.625,0.790697674418605,0.85
"17005","Bond County",23,NA,580,960,1250,0.960344827586207,0.976041666666667,0.9816
"17007","Boone County",294,NA,830,1365,1785,0.64578313253012,0.784615384615385,0.835294117647059
"17011","Bureau County",79,NA,835,1625,2270,0.905389221556886,0.951384615384615,0.965198237885463
"17017","Cass County",6,NA,245,485,725,0.975510204081633,0.987628865979381,0.991724137931035
"17019","Champaign County",2283,NA,12900,20150,28100,0.823023255813954,0.886699751861042,0.918754448398577
"17021","Christian County",186,NA,1020,1590,2420,0.817647058823529,0.883018867924528,0.923140495867769
"17023","Clark County",3,NA,340,620,830,0.991176470588235,0.995161290322581,0.996385542168675
"17027","Clinton County",67,NA,630,1260,2055,0.893650793650794,0.946825396825397,0.967396593673966
"17029","Coles County",221,NA,1965,3590,5295,0.887531806615776,0.938440111420613,0.958262511803588
"17031","Cook County",73663,NA,236265,381900,540810,0.68821873743466,0.807114427860697,0.863791350012019
"17033","Crawford County",30,NA,345,640,880,0.91304347826087,0.953125,0.965909090909091
"17035","Cumberland County",1,NA,110,275,470,0.990909090909091,0.996363636363636,0.997872340425532
"17037","DeKalb County",605,NA,4800,7710,11170,0.873958333333333,0.921530479896239,0.945837063563115
"17041","Douglas County",24,NA,280,775,1075,0.914285714285714,0.969032258064516,0.977674418604651
"17043","DuPage County",3772,NA,15325,28090,47830,0.753866231647635,0.865717337130651,0.921137361488605
"17045","Edgar County",79,NA,375,700,1225,0.789333333333333,0.887142857142857,0.935510204081633
"17051","Fayette County",6,NA,380,770,1105,0.984210526315789,0.992207792207792,0.994570135746606
"17053","Ford County",2,NA,485,705,960,0.995876288659794,0.997163120567376,0.997916666666667
"17055","Franklin County",75,NA,1325,2235,2885,0.943396226415094,0.966442953020134,0.974003466204506
"17057","Fulton County",264,NA,790,1365,2100,0.665822784810127,0.806593406593407,0.874285714285714
"17059","Gallatin County",2,NA,190,285,365,0.989473684210526,0.992982456140351,0.994520547945206
"17063","Grundy County",146,NA,965,1690,2735,0.848704663212435,0.913609467455621,0.946617915904936
"17071","Henderson County",1,NA,60,170,265,0.983333333333333,0.994117647058824,0.99622641509434
"17073","Henry County",186,NA,975,1740,2745,0.809230769230769,0.893103448275862,0.93224043715847
"17077","Jackson County",749,NA,4015,6435,8880,0.813449564134496,0.883605283605284,0.915653153153153
"17079","Jasper County",13,NA,105,190,355,0.876190476190476,0.931578947368421,0.963380281690141
"17081","Jefferson County",167,NA,1170,1890,2810,0.857264957264957,0.911640211640212,0.940569395017794
"17083","Jersey County",198,NA,450,810,1040,0.56,0.755555555555556,0.809615384615385
"17085","Jo Daviess County",44,NA,610,995,1620,0.927868852459016,0.955778894472362,0.97283950617284
"17089","Kane County",1947,NA,11195,19440,29275,0.826083072800357,0.899845679012346,0.933492741246798
"17091","Kankakee County",865,NA,2840,5520,8300,0.695422535211268,0.843297101449275,0.89578313253012
"17093","Kendall County",206,NA,1475,2290,4430,0.860338983050847,0.910043668122271,0.953498871331828
"17095","Knox County",306,NA,2245,3540,4965,0.86369710467706,0.913559322033898,0.938368580060423
"17097","Lake County",4532,NA,15185,25980,39330,0.701547579848535,0.825558121632025,0.884769895753877
"17099","LaSalle County",410,NA,2820,4880,7630,0.854609929078014,0.915983606557377,0.946264744429882
"17101","Lawrence County",20,NA,250,505,840,0.92,0.96039603960396,0.976190476190476
"17103","Lee County",42,NA,1080,1725,2675,0.961111111111111,0.975652173913043,0.984299065420561
"17105","Livingston County",82,NA,715,1565,2565,0.885314685314685,0.947603833865815,0.968031189083821
"17107","Logan County",62,NA,925,1320,2175,0.932972972972973,0.953030303030303,0.971494252873563
"17109","McDonough County",228,NA,1865,2920,3465,0.877747989276139,0.921917808219178,0.934199134199134
"17111","McHenry County",1032,NA,4835,8385,12920,0.786556359875905,0.876923076923077,0.920123839009288
"17113","McLean County",759,NA,8340,13010,17215,0.908992805755396,0.941660261337433,0.95591054313099
"17115","Macon County",1249,NA,4045,6250,9535,0.691223733003708,0.80016,0.869008914525433
"17117","Macoupin County",92,NA,905,1850,2480,0.898342541436464,0.95027027027027,0.962903225806452
"17119","Madison County",1219,NA,8720,14980,20890,0.860206422018349,0.918624833110814,0.9416467209191
"17121","Marion County",229,NA,1300,1930,2670,0.823846153846154,0.881347150259067,0.914232209737828
"17123","Marshall County",14,NA,350,515,705,0.96,0.972815533980583,0.980141843971631
"17125","Mason County",193,NA,260,450,730,0.257692307692308,0.571111111111111,0.735616438356164
"17127","Massac County",10,NA,295,650,915,0.966101694915254,0.984615384615385,0.989071038251366
"17129","Menard County",167,NA,315,605,770,0.46984126984127,0.72396694214876,0.783116883116883
"17131","Mercer County",38,NA,315,635,1030,0.879365079365079,0.940157480314961,0.963106796116505
"17133","Monroe County",2,NA,425,955,1390,0.995294117647059,0.997905759162304,0.998561151079137
"17135","Montgomery County",93,NA,860,1545,1990,0.891860465116279,0.939805825242718,0.953266331658291
"17137","Morgan County",175,NA,895,1795,2775,0.804469273743017,0.902506963788301,0.936936936936937
"17139","Moultrie County",45,NA,260,490,755,0.826923076923077,0.908163265306122,0.940397350993378
"17141","Ogle County",145,NA,1415,2430,3515,0.897526501766784,0.940329218106996,0.958748221906117
"17143","Peoria County",2094,NA,8435,12985,18230,0.751748666271488,0.838737004235657,0.885134393856281
"17145","Perry County",3,NA,740,985,1285,0.995945945945946,0.996954314720812,0.997665369649805
"17153","Pulaski County",3,NA,200,330,390,0.985,0.990909090909091,0.992307692307692
"17157","Randolph County",54,NA,670,1205,1770,0.919402985074627,0.955186721991701,0.969491525423729
"17159","Richland County",101,NA,420,740,1115,0.759523809523809,0.863513513513513,0.909417040358744
"17161","Rock Island County",1155,NA,5530,9205,13200,0.791139240506329,0.874524714828897,0.9125
"17163","St. Clair County",2694,NA,9475,15830,22605,0.715672823218997,0.829816803537587,0.880822826808228
"17165","Saline County",79,NA,920,1540,2060,0.914130434782609,0.948701298701299,0.961650485436893
"17167","Sangamon County",2426,NA,8220,12885,18255,0.704866180048662,0.811719053162592,0.867104902766365
"17169","Schuyler County",2,NA,80,150,300,0.975,0.986666666666667,0.993333333333333
"17171","Scott County",14,NA,100,180,210,0.86,0.922222222222222,0.933333333333333
"17173","Shelby County",59,NA,465,770,1110,0.873118279569892,0.923376623376623,0.946846846846847
"17175","Stark County",3,NA,190,250,390,0.984210526315789,0.988,0.992307692307692
"17177","Stephenson County",347,NA,1575,2820,3980,0.77968253968254,0.876950354609929,0.912814070351759
"17179","Tazewell County",305,NA,2875,5380,8070,0.893913043478261,0.943308550185874,0.962205700123916
"17183","Vermilion County",912,NA,2475,4360,6440,0.631515151515152,0.790825688073394,0.858385093167702
"17185","Wabash County",9,NA,315,610,920,0.971428571428571,0.985245901639344,0.990217391304348
"17187","Warren County",83,NA,310,470,945,0.732258064516129,0.823404255319149,0.912169312169312
"17189","Washington County",6,NA,205,410,650,0.970731707317073,0.985365853658537,0.990769230769231
"17191","Wayne County",73,NA,355,880,1135,0.794366197183099,0.917045454545454,0.93568281938326
"17193","White County",2,NA,365,630,915,0.994520547945206,0.996825396825397,0.997814207650273
"17195","Whiteside County",299,NA,1430,2715,4035,0.790909090909091,0.889871086556169,0.925898389095415
"17197","Will County",2333,NA,9925,17895,27285,0.764937027707809,0.869628387817826,0.914495143851933
"17199","Williamson County",362,NA,2250,3735,5520,0.839111111111111,0.903078982597055,0.934420289855072
"17201","Winnebago County",2942,NA,10760,18000,26550,0.726579925650558,0.836555555555555,0.889190207156309
"17203","Woodford County",243,NA,580,1120,1630,0.581034482758621,0.783035714285714,0.850920245398773
"17XXX","Missing, Illinois",490,NA,NA,NA,NA,NA,NA,NA
"18001","Adams County",167,NA,260,865,1480,0.357692307692308,0.806936416184971,0.887162162162162
"18003","Allen County",3458,NA,9920,18685,29600,0.651411290322581,0.814931763446615,0.883175675675676
"18005","Bartholomew County",711,NA,2210,3705,5380,0.678280542986425,0.808097165991903,0.867843866171004
"18007","Benton County",27,NA,180,345,540,0.85,0.921739130434783,0.95
"18009","Blackford County",37,NA,525,745,920,0.92952380952381,0.950335570469799,0.959782608695652
"18011","Boone County",69,NA,1030,1745,3020,0.933009708737864,0.960458452722063,0.977152317880795
"18013","Brown County",84,NA,340,510,735,0.752941176470588,0.835294117647059,0.885714285714286
"18015","Carroll County",42,NA,195,425,950,0.784615384615385,0.901176470588235,0.955789473684211
"18017","Cass County",314,NA,705,1620,2530,0.554609929078014,0.806172839506173,0.875889328063241
"18019","Clark County",614,NA,3200,5410,8490,0.808125,0.886506469500924,0.927679623085984
"18021","Clay County",122,NA,410,830,1575,0.702439024390244,0.853012048192771,0.922539682539683
"18023","Clinton County",77,NA,545,1220,2270,0.858715596330275,0.936885245901639,0.966079295154185
"18025","Crawford County",26,NA,345,460,705,0.92463768115942,0.943478260869565,0.963120567375886
"18027","Daviess County",209,NA,520,1330,2155,0.598076923076923,0.842857142857143,0.903016241299304
"18029","Dearborn County",176,NA,1315,1970,2575,0.866159695817491,0.910659898477157,0.931650485436893
"18031","Decatur County",183,NA,575,890,1530,0.681739130434783,0.79438202247191,0.880392156862745
"18033","DeKalb County",38,NA,560,1115,2100,0.932142857142857,0.965919282511211,0.981904761904762
"18035","Delaware County",1144,NA,5115,8640,11810,0.776344086021505,0.867592592592593,0.903132938187976
"18037","Dubois County",62,NA,865,1615,2660,0.928323699421965,0.961609907120743,0.976691729323308
"18039","Elkhart County",993,NA,4810,8565,13415,0.793555093555094,0.884063047285464,0.925978382407753
"18041","Fayette County",259,NA,780,1490,2135,0.667948717948718,0.826174496644295,0.878688524590164
"18043","Floyd County",758,NA,2145,3310,5485,0.646620046620047,0.770996978851964,0.861804922515953
"18045","Fountain County",33,NA,315,755,1025,0.895238095238095,0.956291390728477,0.96780487804878
"18047","Franklin County",19,NA,315,685,960,0.93968253968254,0.972262773722628,0.980208333333333
"18049","Fulton County",98,NA,385,715,1105,0.745454545454545,0.862937062937063,0.91131221719457
"18051","Gibson County",90,NA,500,1035,1895,0.82,0.91304347826087,0.952506596306069
"18053","Grant County",499,NA,2060,3440,5045,0.757766990291262,0.854941860465116,0.901090188305253
"18055","Greene County",301,NA,645,1455,2205,0.533333333333333,0.793127147766323,0.863492063492064
"18057","Hamilton County",327,NA,3475,6585,13470,0.90589928057554,0.950341685649203,0.975723830734967
"18059","Hancock County",153,NA,585,1920,3460,0.738461538461539,0.9203125,0.955780346820809
"18061","Harrison County",45,NA,585,1015,1650,0.923076923076923,0.955665024630542,0.972727272727273
"18063","Hendricks County",137,NA,2320,4290,7625,0.940948275862069,0.968065268065268,0.982032786885246
"18065","Henry County",323,NA,1020,2035,2945,0.683333333333333,0.841277641277641,0.890322580645161
"18067","Howard County",817,NA,2295,4025,6350,0.64400871459695,0.797018633540373,0.871338582677165
"18069","Huntington County",133,NA,780,1485,2220,0.829487179487179,0.91043771043771,0.94009009009009
"18071","Jackson County",172,NA,1040,1795,2875,0.834615384615385,0.904178272980501,0.940173913043478
"18073","Jasper County",39,NA,415,905,1430,0.906024096385542,0.956906077348066,0.972727272727273
"18075","Jay County",74,NA,525,820,1205,0.859047619047619,0.909756097560976,0.938589211618257
"18077","Jefferson County",134,NA,940,1695,2615,0.857446808510638,0.92094395280236,0.948757170172084
"18079","Jennings County",64,NA,570,885,1270,0.887719298245614,0.927683615819209,0.949606299212598
"18081","Johnson County",427,NA,2730,5635,9170,0.843589743589744,0.924223602484472,0.953435114503817
"18083","Knox County",538,NA,1320,2235,3665,0.592424242424242,0.759284116331096,0.853206002728513
"18085","Kosciusko County",325,NA,1215,2605,4650,0.732510288065844,0.875239923224568,0.93010752688172
"18087","LaGrange County",7,NA,345,665,1245,0.979710144927536,0.989473684210526,0.994377510040161
"18089","Lake County",4973,NA,15865,26620,39010,0.686542704065553,0.813185574755823,0.872519866700846
"18091","LaPorte County",388,NA,2545,4460,6930,0.8475442043222,0.913004484304933,0.944011544011544
"18093","Lawrence County",229,NA,1085,2035,2845,0.788940092165899,0.887469287469287,0.919507908611599
"18095","Madison County",1720,NA,4135,7180,10565,0.58403869407497,0.760445682451254,0.83719829626124
"18097","Marion County",9009,NA,46860,80175,122435,0.807746478873239,0.887633302151543,0.926418099399681
"18099","Marshall County",88,NA,665,1270,2500,0.867669172932331,0.930708661417323,0.9648
"18101","Martin County",57,NA,280,400,570,0.796428571428571,0.8575,0.9
"18103","Miami County",234,NA,885,1315,2110,0.735593220338983,0.822053231939163,0.889099526066351
"18105","Monroe County",1770,NA,8795,13815,18095,0.79874928936896,0.871878393051031,0.902182923459519
"18107","Montgomery County",501,NA,965,1825,2665,0.480829015544041,0.725479452054794,0.812007504690431
"18109","Morgan County",143,NA,1065,2250,3410,0.865727699530516,0.936444444444444,0.958064516129032
"18111","Newton County",4,NA,265,420,655,0.984905660377358,0.990476190476191,0.993893129770992
"18113","Noble County",45,NA,665,1690,2635,0.932330827067669,0.973372781065089,0.98292220113852
"18115","Ohio County",20,NA,205,405,480,0.902439024390244,0.950617283950617,0.958333333333333
"18117","Orange County",90,NA,575,860,1320,0.843478260869565,0.895348837209302,0.931818181818182
"18119","Owen County",36,NA,320,750,1130,0.8875,0.952,0.968141592920354
"18121","Parke County",135,NA,285,480,695,0.526315789473684,0.71875,0.805755395683453
"18123","Perry County",234,NA,505,840,1215,0.536633663366337,0.721428571428571,0.807407407407407
"18125","Pike County",29,NA,225,330,580,0.871111111111111,0.912121212121212,0.95
"18127","Porter County",435,NA,3345,6305,9825,0.869955156950673,0.931007137192704,0.955725190839695
"18129","Posey County",206,NA,520,920,1305,0.603846153846154,0.776086956521739,0.842145593869732
"18131","Pulaski County",8,NA,285,445,695,0.971929824561404,0.982022471910112,0.988489208633094
"18133","Putnam County",188,NA,395,1260,2345,0.524050632911392,0.850793650793651,0.919829424307036
"18135","Randolph County",223,NA,755,1270,1830,0.704635761589404,0.824409448818898,0.878142076502732
"18137","Ripley County",38,NA,740,1165,1695,0.948648648648649,0.967381974248927,0.977581120943953
"18139","Rush County",31,NA,355,810,1265,0.912676056338028,0.961728395061728,0.975494071146245
"18141","St. Joseph County",2834,NA,8180,14465,22090,0.653545232273839,0.804078810922917,0.871706654594839
"18143","Scott County",185,NA,710,1690,2115,0.73943661971831,0.890532544378698,0.912529550827423
"18145","Shelby County",206,NA,1390,2165,3620,0.851798561151079,0.904849884526559,0.943093922651934
"18147","Spencer County",27,NA,365,870,1320,0.926027397260274,0.968965517241379,0.979545454545454
"18149","Starke County",5,NA,400,700,960,0.9875,0.992857142857143,0.994791666666667
"18151","Steuben County",14,NA,480,1025,1725,0.970833333333333,0.986341463414634,0.991884057971015
"18153","Sullivan County",38,NA,440,935,1440,0.913636363636364,0.959358288770053,0.973611111111111
"18155","Switzerland County",10,NA,195,385,555,0.948717948717949,0.974025974025974,0.981981981981982
"18157","Tippecanoe County",1398,NA,9335,15935,24045,0.850241028387788,0.912268591151553,0.941859014348097
"18159","Tipton County",11,NA,275,500,675,0.96,0.978,0.983703703703704
"18161","Union County",21,NA,105,175,360,0.8,0.88,0.941666666666667
"18163","Vanderburgh County",2853,NA,6350,11250,16905,0.550708661417323,0.7464,0.831233362910382
"18165","Vermillion County",49,NA,400,700,1050,0.8775,0.93,0.953333333333333
"18167","Vigo County",957,NA,4840,8035,11430,0.802272727272727,0.880896079651525,0.916272965879265
"18169","Wabash County",26,NA,585,1260,1820,0.955555555555556,0.979365079365079,0.985714285714286
"18171","Warren County",34,NA,120,295,375,0.716666666666667,0.884745762711864,0.909333333333333
"18173","Warrick County",108,NA,655,1235,1940,0.835114503816794,0.912550607287449,0.944329896907216
"18175","Washington County",115,NA,670,1090,1370,0.828358208955224,0.894495412844037,0.916058394160584
"18177","Wayne County",378,NA,1950,3980,5975,0.806153846153846,0.905025125628141,0.93673640167364
"18179","Wells County",49,NA,510,985,1660,0.903921568627451,0.950253807106599,0.970481927710843
"18181","White County",64,NA,410,835,1445,0.84390243902439,0.923353293413174,0.955709342560554
"18183","Whitley County",34,NA,485,805,1600,0.929896907216495,0.95776397515528,0.97875
"18XXX","Missing, Indiana",397,NA,NA,NA,NA,NA,NA,NA
"19001","Adair County",32,NA,240,420,630,0.866666666666667,0.923809523809524,0.949206349206349
"19003","Adams County",3,NA,70,115,185,0.957142857142857,0.973913043478261,0.983783783783784
"19005","Allamakee County",70,NA,295,475,755,0.76271186440678,0.852631578947368,0.907284768211921
"19007","Appanoose County",104,NA,540,840,1175,0.807407407407407,0.876190476190476,0.911489361702128
"19009","Audubon County",28,NA,175,280,410,0.84,0.9,0.931707317073171
"19011","Benton County",1,NA,480,715,1110,0.997916666666667,0.998601398601399,0.999099099099099
"19013","Black Hawk County",1573,NA,4955,8325,12800,0.682542885973764,0.811051051051051,0.877109375
"19015","Boone County",88,NA,470,1070,1535,0.812765957446808,0.917757009345794,0.942671009771987
"19017","Bremer County",109,NA,465,795,1085,0.765591397849462,0.862893081761006,0.899539170506912
"19019","Buchanan County",74,NA,340,685,1070,0.782352941176471,0.891970802919708,0.930841121495327
"19021","Buena Vista County",80,NA,260,705,1255,0.692307692307692,0.886524822695036,0.936254980079681
"19023","Butler County",24,NA,260,545,735,0.907692307692308,0.955963302752294,0.96734693877551
"19025","Calhoun County",75,NA,200,380,535,0.625,0.802631578947368,0.85981308411215
"19027","Carroll County",240,NA,635,1045,1520,0.622047244094488,0.770334928229665,0.842105263157895
"19029","Cass County",224,NA,550,945,1150,0.592727272727273,0.762962962962963,0.805217391304348
"19031","Cedar County",43,NA,460,730,1005,0.906521739130435,0.941095890410959,0.957213930348259
"19033","Cerro Gordo County",604,NA,1090,2230,3555,0.445871559633027,0.72914798206278,0.830098452883263
"19035","Cherokee County",47,NA,415,725,1010,0.886746987951807,0.935172413793103,0.953465346534653
"19037","Chickasaw County",52,NA,165,235,500,0.684848484848485,0.778723404255319,0.896
"19039","Clarke County",38,NA,445,575,830,0.914606741573034,0.933913043478261,0.95421686746988
"19041","Clay County",246,NA,585,945,1465,0.579487179487179,0.73968253968254,0.832081911262799
"19043","Clayton County",91,NA,365,775,1185,0.750684931506849,0.88258064516129,0.923206751054852
"19045","Clinton County",515,NA,1280,2255,3540,0.59765625,0.771618625277162,0.854519774011299
"19047","Crawford County",126,NA,520,655,1175,0.757692307692308,0.807633587786259,0.892765957446809
"19049","Dallas County",395,NA,1955,3630,6755,0.797953964194373,0.891184573002755,0.941524796447076
"19051","Davis County",10,NA,105,215,360,0.904761904761905,0.953488372093023,0.972222222222222
"19053","Decatur County",35,NA,225,470,580,0.844444444444444,0.925531914893617,0.939655172413793
"19055","Delaware County",75,NA,290,575,810,0.741379310344828,0.869565217391304,0.907407407407407
"19057","Des Moines County",401,NA,1935,2895,3940,0.792764857881137,0.861485319516408,0.898223350253807
"19059","Dickinson County",179,NA,345,720,1125,0.481159420289855,0.751388888888889,0.840888888888889
"19061","Dubuque County",1260,NA,2740,4830,7235,0.54014598540146,0.739130434782609,0.825846579129233
"19063","Emmet County",89,NA,240,375,575,0.629166666666667,0.762666666666667,0.845217391304348
"19065","Fayette County",185,NA,620,960,1390,0.701612903225806,0.807291666666667,0.866906474820144
"19067","Floyd County",230,NA,440,820,1240,0.477272727272727,0.719512195121951,0.814516129032258
"19069","Franklin County",41,NA,250,435,575,0.836,0.905747126436782,0.928695652173913
"19071","Fremont County",25,NA,120,200,320,0.791666666666667,0.875,0.921875
"19073","Greene County",46,NA,160,365,605,0.7125,0.873972602739726,0.92396694214876
"19075","Grundy County",30,NA,160,280,485,0.8125,0.892857142857143,0.938144329896907
"19077","Guthrie County",78,NA,250,435,595,0.688,0.820689655172414,0.86890756302521
"19079","Hamilton County",89,NA,450,650,1025,0.802222222222222,0.863076923076923,0.913170731707317
"19081","Hancock County",56,NA,205,340,550,0.726829268292683,0.835294117647059,0.898181818181818
"19083","Hardin County",58,NA,420,775,1210,0.861904761904762,0.925161290322581,0.952066115702479
"19085","Harrison County",179,NA,440,735,1030,0.593181818181818,0.756462585034014,0.82621359223301
"19087","Henry County",125,NA,530,845,1345,0.764150943396226,0.85207100591716,0.907063197026022
"19089","Howard County",56,NA,190,340,565,0.705263157894737,0.835294117647059,0.900884955752212
"19091","Humboldt County",68,NA,290,480,655,0.76551724137931,0.858333333333333,0.89618320610687
"19093","Ida County",32,NA,195,305,455,0.835897435897436,0.895081967213115,0.92967032967033
"19097","Jackson County",149,NA,600,875,1265,0.751666666666667,0.829714285714286,0.882213438735178
"19099","Jasper County",133,NA,610,1440,2285,0.781967213114754,0.907638888888889,0.941794310722101
"19101","Jefferson County",183,NA,735,1145,1675,0.751020408163265,0.840174672489083,0.890746268656716
"19103","Johnson County",1394,NA,8775,14255,19230,0.841139601139601,0.902209750964574,0.927509100364015
"19105","Jones County",109,NA,490,670,1175,0.777551020408163,0.837313432835821,0.907234042553192
"19107","Keokuk County",42,NA,235,390,605,0.821276595744681,0.892307692307692,0.930578512396694
"19109","Kossuth County",79,NA,360,645,885,0.780555555555556,0.877519379844961,0.910734463276836
"19111","Lee County",264,NA,1100,1815,2575,0.76,0.854545454545454,0.89747572815534
"19113","Linn County",1298,NA,5800,10875,17030,0.776206896551724,0.880643678160919,0.923781561949501
"19115","Louisa County",58,NA,155,365,575,0.625806451612903,0.841095890410959,0.899130434782609
"19117","Lucas County",17,NA,240,410,485,0.929166666666667,0.958536585365854,0.964948453608247
"19119","Lyon County",6,NA,70,195,335,0.914285714285714,0.969230769230769,0.982089552238806
"19121","Madison County",41,NA,185,470,810,0.778378378378378,0.912765957446809,0.949382716049383
"19123","Mahaska County",244,NA,615,1055,1570,0.603252032520325,0.768720379146919,0.844585987261147
"19125","Marion County",273,NA,700,1155,1960,0.61,0.763636363636364,0.860714285714286
"19127","Marshall County",389,NA,875,1510,2140,0.555428571428571,0.742384105960265,0.818224299065421
"19129","Mills County",147,NA,340,500,640,0.567647058823529,0.706,0.7703125
"19131","Mitchell County",38,NA,195,345,515,0.805128205128205,0.889855072463768,0.92621359223301
"19133","Monona County",65,NA,180,320,505,0.638888888888889,0.796875,0.871287128712871
"19135","Monroe County",99,NA,215,300,465,0.53953488372093,0.67,0.787096774193548
"19137","Montgomery County",114,NA,420,595,895,0.728571428571429,0.808403361344538,0.872625698324022
"19139","Muscatine County",379,NA,1010,1735,2735,0.624752475247525,0.781556195965418,0.861425959780622
"19141","O'Brien County",83,NA,275,620,960,0.698181818181818,0.866129032258064,0.913541666666667
"19143","Osceola County",25,NA,160,280,365,0.84375,0.910714285714286,0.931506849315068
"19145","Page County",96,NA,510,915,1270,0.811764705882353,0.895081967213115,0.924409448818898
"19147","Palo Alto County",100,NA,210,415,570,0.523809523809524,0.759036144578313,0.824561403508772
"19149","Plymouth County",110,NA,440,695,1415,0.75,0.841726618705036,0.92226148409894
"19151","Pocahontas County",25,NA,125,255,395,0.8,0.901960784313726,0.936708860759494
"19153","Polk County",3664,NA,14530,26750,43655,0.74783207157605,0.863028037383178,0.916069178788226
"19155","Pottawattamie County",934,NA,3535,5875,8225,0.735785007072136,0.841021276595745,0.88644376899696
"19157","Poweshiek County",170,NA,700,960,1495,0.757142857142857,0.822916666666667,0.88628762541806
"19159","Ringgold County",45,NA,80,180,280,0.4375,0.75,0.839285714285714
"19161","Sac County",73,NA,135,280,420,0.459259259259259,0.739285714285714,0.826190476190476
"19163","Scott County",1309,NA,5425,9830,13940,0.758709677419355,0.866836215666328,0.90609756097561
"19165","Shelby County",141,NA,315,555,855,0.552380952380952,0.745945945945946,0.835087719298246
"19167","Sioux County",53,NA,565,1360,1780,0.906194690265487,0.961029411764706,0.970224719101124
"19169","Story County",358,NA,6185,9285,12870,0.942118027485853,0.961443187937534,0.972183372183372
"19171","Tama County",18,NA,355,600,1060,0.949295774647887,0.97,0.983018867924528
"19173","Taylor County",32,NA,100,170,295,0.68,0.811764705882353,0.891525423728814
"19175","Union County",118,NA,325,600,865,0.636923076923077,0.803333333333333,0.863583815028902
"19177","Van Buren County",12,NA,125,220,330,0.904,0.945454545454545,0.963636363636364
"19179","Wapello County",278,NA,1400,2290,3290,0.801428571428571,0.878602620087336,0.915501519756839
"19181","Warren County",175,NA,965,1755,2735,0.818652849740933,0.9002849002849,0.936014625228519
"19183","Washington County",104,NA,370,870,1700,0.718918918918919,0.880459770114943,0.938823529411765
"19185","Wayne County",12,NA,125,250,385,0.904,0.952,0.968831168831169
"19187","Webster County",676,NA,1080,2005,2830,0.374074074074074,0.66284289276808,0.76113074204947
"19189","Winnebago County",44,NA,215,510,695,0.795348837209302,0.913725490196078,0.936690647482014
"19191","Winneshiek County",93,NA,420,825,1350,0.778571428571429,0.887272727272727,0.931111111111111
"19193","Woodbury County",1250,NA,3175,5625,8250,0.606299212598425,0.777777777777778,0.848484848484849
"19195","Worth County",17,NA,150,285,450,0.886666666666667,0.940350877192982,0.962222222222222
"19197","Wright County",89,NA,185,620,925,0.518918918918919,0.856451612903226,0.903783783783784
"19XXX","Missing, Iowa",128,NA,NA,NA,NA,NA,NA,NA
"20001","Allen County",38,NA,290,660,1060,0.868965517241379,0.942424242424242,0.964150943396226
"20003","Anderson County",7,NA,115,290,470,0.939130434782609,0.975862068965517,0.985106382978723
"20005","Atchison County",33,NA,485,905,1110,0.931958762886598,0.96353591160221,0.97027027027027
"20007","Barber County",4,NA,30,140,185,0.866666666666667,0.971428571428571,0.978378378378378
"20009","Barton County",132,NA,585,1360,2100,0.774358974358974,0.902941176470588,0.937142857142857
"20011","Bourbon County",42,NA,360,665,1210,0.883333333333333,0.936842105263158,0.965289256198347
"20013","Brown County",53,NA,230,405,805,0.769565217391304,0.869135802469136,0.93416149068323
"20015","Butler County",39,NA,1240,2135,3445,0.968548387096774,0.981733021077283,0.988679245283019
"20017","Chase County",1,NA,35,110,205,0.971428571428571,0.990909090909091,0.995121951219512
"20019","Chautauqua County",7,NA,55,120,170,0.872727272727273,0.941666666666667,0.958823529411765
"20021","Cherokee County",45,NA,630,995,1580,0.928571428571429,0.954773869346734,0.971518987341772
"20023","Cheyenne County",3,NA,50,85,165,0.94,0.964705882352941,0.981818181818182
"20025","Clark County",1,NA,40,65,95,0.975,0.984615384615385,0.989473684210526
"20027","Clay County",117,NA,310,520,655,0.62258064516129,0.775,0.821374045801527
"20029","Cloud County",5,NA,245,455,675,0.979591836734694,0.989010989010989,0.992592592592593
"20031","Coffey County",32,NA,155,440,640,0.793548387096774,0.927272727272727,0.95
"20035","Cowley County",137,NA,830,1730,2620,0.834939759036145,0.920809248554913,0.947709923664122
"20037","Crawford County",562,NA,1960,3125,4685,0.713265306122449,0.82016,0.880042689434365
"20041","Dickinson County",12,NA,360,855,1420,0.966666666666667,0.985964912280702,0.991549295774648
"20043","Doniphan County",5,NA,120,255,350,0.958333333333333,0.980392156862745,0.985714285714286
"20045","Douglas County",766,NA,6605,11130,17560,0.884027252081756,0.931176999101527,0.956378132118451
"20049","Elk County",5,NA,55,110,165,0.909090909090909,0.954545454545455,0.96969696969697
"20051","Ellis County",139,NA,1350,2205,3470,0.897037037037037,0.936961451247166,0.959942363112392
"20053","Ellsworth County",5,NA,90,205,285,0.944444444444444,0.975609756097561,0.982456140350877
"20055","Finney County",183,NA,755,1305,2135,0.757615894039735,0.859770114942529,0.914285714285714
"20057","Ford County",140,NA,475,1080,2065,0.705263157894737,0.87037037037037,0.932203389830508
"20059","Franklin County",148,NA,540,1075,1775,0.725925925925926,0.862325581395349,0.916619718309859
"20061","Geary County",117,NA,1260,2335,4225,0.907142857142857,0.949892933618844,0.972307692307692
"20065","Graham County",19,NA,40,110,155,0.525,0.827272727272727,0.87741935483871
"20067","Grant County",9,NA,75,130,485,0.88,0.930769230769231,0.981443298969072
"20073","Greenwood County",10,NA,140,265,335,0.928571428571429,0.962264150943396,0.970149253731343
"20075","Hamilton County",7,NA,40,70,90,0.825,0.9,0.922222222222222
"20077","Harper County",10,NA,155,250,390,0.935483870967742,0.96,0.974358974358974
"20079","Harvey County",93,NA,775,1425,2240,0.88,0.934736842105263,0.958482142857143
"20081","Haskell County",5,NA,35,90,180,0.857142857142857,0.944444444444444,0.972222222222222
"20085","Jackson County",45,NA,285,525,745,0.842105263157895,0.914285714285714,0.939597315436242
"20087","Jefferson County",47,NA,200,470,685,0.765,0.9,0.931386861313869
"20089","Jewell County",1,NA,50,150,220,0.98,0.993333333333333,0.995454545454545
"20091","Johnson County",1917,NA,10250,20235,36275,0.812975609756098,0.905263157894737,0.947153687112336
"20093","Kearny County",2,NA,105,150,225,0.980952380952381,0.986666666666667,0.991111111111111
"20095","Kingman County",15,NA,105,255,525,0.857142857142857,0.941176470588235,0.971428571428571
"20097","Kiowa County",5,NA,30,85,125,0.833333333333333,0.941176470588235,0.96
"20099","Labette County",27,NA,465,805,1240,0.941935483870968,0.966459627329193,0.978225806451613
"20101","Lane County",1,NA,30,40,70,0.966666666666667,0.975,0.985714285714286
"20103","Leavenworth County",499,NA,2135,3945,5925,0.766276346604216,0.873510773130545,0.9157805907173
"20105","Lincoln County",5,NA,80,155,180,0.9375,0.967741935483871,0.972222222222222
"20107","Linn County",4,NA,230,405,580,0.982608695652174,0.990123456790123,0.993103448275862
"20109","Logan County",10,NA,65,140,225,0.846153846153846,0.928571428571429,0.955555555555556
"20111","Lyon County",146,NA,1060,2250,3505,0.862264150943396,0.935111111111111,0.958345221112696
"20113","McPherson County",120,NA,815,1290,2145,0.852760736196319,0.906976744186047,0.944055944055944
"20115","Marion County",4,NA,135,425,585,0.97037037037037,0.990588235294118,0.993162393162393
"20117","Marshall County",22,NA,180,405,495,0.877777777777778,0.945679012345679,0.955555555555556
"20119","Meade County",2,NA,35,120,245,0.942857142857143,0.983333333333333,0.991836734693878
"20121","Miami County",136,NA,590,990,1705,0.769491525423729,0.862626262626263,0.920234604105572
"20123","Mitchell County",8,NA,120,245,335,0.933333333333333,0.96734693877551,0.976119402985075
"20125","Montgomery County",173,NA,885,1665,2585,0.804519774011299,0.896096096096096,0.933075435203095
"20129","Morton County",1,NA,70,115,175,0.985714285714286,0.991304347826087,0.994285714285714
"20131","Nemaha County",5,NA,200,500,695,0.975,0.99,0.992805755395683
"20133","Neosho County",49,NA,465,850,1145,0.894623655913979,0.942352941176471,0.957205240174672
"20137","Norton County",18,NA,115,245,390,0.843478260869565,0.926530612244898,0.953846153846154
"20139","Osage County",37,NA,245,610,950,0.848979591836735,0.939344262295082,0.961052631578947
"20141","Osborne County",10,NA,100,215,270,0.9,0.953488372093023,0.962962962962963
"20143","Ottawa County",1,NA,115,225,305,0.991304347826087,0.995555555555556,0.99672131147541
"20145","Pawnee County",19,NA,175,460,660,0.891428571428571,0.958695652173913,0.971212121212121
"20147","Phillips County",18,NA,120,235,425,0.85,0.923404255319149,0.957647058823529
"20149","Pottawatomie County",27,NA,295,730,960,0.908474576271186,0.963013698630137,0.971875
"20151","Pratt County",42,NA,175,350,655,0.76,0.88,0.93587786259542
"20155","Reno County",339,NA,1665,3050,4865,0.796396396396396,0.888852459016393,0.930318602261048
"20157","Republic County",1,NA,100,245,345,0.99,0.995918367346939,0.997101449275362
"20159","Rice County",8,NA,135,290,620,0.940740740740741,0.972413793103448,0.987096774193548
"20161","Riley County",489,NA,4290,7225,10190,0.886013986013986,0.932318339100346,0.952011776251227
"20163","Rooks County",18,NA,75,140,260,0.76,0.871428571428571,0.930769230769231
"20165","Rush County",16,NA,70,150,200,0.771428571428571,0.893333333333333,0.92
"20167","Russell County",29,NA,215,345,430,0.865116279069767,0.915942028985507,0.932558139534884
"20169","Saline County",553,NA,1915,3415,5065,0.711227154046997,0.838067349926794,0.890819348469891
"20171","Scott County",14,NA,190,265,570,0.926315789473684,0.947169811320755,0.975438596491228
"20173","Sedgwick County",3104,NA,16430,30390,48660,0.811077297626293,0.897861138532412,0.936210439786272
"20175","Seward County",62,NA,415,845,1360,0.850602409638554,0.926627218934911,0.954411764705882
"20177","Shawnee County",1361,NA,5695,9645,16075,0.761018437225637,0.858890616899948,0.915334370139969
"20179","Sheridan County",3,NA,50,105,175,0.94,0.971428571428571,0.982857142857143
"20181","Sherman County",8,NA,210,385,470,0.961904761904762,0.979220779220779,0.982978723404255
"20183","Smith County",10,NA,45,85,145,0.777777777777778,0.882352941176471,0.931034482758621
"20185","Stafford County",1,NA,60,160,225,0.983333333333333,0.99375,0.995555555555556
"20187","Stanton County",2,NA,30,40,105,0.933333333333333,0.95,0.980952380952381
"20189","Stevens County",4,NA,90,105,295,0.955555555555556,0.961904761904762,0.986440677966102
"20191","Sumner County",20,NA,555,945,1475,0.963963963963964,0.978835978835979,0.986440677966102
"20193","Thomas County",3,NA,220,455,585,0.986363636363636,0.993406593406593,0.994871794871795
"20197","Wabaunsee County",1,NA,75,180,275,0.986666666666667,0.994444444444444,0.996363636363636
"20205","Wilson County",7,NA,265,455,700,0.973584905660377,0.984615384615385,0.99
"20209","Wyandotte County",1630,NA,7625,12265,17430,0.786229508196721,0.867101508357114,0.906483075157774
"20XXX","Missing, Kansas",209,NA,NA,NA,NA,NA,NA,NA
"21001","Adair County",83,NA,465,720,910,0.821505376344086,0.884722222222222,0.908791208791209
"21003","Allen County",15,NA,355,710,1140,0.957746478873239,0.97887323943662,0.986842105263158
"21005","Anderson County",112,NA,450,1065,1405,0.751111111111111,0.894835680751174,0.920284697508897
"21009","Barren County",356,NA,1535,2690,3925,0.768078175895765,0.867657992565056,0.909299363057325
"21011","Bath County",10,NA,460,600,800,0.978260869565217,0.983333333333333,0.9875
"21013","Bell County",407,NA,1340,2105,2800,0.696268656716418,0.806650831353919,0.854642857142857
"21015","Boone County",1043,NA,1685,3890,6500,0.381008902077151,0.731876606683805,0.839538461538462
"21017","Bourbon County",475,NA,880,1475,2015,0.460227272727273,0.677966101694915,0.764267990074442
"21019","Boyd County",635,NA,1550,2400,3645,0.590322580645161,0.735416666666667,0.825788751714678
"21021","Boyle County",303,NA,930,1555,2365,0.674193548387097,0.805144694533762,0.871881606765328
"21023","Bracken County",8,NA,235,355,420,0.965957446808511,0.977464788732394,0.980952380952381
"21025","Breathitt County",71,NA,510,850,1060,0.86078431372549,0.916470588235294,0.933018867924528
"21027","Breckinridge County",31,NA,415,525,850,0.925301204819277,0.940952380952381,0.963529411764706
"21029","Bullitt County",440,NA,1260,2245,3520,0.650793650793651,0.804008908685969,0.875
"21031","Butler County",28,NA,365,600,825,0.923287671232877,0.953333333333333,0.966060606060606
"21033","Caldwell County",6,NA,280,635,815,0.978571428571429,0.990551181102362,0.992638036809816
"21035","Calloway County",67,NA,1600,2240,3475,0.958125,0.970089285714286,0.980719424460432
"21037","Campbell County",1313,NA,3975,6085,8020,0.669685534591195,0.784223500410846,0.836284289276808
"21041","Carroll County",5,NA,235,430,820,0.978723404255319,0.988372093023256,0.99390243902439
"21043","Carter County",339,NA,660,1015,1365,0.486363636363636,0.666009852216749,0.751648351648352
"21045","Casey County",54,NA,465,830,1095,0.883870967741936,0.934939759036145,0.950684931506849
"21047","Christian County",937,NA,2585,5165,7830,0.63752417794971,0.818586640851888,0.880332056194125
"21049","Clark County",559,NA,1310,2030,2880,0.573282442748092,0.724630541871921,0.805902777777778
"21051","Clay County",26,NA,665,1005,1405,0.960902255639098,0.974129353233831,0.981494661921708
"21053","Clinton County",29,NA,270,430,705,0.892592592592593,0.932558139534884,0.95886524822695
"21055","Crittenden County",3,NA,100,200,400,0.97,0.985,0.9925
"21057","Cumberland County",4,NA,230,365,465,0.982608695652174,0.989041095890411,0.991397849462366
"21059","Daviess County",489,NA,3425,5425,8020,0.857226277372263,0.909861751152074,0.939027431421446
"21061","Edmonson County",23,NA,170,300,600,0.864705882352941,0.923333333333333,0.961666666666667
"21063","Elliott County",70,NA,230,305,335,0.695652173913043,0.770491803278688,0.791044776119403
"21065","Estill County",74,NA,645,905,1130,0.885271317829457,0.918232044198895,0.934513274336283
"21067","Fayette County",3409,NA,14925,26575,39860,0.771591289782245,0.871721542803387,0.914475664826894
"21069","Fleming County",15,NA,325,695,965,0.953846153846154,0.97841726618705,0.984455958549223
"21071","Floyd County",477,NA,1460,2165,2680,0.673287671232877,0.779676674364896,0.822014925373134
"21073","Franklin County",543,NA,1570,2965,4900,0.654140127388535,0.816863406408094,0.889183673469388
"21075","Fulton County",26,NA,385,465,605,0.932467532467532,0.944086021505376,0.95702479338843
"21077","Gallatin County",15,NA,250,440,705,0.94,0.965909090909091,0.978723404255319
"21079","Garrard County",43,NA,265,525,805,0.837735849056604,0.918095238095238,0.946583850931677
"21081","Grant County",84,NA,595,950,1405,0.858823529411765,0.911578947368421,0.940213523131673
"21083","Graves County",306,NA,1075,1625,2415,0.715348837209302,0.811692307692308,0.873291925465838
"21085","Grayson County",49,NA,620,950,1420,0.920967741935484,0.948421052631579,0.965492957746479
"21089","Greenup County",441,NA,930,1375,2060,0.525806451612903,0.679272727272727,0.785922330097087
"21091","Hancock County",15,NA,185,355,440,0.918918918918919,0.957746478873239,0.965909090909091
"21093","Hardin County",616,NA,2620,4620,8405,0.764885496183206,0.866666666666667,0.926710291493159
"21095","Harlan County",379,NA,1065,1975,2480,0.644131455399061,0.808101265822785,0.847177419354839
"21097","Harrison County",202,NA,710,905,1335,0.715492957746479,0.776795580110497,0.848689138576779
"21099","Hart County",16,NA,425,800,1115,0.962352941176471,0.98,0.985650224215247
"21101","Henderson County",787,NA,2045,3165,4675,0.615158924205379,0.751342812006319,0.831657754010695
"21103","Henry County",30,NA,430,825,1190,0.930232558139535,0.963636363636364,0.974789915966387
"21105","Hickman County",4,NA,50,115,235,0.92,0.965217391304348,0.982978723404255
"21107","Hopkins County",261,NA,1455,2175,3125,0.820618556701031,0.88,0.91648
"21109","Jackson County",3,NA,355,520,690,0.991549295774648,0.994230769230769,0.995652173913044
"21111","Jefferson County",11958,NA,31420,51715,78550,0.619414385741566,0.768771149569757,0.847765754296626
"21113","Jessamine County",717,NA,1280,2480,4020,0.43984375,0.710887096774194,0.821641791044776
"21115","Johnson County",91,NA,805,1415,1775,0.88695652173913,0.935689045936396,0.948732394366197
"21117","Kenton County",1343,NA,5545,9410,14305,0.757799819657349,0.857279489904357,0.906116742397763
"21119","Knott County",54,NA,580,850,1135,0.906896551724138,0.936470588235294,0.952422907488987
"21121","Knox County",674,NA,1645,2430,2890,0.590273556231003,0.722633744855967,0.766782006920415
"21123","Larue County",12,NA,435,590,885,0.972413793103448,0.979661016949153,0.986440677966102
"21125","Laurel County",336,NA,1855,3090,4110,0.818867924528302,0.89126213592233,0.918248175182482
"21127","Lawrence County",139,NA,465,810,1115,0.701075268817204,0.828395061728395,0.875336322869955
"21129","Lee County",22,NA,320,525,590,0.93125,0.958095238095238,0.96271186440678
"21131","Leslie County",15,NA,255,320,345,0.941176470588235,0.953125,0.956521739130435
"21133","Letcher County",48,NA,885,1255,1820,0.945762711864407,0.961752988047809,0.973626373626374
"21135","Lewis County",75,NA,365,615,795,0.794520547945206,0.878048780487805,0.905660377358491
"21137","Lincoln County",32,NA,585,925,1435,0.945299145299145,0.965405405405405,0.977700348432056
"21141","Logan County",53,NA,705,1145,1790,0.924822695035461,0.953711790393013,0.970391061452514
"21143","Lyon County",4,NA,150,255,370,0.973333333333333,0.984313725490196,0.989189189189189
"21145","McCracken County",675,NA,2135,4125,5885,0.68384074941452,0.836363636363636,0.885301614273577
"21147","McCreary County",72,NA,735,975,1250,0.902040816326531,0.926153846153846,0.9424
"21149","McLean County",4,NA,220,350,520,0.981818181818182,0.988571428571429,0.992307692307692
"21151","Madison County",799,NA,3500,5805,9225,0.771714285714286,0.862360034453058,0.913387533875339
"21153","Magoffin County",44,NA,505,675,860,0.912871287128713,0.934814814814815,0.948837209302326
"21155","Marion County",85,NA,540,905,1340,0.842592592592593,0.906077348066298,0.936567164179104
"21157","Marshall County",8,NA,720,1145,1725,0.988888888888889,0.993013100436681,0.99536231884058
"21159","Martin County",8,NA,450,530,600,0.982222222222222,0.984905660377358,0.986666666666667
"21161","Mason County",117,NA,645,985,1435,0.818604651162791,0.881218274111675,0.918466898954704
"21163","Meade County",31,NA,425,880,1435,0.927058823529412,0.964772727272727,0.978397212543554
"21165","Menifee County",4,NA,205,255,360,0.980487804878049,0.984313725490196,0.988888888888889
"21167","Mercer County",59,NA,310,690,1285,0.809677419354839,0.914492753623188,0.95408560311284
"21169","Metcalfe County",11,NA,220,455,530,0.95,0.975824175824176,0.979245283018868
"21171","Monroe County",13,NA,420,610,840,0.969047619047619,0.978688524590164,0.98452380952381
"21173","Montgomery County",124,NA,860,1500,2105,0.855813953488372,0.917333333333333,0.941092636579572
"21175","Morgan County",26,NA,360,485,665,0.927777777777778,0.94639175257732,0.960902255639098
"21177","Muhlenberg County",31,NA,565,970,1545,0.945132743362832,0.968041237113402,0.979935275080906
"21179","Nelson County",173,NA,675,1755,2935,0.743703703703704,0.901424501424501,0.941056218057922
"21181","Nicholas County",19,NA,185,290,395,0.897297297297297,0.93448275862069,0.951898734177215
"21183","Ohio County",19,NA,555,755,1085,0.965765765765766,0.974834437086093,0.982488479262673
"21185","Oldham County",121,NA,460,855,1570,0.736956521739131,0.858479532163743,0.922929936305733
"21187","Owen County",4,NA,135,220,340,0.97037037037037,0.981818181818182,0.988235294117647
"21189","Owsley County",31,NA,175,290,430,0.822857142857143,0.893103448275862,0.927906976744186
"21191","Pendleton County",99,NA,615,810,1015,0.839024390243902,0.877777777777778,0.902463054187192
"21193","Perry County",54,NA,925,1310,1915,0.941621621621622,0.958778625954198,0.971801566579634
"21195","Pike County",989,NA,2095,3310,4150,0.527923627684964,0.701208459214502,0.761686746987952
"21197","Powell County",34,NA,720,1010,1225,0.952777777777778,0.966336633663366,0.972244897959184
"21199","Pulaski County",519,NA,2035,3380,4490,0.744963144963145,0.846449704142012,0.884409799554566
"21203","Rockcastle County",9,NA,470,615,895,0.980851063829787,0.985365853658537,0.989944134078212
"21205","Rowan County",93,NA,1015,1585,2005,0.908374384236453,0.941324921135647,0.953615960099751
"21207","Russell County",99,NA,485,880,1310,0.795876288659794,0.8875,0.924427480916031
"21209","Scott County",425,NA,925,1605,3150,0.540540540540541,0.735202492211838,0.865079365079365
"21211","Shelby County",181,NA,870,1910,3095,0.791954022988506,0.905235602094241,0.941518578352181
"21213","Simpson County",58,NA,630,965,1545,0.907936507936508,0.939896373056995,0.962459546925566
"21215","Spencer County",37,NA,205,335,725,0.819512195121951,0.88955223880597,0.948965517241379
"21217","Taylor County",315,NA,645,1265,1900,0.511627906976744,0.75098814229249,0.83421052631579
"21219","Todd County",30,NA,300,445,665,0.9,0.932584269662921,0.954887218045113
"21221","Trigg County",44,NA,330,640,905,0.866666666666667,0.93125,0.951381215469613
"21223","Trimble County",4,NA,190,230,285,0.978947368421053,0.982608695652174,0.985964912280702
"21225","Union County",19,NA,330,585,820,0.942424242424242,0.967521367521368,0.976829268292683
"21227","Warren County",965,NA,5605,9465,13960,0.827832292595897,0.898045430533545,0.930873925501433
"21229","Washington County",68,NA,335,485,630,0.797014925373134,0.85979381443299,0.892063492063492
"21231","Wayne County",111,NA,510,890,1395,0.782352941176471,0.875280898876404,0.920430107526882
"21233","Webster County",4,NA,135,350,600,0.97037037037037,0.988571428571429,0.993333333333333
"21235","Whitley County",543,NA,1215,1720,2725,0.553086419753086,0.684302325581395,0.800733944954128
"21237","Wolfe County",23,NA,360,640,680,0.936111111111111,0.9640625,0.966176470588235
"21239","Woodford County",301,NA,430,1030,1940,0.3,0.707766990291262,0.844845360824742
"21XXX","Missing, Kentucky",58,NA,NA,NA,NA,NA,NA,NA
"22001","Acadia Parish",583,NA,2230,3545,5040,0.738565022421525,0.835543018335684,0.884325396825397
"22003","Allen Parish",296,NA,485,790,1100,0.389690721649484,0.625316455696203,0.730909090909091
"22005","Ascension Parish",209,NA,1735,3200,4415,0.879538904899135,0.9346875,0.952661381653454
"22007","Assumption Parish",112,NA,400,690,1105,0.72,0.83768115942029,0.898642533936652
"22009","Avoyelles Parish",142,NA,1425,2195,3025,0.900350877192982,0.935307517084283,0.953057851239669
"22011","Beauregard Parish",45,NA,600,940,1470,0.925,0.952127659574468,0.969387755102041
"22013","Bienville Parish",84,NA,425,800,1140,0.802352941176471,0.895,0.926315789473684
"22015","Bossier Parish",841,NA,3050,6020,8880,0.724262295081967,0.860299003322259,0.905292792792793
"22017","Caddo Parish",4341,NA,9990,17970,25535,0.565465465465465,0.758430717863105,0.82999804190327
"22019","Calcasieu Parish",3072,NA,5495,9435,13360,0.440946314831665,0.674403815580286,0.770059880239521
"22021","Caldwell Parish",152,NA,355,640,805,0.571830985915493,0.7625,0.811180124223603
"22023","Cameron Parish",2,NA,50,90,225,0.96,0.977777777777778,0.991111111111111
"22025","Catahoula Parish",56,NA,275,435,555,0.796363636363636,0.871264367816092,0.899099099099099
"22027","Claiborne Parish",87,NA,660,935,1220,0.868181818181818,0.906951871657754,0.928688524590164
"22029","Concordia Parish",73,NA,595,810,1205,0.877310924369748,0.909876543209877,0.939419087136929
"22031","De Soto Parish",216,NA,1095,1575,2105,0.802739726027397,0.862857142857143,0.897387173396675
"22033","East Baton Rouge Parish",4722,NA,18970,31840,45290,0.751080653663679,0.851695979899498,0.895738573636564
"22035","East Carroll Parish",146,NA,490,550,680,0.702040816326531,0.734545454545455,0.785294117647059
"22039","Evangeline Parish",292,NA,1150,2260,3090,0.746086956521739,0.870796460176991,0.905501618122977
"22041","Franklin Parish",29,NA,520,870,1310,0.944230769230769,0.966666666666667,0.977862595419847
"22043","Grant Parish",110,NA,260,415,810,0.576923076923077,0.734939759036145,0.864197530864198
"22045","Iberia Parish",585,NA,2085,3595,5085,0.719424460431655,0.837273991655076,0.884955752212389
"22047","Iberville Parish",104,NA,765,1095,1510,0.864052287581699,0.905022831050228,0.93112582781457
"22049","Jackson Parish",22,NA,405,850,1230,0.945679012345679,0.974117647058824,0.982113821138211
"22051","Jefferson Parish",5949,NA,14835,26425,39935,0.598988877654196,0.774872280037843,0.851032928508827
"22053","Jefferson Davis Parish",133,NA,465,1185,1775,0.713978494623656,0.887763713080169,0.925070422535211
"22055","Lafayette Parish",2024,NA,9540,15000,21140,0.787840670859539,0.865066666666667,0.904257332071902
"22057","Lafourche Parish",573,NA,2505,3995,5305,0.77125748502994,0.85657071339174,0.891988689915174
"22059","LaSalle Parish",5,NA,270,410,560,0.981481481481482,0.98780487804878,0.991071428571429
"22061","Lincoln Parish",587,NA,2415,4025,5995,0.756935817805383,0.85416149068323,0.90208507089241
"22063","Livingston Parish",210,NA,1685,3145,5060,0.875370919881306,0.933227344992051,0.958498023715415
"22065","Madison Parish",143,NA,635,830,990,0.774803149606299,0.827710843373494,0.855555555555556
"22067","Morehouse Parish",188,NA,1015,1640,2265,0.814778325123153,0.885365853658537,0.916997792494481
"22069","Natchitoches Parish",785,NA,2105,3300,4205,0.6270783847981,0.762121212121212,0.813317479191439
"22071","Orleans Parish",18751,NA,27180,39660,51050,0.310117733627667,0.52720625315179,0.632693437806072
"22073","Ouachita Parish",2554,NA,7130,10860,15300,0.64179523141655,0.764825046040516,0.833071895424837
"22075","Plaquemines Parish",167,NA,530,725,1055,0.684905660377358,0.769655172413793,0.841706161137441
"22077","Pointe Coupee Parish",53,NA,780,1085,1440,0.932051282051282,0.951152073732719,0.963194444444444
"22079","Rapides Parish",2276,NA,3215,6185,9550,0.292068429237947,0.632012934518998,0.761675392670157
"22081","Red River Parish",51,NA,210,350,445,0.757142857142857,0.854285714285714,0.885393258426966
"22083","Richland Parish",49,NA,720,1115,1675,0.931944444444444,0.956053811659193,0.970746268656716
"22085","Sabine Parish",112,NA,660,1230,1705,0.83030303030303,0.908943089430894,0.934310850439883
"22087","St. Bernard Parish",584,NA,1380,2140,2955,0.576811594202899,0.727102803738318,0.802368866328257
"22089","St. Charles Parish",360,NA,750,1605,2485,0.52,0.775700934579439,0.855130784708249
"22091","St. Helena Parish",29,NA,405,440,630,0.928395061728395,0.934090909090909,0.953968253968254
"22093","St. James Parish",17,NA,340,635,985,0.95,0.973228346456693,0.982741116751269
"22095","St. John the Baptist Parish",417,NA,900,1470,2120,0.536666666666667,0.716326530612245,0.803301886792453
"22097","St. Landry Parish",735,NA,3045,4345,6100,0.758620689655172,0.830840046029919,0.879508196721311
"22099","St. Martin Parish",399,NA,1575,2465,3165,0.746666666666667,0.838133874239351,0.8739336492891
"22101","St. Mary Parish",345,NA,1550,2645,3760,0.77741935483871,0.869565217391304,0.908244680851064
"22103","St. Tammany Parish",853,NA,4285,7900,12165,0.800933488914819,0.892025316455696,0.929880805589807
"22105","Tangipahoa Parish",944,NA,3550,6360,8530,0.734084507042253,0.851572327044025,0.889331770222743
"22107","Tensas Parish",152,NA,90,150,270,-0.688888888888889,-0.0133333333333334,0.437037037037037
"22109","Terrebonne Parish",780,NA,2380,4085,6515,0.672268907563025,0.80905752753978,0.880276285495011
"22111","Union Parish",157,NA,535,1080,1295,0.706542056074766,0.85462962962963,0.878764478764479
"22113","Vermilion Parish",127,NA,1380,2695,3585,0.907971014492754,0.952875695732839,0.964574616457462
"22115","Vernon Parish",71,NA,1385,2365,3800,0.948736462093863,0.969978858350951,0.981315789473684
"22117","Washington Parish",512,NA,1135,2405,3800,0.548898678414097,0.787110187110187,0.865263157894737
"22119","Webster Parish",317,NA,1460,2815,4170,0.782876712328767,0.887388987566607,0.923980815347722
"22121","West Baton Rouge Parish",223,NA,645,1260,1615,0.654263565891473,0.823015873015873,0.861919504643963
"22123","West Carroll Parish",73,NA,225,385,630,0.675555555555556,0.81038961038961,0.884126984126984
"22127","Winn Parish",95,NA,250,500,760,0.62,0.81,0.875
"22XXX","Missing, Louisiana",1050,NA,NA,NA,NA,NA,NA,NA
"23001","Androscoggin County",2223,NA,3525,6500,9910,0.36936170212766,0.658,0.775681130171544
"23003","Aroostook County",867,NA,2535,4185,5980,0.657988165680473,0.792831541218638,0.855016722408027
"23005","Cumberland County",4504,NA,9445,15520,24445,0.523133933298041,0.70979381443299,0.81574964205359
"23007","Franklin County",135,NA,585,1425,1975,0.769230769230769,0.905263157894737,0.931645569620253
"23009","Hancock County",447,NA,1440,2645,3730,0.689583333333333,0.831001890359168,0.880160857908847
"23011","Kennebec County",1299,NA,3600,6565,10220,0.639166666666667,0.802132520944402,0.872896281800391
"23013","Knox County",253,NA,885,1425,2260,0.714124293785311,0.822456140350877,0.888053097345133
"23015","Lincoln County",135,NA,805,1090,1770,0.832298136645963,0.876146788990826,0.923728813559322
"23017","Oxford County",540,NA,1340,2460,3475,0.597014925373134,0.780487804878049,0.844604316546763
"23019","Penobscot County",1183,NA,5055,8650,13435,0.765974282888229,0.863236994219653,0.911946408634165
"23021","Piscataquis County",48,NA,555,865,1170,0.913513513513514,0.944508670520231,0.958974358974359
"23023","Sagadahoc County",474,NA,710,1515,2570,0.332394366197183,0.687128712871287,0.81556420233463
"23025","Somerset County",427,NA,1430,2435,3370,0.701398601398601,0.824640657084189,0.873293768545994
"23027","Waldo County",206,NA,750,1315,2115,0.725333333333333,0.843346007604563,0.902600472813239
"23029","Washington County",43,NA,1105,1700,2230,0.961085972850679,0.974705882352941,0.980717488789238
"23031","York County",1588,NA,5125,9215,13890,0.690146341463415,0.827672273467173,0.885673146148308
"23XXX","Missing, Maine",173,NA,NA,NA,NA,NA,NA,NA
"24001","Allegany County",641,NA,3030,4615,6375,0.788448844884488,0.861105092091008,0.899450980392157
"24003","Anne Arundel County",3561,NA,7675,14755,27305,0.536026058631922,0.7586580820061,0.869584325215162
"24005","Baltimore County",9059,NA,25640,45455,70630,0.646684867394696,0.80070399296007,0.871740053801501
"24009","Calvert County",469,NA,1285,2125,2785,0.635019455252918,0.779294117647059,0.831597845601436
"24011","Caroline County",80,NA,755,1525,2240,0.894039735099338,0.947540983606557,0.964285714285714
"24013","Carroll County",1071,NA,3095,4865,6935,0.653957996768982,0.779856115107914,0.845565969718818
"24015","Cecil County",820,NA,2700,4850,6725,0.696296296296296,0.830927835051546,0.878066914498141
"24017","Charles County",931,NA,3045,4900,6435,0.694252873563218,0.81,0.855322455322455
"24019","Dorchester County",339,NA,1075,1770,2860,0.684651162790698,0.808474576271186,0.881468531468531
"24021","Frederick County",1460,NA,5895,10560,13365,0.752332485156913,0.861742424242424,0.890759446315002
"24023","Garrett County",136,NA,670,1275,1645,0.797014925373134,0.893333333333333,0.917325227963526
"24025","Harford County",1533,NA,4720,8305,12345,0.67521186440678,0.815412402167369,0.875820170109356
"24027","Howard County",2367,NA,5810,9480,14985,0.592598967297763,0.750316455696203,0.842042042042042
"24029","Kent County",43,NA,635,1180,1820,0.932283464566929,0.963559322033898,0.976373626373626
"24031","Montgomery County",8335,NA,30990,52410,66360,0.731042271700549,0.840965464605991,0.874397227245329
"24033","Prince George's County",5899,NA,32085,58080,76675,0.816144615864111,0.898433195592287,0.923064884251712
"24035","Queen Anne's County",176,NA,1045,1590,2255,0.831578947368421,0.889308176100629,0.921951219512195
"24037","St. Mary's County",1556,NA,2935,4535,6410,0.46984667802385,0.656890848952591,0.757254290171607
"24039","Somerset County",116,NA,1120,1620,2050,0.896428571428571,0.928395061728395,0.943414634146341
"24041","Talbot County",190,NA,1265,1985,2720,0.849802371541502,0.904282115869018,0.930147058823529
"24043","Washington County",1558,NA,5190,8770,12810,0.69980732177264,0.822348916761688,0.878376268540203
"24045","Wicomico County",911,NA,3455,6705,9585,0.736324167872648,0.864131245339299,0.904955659885237
"24047","Worcester County",163,NA,1020,2400,3610,0.840196078431373,0.932083333333333,0.954847645429363
"24510","Baltimore city",16223,NA,47700,70105,93825,0.659895178197065,0.76858997218458,0.827092992272848
"24XXX","Missing, Maryland",185,NA,NA,NA,NA,NA,NA,NA
"25001","Barnstable County",2399,NA,5395,9160,12590,0.555329008341056,0.738100436681223,0.80945194598888
"25003","Berkshire County",1936,NA,4800,8195,11415,0.596666666666667,0.763758389261745,0.830398598335523
"25005","Bristol County",6806,NA,25900,42635,58535,0.737220077220077,0.840365896563856,0.88372768429145
"25007","Dukes County",18,NA,380,750,1090,0.952631578947368,0.976,0.98348623853211
"25009","Essex County",11298,NA,40505,61625,82865,0.721071472657697,0.816665314401623,0.863657756592047
"25011","Franklin County",1055,NA,2805,4600,6765,0.623885918003565,0.770652173913043,0.844050258684405
"25013","Hampden County",10563,NA,25980,38600,52890,0.593418013856813,0.726347150259067,0.800283607487238
"25015","Hampshire County",1433,NA,5085,8460,12300,0.71819075712881,0.830614657210402,0.88349593495935
"25017","Middlesex County",19179,NA,59540,93630,133415,0.677880416526705,0.795161807113105,0.856245549600869
"25021","Norfolk County",9898,NA,24155,37590,53450,0.590229766093976,0.736685288640596,0.814817586529467
"25023","Plymouth County",5051,NA,13905,22900,32420,0.636749370729953,0.77943231441048,0.844201110425663
"25025","Suffolk County",20108,NA,71715,98085,129170,0.719612354458621,0.794994137737676,0.844329178601843
"25027","Worcester County",8016,NA,33885,54040,77445,0.763435148295706,0.851665433012583,0.896494286267674
"25XXX","Missing, Massachusetts",684,NA,NA,NA,NA,NA,NA,NA
"26001","Alcona County",16,NA,135,265,415,0.881481481481482,0.939622641509434,0.96144578313253
"26003","Alger County",34,NA,95,295,405,0.642105263157895,0.884745762711864,0.916049382716049
"26005","Allegan County",400,NA,1415,2920,4690,0.717314487632509,0.863013698630137,0.914712153518124
"26007","Alpena County",131,NA,990,1640,2090,0.867676767676768,0.920121951219512,0.937320574162679
"26009","Antrim County",41,NA,245,515,865,0.83265306122449,0.920388349514563,0.952601156069364
"26011","Arenac County",22,NA,280,530,700,0.921428571428571,0.958490566037736,0.968571428571429
"26013","Baraga County",40,NA,205,410,520,0.804878048780488,0.902439024390244,0.923076923076923
"26015","Barry County",69,NA,810,1435,2130,0.914814814814815,0.95191637630662,0.967605633802817
"26017","Bay County",476,NA,3485,5085,7265,0.863414634146341,0.906391347099312,0.934480385409498
"26019","Benzie County",36,NA,165,390,565,0.781818181818182,0.907692307692308,0.936283185840708
"26021","Berrien County",801,NA,4785,7860,11605,0.832601880877743,0.898091603053435,0.930978026712624
"26023","Branch County",74,NA,680,1235,2300,0.891176470588235,0.940080971659919,0.967826086956522
"26025","Calhoun County",1143,NA,3280,6175,9730,0.651524390243903,0.814898785425101,0.882528263103803
"26027","Cass County",87,NA,1085,1615,2650,0.919815668202765,0.946130030959752,0.967169811320755
"26029","Charlevoix County",90,NA,500,1015,1540,0.82,0.911330049261084,0.941558441558442
"26031","Cheboygan County",159,NA,465,825,1175,0.658064516129032,0.807272727272727,0.86468085106383
"26033","Chippewa County",165,NA,945,1830,2595,0.825396825396825,0.909836065573771,0.936416184971098
"26035","Clare County",98,NA,560,1005,1340,0.825,0.902487562189055,0.926865671641791
"26037","Clinton County",194,NA,1340,2365,3655,0.855223880597015,0.917970401691332,0.946922024623803
"26039","Crawford County",48,NA,255,550,735,0.811764705882353,0.912727272727273,0.93469387755102
"26041","Delta County",186,NA,1050,1850,2570,0.822857142857143,0.899459459459459,0.927626459143969
"26043","Dickinson County",139,NA,610,960,1470,0.772131147540984,0.855208333333333,0.905442176870748
"26045","Eaton County",465,NA,2125,3830,6745,0.781176470588235,0.878590078328982,0.931060044477391
"26047","Emmet County",73,NA,670,1260,1965,0.891044776119403,0.942063492063492,0.962849872773537
"26049","Genesee County",2330,NA,12855,21220,32870,0.818747569039284,0.890197926484449,0.929114694250076
"26051","Gladwin County",64,NA,435,755,1100,0.852873563218391,0.91523178807947,0.941818181818182
"26053","Gogebic County",70,NA,420,810,1025,0.833333333333333,0.91358024691358,0.931707317073171
"26055","Grand Traverse County",551,NA,2155,3755,5690,0.744315545243619,0.853262316910786,0.903163444639719
"26057","Gratiot County",279,NA,775,1430,2425,0.64,0.804895104895105,0.884948453608247
"26059","Hillsdale County",49,NA,785,1600,2390,0.937579617834395,0.969375,0.979497907949791
"26061","Houghton County",180,NA,1525,2555,3460,0.881967213114754,0.929549902152642,0.947976878612717
"26063","Huron County",61,NA,530,1110,1515,0.884905660377359,0.945045045045045,0.95973597359736
"26065","Ingham County",3199,NA,13590,22600,32510,0.764606328182487,0.858451327433628,0.90159950784374
"26067","Ionia County",144,NA,1205,2000,3245,0.880497925311203,0.928,0.955624036979969
"26069","Iosco County",121,NA,575,975,1520,0.789565217391304,0.875897435897436,0.920394736842105
"26071","Iron County",241,NA,220,370,560,-0.0954545454545455,0.348648648648649,0.569642857142857
"26073","Isabella County",311,NA,3195,4785,6590,0.902660406885759,0.935005224660397,0.952807283763278
"26075","Jackson County",953,NA,3810,6890,10585,0.749868766404199,0.861683599419448,0.909966934341049
"26077","Kalamazoo County",1307,NA,10060,17300,25635,0.870079522862823,0.924450867052023,0.949015018529354
"26079","Kalkaska County",21,NA,305,500,705,0.931147540983607,0.958,0.970212765957447
"26081","Kent County",7256,NA,18485,31455,49350,0.607465512577766,0.769321252583055,0.852968591691996
"26083","Keweenaw County",6,NA,15,30,60,0.6,0.8,0.9
"26085","Lake County",163,NA,300,440,565,0.456666666666667,0.629545454545455,0.711504424778761
"26087","Lapeer County",582,NA,1720,2720,3730,0.661627906976744,0.786029411764706,0.843967828418231
"26089","Leelanau County",8,NA,130,345,580,0.938461538461538,0.976811594202899,0.986206896551724
"26091","Lenawee County",191,NA,1595,3140,5270,0.88025078369906,0.939171974522293,0.963757115749526
"26093","Livingston County",341,NA,2060,4705,7605,0.834466019417476,0.927523910733262,0.955161078238001
"26095","Luce County",103,NA,175,240,295,0.411428571428571,0.570833333333333,0.650847457627119
"26097","Mackinac County",21,NA,345,530,720,0.939130434782609,0.960377358490566,0.970833333333333
"26099","Macomb County",3417,NA,19450,35585,55815,0.824318766066838,0.903976394548265,0.938779897876915
"26101","Manistee County",58,NA,395,605,940,0.853164556962025,0.904132231404959,0.938297872340425
"26103","Marquette County",355,NA,2130,3760,5575,0.833333333333333,0.905585106382979,0.936322869955157
"26105","Mason County",80,NA,470,1065,1730,0.829787234042553,0.924882629107981,0.953757225433526
"26107","Mecosta County",181,NA,1145,2035,2900,0.841921397379913,0.911056511056511,0.937586206896552
"26109","Menominee County",148,NA,500,925,1345,0.704,0.84,0.88996282527881
"26111","Midland County",388,NA,1890,3360,5165,0.794708994708995,0.884523809523809,0.924878993223621
"26113","Missaukee County",37,NA,195,450,740,0.81025641025641,0.917777777777778,0.95
"26115","Monroe County",620,NA,3500,5775,8200,0.822857142857143,0.892640692640693,0.924390243902439
"26117","Montcalm County",330,NA,1010,1800,2815,0.673267326732673,0.816666666666667,0.882770870337478
"26119","Montmorency County",31,NA,230,405,560,0.865217391304348,0.923456790123457,0.944642857142857
"26121","Muskegon County",1066,NA,3890,6985,10005,0.725964010282776,0.84738725841088,0.893453273363318
"26123","Newaygo County",123,NA,645,1225,1735,0.809302325581395,0.899591836734694,0.929106628242075
"26125","Oakland County",4530,NA,27320,47875,75165,0.834187408491947,0.905378590078329,0.939732588305727
"26127","Oceana County",63,NA,375,670,1100,0.832,0.905970149253731,0.942727272727273
"26129","Ogemaw County",65,NA,545,950,1240,0.880733944954128,0.931578947368421,0.94758064516129
"26131","Ontonagon County",5,NA,100,185,270,0.95,0.972972972972973,0.981481481481482
"26133","Osceola County",113,NA,490,750,1040,0.769387755102041,0.849333333333333,0.891346153846154
"26135","Oscoda County",24,NA,75,175,300,0.68,0.862857142857143,0.92
"26137","Otsego County",154,NA,480,1045,1670,0.679166666666667,0.852631578947368,0.907784431137725
"26139","Ottawa County",527,NA,4495,9490,14710,0.882758620689655,0.944467860906217,0.964174031271244
"26141","Presque Isle County",12,NA,175,355,530,0.931428571428571,0.966197183098592,0.977358490566038
"26143","Roscommon County",127,NA,660,1065,1515,0.807575757575758,0.88075117370892,0.916171617161716
"26145","Saginaw County",2019,NA,6365,10270,14870,0.682796543597801,0.803407984420643,0.864223268325488
"26147","St. Clair County",1130,NA,3845,6685,9795,0.706111833550065,0.830964846671653,0.884635017866258
"26149","St. Joseph County",43,NA,1360,2335,3495,0.968382352941176,0.981584582441113,0.987696709585122
"26151","Sanilac County",103,NA,775,1490,2380,0.867096774193548,0.930872483221477,0.95672268907563
"26153","Schoolcraft County",99,NA,225,385,520,0.56,0.742857142857143,0.809615384615385
"26155","Shiawassee County",111,NA,1380,2465,4030,0.919565217391304,0.954969574036511,0.972456575682382
"26157","Tuscola County",118,NA,625,1300,2075,0.8112,0.909230769230769,0.943132530120482
"26159","Van Buren County",124,NA,1480,2710,4060,0.916216216216216,0.954243542435424,0.969458128078818
"26161","Washtenaw County",3907,NA,17570,27770,39480,0.777632327831531,0.859308606409795,0.901038500506586
"26163","Wayne County",20670,NA,82915,125875,176000,0.750708556955919,0.835789473684211,0.882556818181818
"26165","Wexford County",164,NA,680,1195,1860,0.758823529411765,0.862761506276151,0.911827956989247
"26XXX","Missing, Michigan",766,NA,NA,NA,NA,NA,NA,NA
"27001","Aitkin County",16,NA,390,600,815,0.958974358974359,0.973333333333333,0.980368098159509
"27003","Anoka County",1707,NA,5815,11550,17880,0.706448839208942,0.852207792207792,0.904530201342282
"27005","Becker County",248,NA,940,1560,2175,0.736170212765958,0.841025641025641,0.885977011494253
"27007","Beltrami County",261,NA,1630,2580,3905,0.839877300613497,0.898837209302326,0.933162612035851
"27009","Benton County",134,NA,965,1735,3640,0.861139896373057,0.922766570605187,0.963186813186813
"27011","Big Stone County",37,NA,150,275,395,0.753333333333333,0.865454545454545,0.906329113924051
"27013","Blue Earth County",626,NA,2675,4860,7120,0.765981308411215,0.87119341563786,0.912078651685393
"27015","Brown County",127,NA,505,930,1545,0.748514851485149,0.863440860215054,0.917799352750809
"27017","Carlton County",159,NA,675,1350,1895,0.764444444444444,0.882222222222222,0.916094986807388
"27019","Carver County",362,NA,1240,2520,4420,0.708064516129032,0.856349206349206,0.918099547511312
"27021","Cass County",51,NA,515,915,1480,0.900970873786408,0.944262295081967,0.965540540540541
"27023","Chippewa County",99,NA,455,820,1060,0.782417582417582,0.879268292682927,0.906603773584906
"27025","Chisago County",51,NA,955,1495,2110,0.946596858638743,0.965886287625418,0.975829383886256
"27027","Clay County",914,NA,3245,4940,6505,0.718335901386749,0.81497975708502,0.859492697924673
"27029","Clearwater County",27,NA,205,320,455,0.868292682926829,0.915625,0.940659340659341
"27031","Cook County",1,NA,95,180,330,0.989473684210526,0.994444444444444,0.996969696969697
"27033","Cottonwood County",13,NA,275,480,740,0.952727272727273,0.972916666666667,0.982432432432432
"27035","Crow Wing County",326,NA,1540,2790,4675,0.788311688311688,0.883154121863799,0.930267379679144
"27037","Dakota County",2851,NA,9380,17000,26480,0.696055437100213,0.832294117647059,0.892333836858006
"27039","Dodge County",61,NA,290,585,800,0.789655172413793,0.895726495726496,0.92375
"27041","Douglas County",235,NA,795,1785,2810,0.704402515723271,0.868347338935574,0.916370106761566
"27043","Faribault County",90,NA,285,585,805,0.684210526315789,0.846153846153846,0.888198757763975
"27045","Fillmore County",29,NA,395,735,1120,0.926582278481013,0.960544217687075,0.974107142857143
"27047","Freeborn County",159,NA,610,1325,1920,0.739344262295082,0.88,0.9171875
"27049","Goodhue County",262,NA,1500,2345,3270,0.825333333333333,0.888272921108742,0.919877675840979
"27051","Grant County",54,NA,155,275,380,0.651612903225806,0.803636363636364,0.857894736842105
"27053","Hennepin County",11372,NA,48125,80625,122645,0.763698701298701,0.858951937984496,0.90727710057483
"27055","Houston County",64,NA,370,625,910,0.827027027027027,0.8976,0.92967032967033
"27057","Hubbard County",88,NA,495,820,1100,0.822222222222222,0.892682926829268,0.92
"27059","Isanti County",62,NA,685,1390,1890,0.909489051094891,0.955395683453237,0.967195767195767
"27061","Itasca County",307,NA,1090,1710,2385,0.718348623853211,0.82046783625731,0.871278825995807
"27063","Jackson County",27,NA,255,340,560,0.894117647058824,0.920588235294118,0.951785714285714
"27065","Kanabec County",32,NA,230,450,705,0.860869565217391,0.928888888888889,0.954609929078014
"27067","Kandiyohi County",421,NA,1265,1995,2985,0.667193675889328,0.788972431077694,0.858961474036851
"27069","Kittson County",6,NA,90,135,235,0.933333333333333,0.955555555555556,0.974468085106383
"27071","Koochiching County",127,NA,360,550,790,0.647222222222222,0.769090909090909,0.839240506329114
"27073","Lac qui Parle County",28,NA,120,220,290,0.766666666666667,0.872727272727273,0.903448275862069
"27075","Lake County",4,NA,200,375,435,0.98,0.989333333333333,0.990804597701149
"27077","Lake of the Woods County",3,NA,65,155,215,0.953846153846154,0.980645161290323,0.986046511627907
"27079","Le Sueur County",117,NA,540,1010,1495,0.783333333333333,0.884158415841584,0.921739130434783
"27081","Lincoln County",18,NA,120,185,270,0.85,0.902702702702703,0.933333333333333
"27083","Lyon County",131,NA,880,1485,2065,0.851136363636364,0.911784511784512,0.936561743341404
"27085","McLeod County",124,NA,895,1495,2200,0.86145251396648,0.917056856187291,0.943636363636364
"27087","Mahnomen County",19,NA,185,315,435,0.897297297297297,0.93968253968254,0.95632183908046
"27089","Marshall County",39,NA,200,250,405,0.805,0.844,0.903703703703704
"27091","Martin County",144,NA,605,1190,1720,0.76198347107438,0.878991596638655,0.916279069767442
"27093","Meeker County",74,NA,415,685,1135,0.821686746987952,0.891970802919708,0.934801762114537
"27095","Mille Lacs County",19,NA,725,1380,1885,0.973793103448276,0.986231884057971,0.989920424403183
"27097","Morrison County",220,NA,705,1235,1850,0.687943262411348,0.821862348178138,0.881081081081081
"27099","Mower County",237,NA,955,1850,2835,0.751832460732984,0.871891891891892,0.916402116402116
"27101","Murray County",16,NA,165,240,405,0.903030303030303,0.933333333333333,0.960493827160494
"27103","Nicollet County",409,NA,805,1270,2080,0.491925465838509,0.677952755905512,0.803365384615385
"27105","Nobles County",51,NA,485,835,1270,0.894845360824742,0.938922155688623,0.959842519685039
"27107","Norman County",46,NA,185,260,375,0.751351351351351,0.823076923076923,0.877333333333333
"27109","Olmsted County",662,NA,4840,8020,13115,0.863223140495868,0.917456359102244,0.949523446435379
"27111","Otter Tail County",363,NA,1440,2450,3555,0.747916666666667,0.851836734693878,0.89789029535865
"27113","Pennington County",115,NA,260,570,950,0.557692307692308,0.798245614035088,0.878947368421053
"27115","Pine County",18,NA,650,1010,1410,0.972307692307692,0.982178217821782,0.987234042553191
"27117","Pipestone County",53,NA,230,365,560,0.769565217391304,0.854794520547945,0.905357142857143
"27119","Polk County",878,NA,1255,2055,2805,0.300398406374502,0.572749391727494,0.68698752228164
"27121","Pope County",26,NA,370,495,725,0.92972972972973,0.947474747474747,0.964137931034483
"27123","Ramsey County",6636,NA,24320,41560,60625,0.727138157894737,0.840327237728585,0.890540206185567
"27125","Red Lake County",18,NA,85,125,215,0.788235294117647,0.856,0.916279069767442
"27127","Redwood County",34,NA,365,600,840,0.906849315068493,0.943333333333333,0.95952380952381
"27129","Renville County",89,NA,390,585,880,0.771794871794872,0.847863247863248,0.898863636363636
"27131","Rice County",347,NA,1675,2835,4135,0.792835820895522,0.877601410934744,0.916082224909311
"27135","Roseau County",82,NA,365,550,795,0.775342465753425,0.850909090909091,0.89685534591195
"27137","St. Louis County",2370,NA,7720,12795,17620,0.69300518134715,0.814771395076202,0.865493757094211
"27139","Scott County",444,NA,2050,4065,5845,0.783414634146341,0.890774907749078,0.924037639007699
"27141","Sherburne County",338,NA,1535,2530,4115,0.779804560260586,0.866403162055336,0.917861482381531
"27143","Sibley County",33,NA,290,445,685,0.886206896551724,0.925842696629213,0.951824817518248
"27145","Stearns County",709,NA,5200,9350,13295,0.863653846153846,0.924171122994652,0.946671681083114
"27147","Steele County",157,NA,945,1635,2630,0.833862433862434,0.903975535168196,0.940304182509506
"27149","Stevens County",98,NA,455,625,975,0.784615384615385,0.8432,0.899487179487179
"27151","Swift County",86,NA,330,560,765,0.739393939393939,0.846428571428571,0.887581699346405
"27153","Todd County",209,NA,495,815,1145,0.577777777777778,0.743558282208589,0.817467248908297
"27155","Traverse County",30,NA,90,140,230,0.666666666666667,0.785714285714286,0.869565217391304
"27157","Wabasha County",54,NA,505,785,1170,0.893069306930693,0.931210191082803,0.953846153846154
"27159","Wadena County",130,NA,505,855,1215,0.742574257425743,0.847953216374269,0.893004115226337
"27161","Waseca County",93,NA,385,730,1060,0.758441558441558,0.872602739726027,0.912264150943396
"27163","Washington County",257,NA,3790,7140,11065,0.932189973614776,0.964005602240896,0.976773610483507
"27165","Watonwan County",15,NA,250,375,635,0.94,0.96,0.976377952755906
"27167","Wilkin County",11,NA,205,240,400,0.946341463414634,0.954166666666667,0.9725
"27169","Winona County",240,NA,1795,3225,4445,0.866295264623955,0.925581395348837,0.946006749156355
"27171","Wright County",101,NA,2165,3625,6040,0.953348729792148,0.972137931034483,0.983278145695364
"27173","Yellow Medicine County",63,NA,180,285,440,0.65,0.778947368421053,0.856818181818182
"27XXX","Missing, Minnesota",371,NA,NA,NA,NA,NA,NA,NA
"28001","Adams County",266,NA,1430,2180,2935,0.813986013986014,0.877981651376147,0.909369676320273
"28003","Alcorn County",208,NA,1115,2050,3180,0.813452914798206,0.898536585365854,0.934591194968553
"28005","Amite County",36,NA,375,610,765,0.904,0.940983606557377,0.952941176470588
"28007","Attala County",134,NA,565,845,1195,0.76283185840708,0.841420118343195,0.887866108786611
"28011","Bolivar County",360,NA,1695,2695,3485,0.787610619469027,0.866419294990724,0.896700143472023
"28013","Calhoun County",4,NA,285,625,990,0.985964912280702,0.9936,0.995959595959596
"28015","Carroll County",30,NA,285,420,540,0.894736842105263,0.928571428571429,0.944444444444444
"28017","Chickasaw County",83,NA,625,980,1535,0.8672,0.91530612244898,0.945928338762215
"28019","Choctaw County",36,NA,150,380,500,0.76,0.905263157894737,0.928
"28021","Claiborne County",40,NA,230,380,520,0.826086956521739,0.894736842105263,0.923076923076923
"28023","Clarke County",147,NA,365,510,645,0.597260273972603,0.711764705882353,0.772093023255814
"28025","Clay County",309,NA,705,1095,1690,0.561702127659574,0.717808219178082,0.817159763313609
"28027","Coahoma County",268,NA,1330,2330,2855,0.798496240601504,0.884978540772532,0.906129597197898
"28029","Copiah County",100,NA,860,1310,1770,0.883720930232558,0.923664122137405,0.943502824858757
"28031","Covington County",62,NA,545,905,1240,0.886238532110092,0.931491712707182,0.95
"28033","DeSoto County",274,NA,2410,5030,8180,0.886307053941909,0.945526838966203,0.966503667481663
"28035","Forrest County",924,NA,3510,5890,8200,0.736752136752137,0.843123938879457,0.887317073170732
"28037","Franklin County",13,NA,210,355,450,0.938095238095238,0.963380281690141,0.971111111111111
"28039","George County",109,NA,400,660,965,0.7275,0.834848484848485,0.887046632124352
"28041","Greene County",21,NA,220,345,545,0.904545454545455,0.939130434782609,0.961467889908257
"28043","Grenada County",313,NA,500,945,1550,0.374,0.668783068783069,0.798064516129032
"28045","Hancock County",590,NA,805,1385,2230,0.267080745341615,0.574007220216606,0.73542600896861
"28047","Harrison County",4735,NA,6835,12395,19010,0.307242136064375,0.617991125453812,0.750920568122041
"28049","Hinds County",4910,NA,10710,19315,27045,0.541549953314659,0.745793424799379,0.818450730264374
"28051","Holmes County",73,NA,1030,1185,1570,0.929126213592233,0.938396624472574,0.953503184713376
"28053","Humphreys County",144,NA,325,730,925,0.556923076923077,0.802739726027397,0.844324324324324
"28055","Issaquena County",2,NA,70,125,145,0.971428571428571,0.984,0.986206896551724
"28057","Itawamba County",26,NA,220,470,755,0.881818181818182,0.94468085106383,0.965562913907285
"28059","Jackson County",2541,NA,4365,6535,10120,0.41786941580756,0.611170619739862,0.748913043478261
"28061","Jasper County",32,NA,350,465,605,0.908571428571429,0.931182795698925,0.947107438016529
"28063","Jefferson County",64,NA,210,385,620,0.695238095238095,0.833766233766234,0.896774193548387
"28065","Jefferson Davis County",68,NA,200,500,640,0.66,0.864,0.89375
"28067","Jones County",326,NA,2000,2930,3855,0.837,0.888737201365188,0.915434500648508
"28069","Kemper County",19,NA,270,355,440,0.92962962962963,0.946478873239437,0.956818181818182
"28071","Lafayette County",70,NA,2005,3225,3965,0.965087281795511,0.978294573643411,0.98234552332913
"28073","Lamar County",472,NA,1525,2665,3955,0.690491803278689,0.822889305816135,0.880657395701643
"28075","Lauderdale County",1218,NA,2850,5100,6900,0.572631578947368,0.761176470588235,0.823478260869565
"28077","Lawrence County",77,NA,185,425,720,0.583783783783784,0.818823529411765,0.893055555555556
"28079","Leake County",51,NA,455,720,1145,0.887912087912088,0.929166666666667,0.955458515283843
"28081","Lee County",983,NA,1995,3885,5945,0.507268170426065,0.746975546975547,0.834650967199327
"28083","Leflore County",266,NA,1500,2475,3105,0.822666666666667,0.892525252525252,0.914331723027375
"28085","Lincoln County",181,NA,895,1545,2225,0.797765363128492,0.882847896440129,0.918651685393258
"28087","Lowndes County",1101,NA,2445,3890,5370,0.549693251533742,0.716966580976864,0.794972067039106
"28089","Madison County",458,NA,1660,3565,6870,0.724096385542169,0.871528751753156,0.933333333333333
"28091","Marion County",100,NA,450,985,1215,0.777777777777778,0.898477157360406,0.917695473251029
"28093","Marshall County",8,NA,675,1050,1945,0.988148148148148,0.992380952380952,0.995886889460154
"28095","Monroe County",132,NA,750,1475,2120,0.824,0.910508474576271,0.937735849056604
"28097","Montgomery County",66,NA,275,635,965,0.76,0.896062992125984,0.93160621761658
"28099","Neshoba County",155,NA,865,1550,1835,0.820809248554913,0.9,0.915531335149864
"28101","Newton County",76,NA,430,745,955,0.823255813953488,0.897986577181208,0.920418848167539
"28103","Noxubee County",139,NA,345,510,640,0.597101449275362,0.727450980392157,0.7828125
"28105","Oktibbeha County",496,NA,4650,6880,8610,0.893333333333333,0.927906976744186,0.942392566782811
"28107","Panola County",130,NA,935,1575,2585,0.86096256684492,0.917460317460317,0.949709864603482
"28109","Pearl River County",166,NA,955,1805,2850,0.826178010471204,0.90803324099723,0.941754385964912
"28111","Perry County",62,NA,195,335,525,0.682051282051282,0.814925373134328,0.881904761904762
"28113","Pike County",737,NA,1490,2350,3350,0.505369127516779,0.686382978723404,0.78
"28115","Pontotoc County",60,NA,495,1100,1930,0.878787878787879,0.945454545454545,0.968911917098446
"28117","Prentiss County",68,NA,610,845,1275,0.888524590163934,0.919526627218935,0.946666666666667
"28119","Quitman County",71,NA,485,645,800,0.85360824742268,0.889922480620155,0.91125
"28121","Rankin County",311,NA,2445,4330,7135,0.87280163599182,0.928175519630485,0.956412053258584
"28123","Scott County",70,NA,635,1195,1520,0.889763779527559,0.941422594142259,0.953947368421053
"28125","Sharkey County",51,NA,165,250,395,0.690909090909091,0.796,0.870886075949367
"28127","Simpson County",16,NA,410,845,1310,0.960975609756098,0.981065088757396,0.987786259541985
"28129","Smith County",26,NA,240,370,505,0.891666666666667,0.92972972972973,0.948514851485148
"28131","Stone County",76,NA,275,515,1000,0.723636363636364,0.852427184466019,0.924
"28133","Sunflower County",307,NA,1250,2035,2590,0.7544,0.849140049140049,0.881467181467182
"28135","Tallahatchie County",58,NA,330,600,1000,0.824242424242424,0.903333333333333,0.942
"28137","Tate County",2,NA,630,1430,1910,0.996825396825397,0.998601398601399,0.998952879581152
"28139","Tippah County",34,NA,375,825,1525,0.909333333333333,0.958787878787879,0.977704918032787
"28141","Tishomingo County",22,NA,585,1135,1415,0.962393162393162,0.980616740088106,0.984452296819788
"28143","Tunica County",227,NA,545,890,1210,0.58348623853211,0.744943820224719,0.812396694214876
"28145","Union County",160,NA,260,620,1205,0.384615384615385,0.741935483870968,0.867219917012448
"28147","Walthall County",97,NA,340,450,590,0.714705882352941,0.784444444444444,0.835593220338983
"28149","Warren County",551,NA,1170,1905,2760,0.529059829059829,0.710761154855643,0.80036231884058
"28151","Washington County",844,NA,1925,3380,4980,0.561558441558442,0.750295857988166,0.830522088353414
"28153","Wayne County",33,NA,305,475,590,0.891803278688525,0.930526315789474,0.944067796610169
"28155","Webster County",68,NA,305,505,660,0.777049180327869,0.865346534653465,0.896969696969697
"28157","Wilkinson County",48,NA,110,215,295,0.563636363636364,0.776744186046512,0.83728813559322
"28159","Winston County",206,NA,535,990,1375,0.614953271028037,0.791919191919192,0.850181818181818
"28163","Yazoo County",460,NA,1075,1670,2660,0.572093023255814,0.724550898203593,0.827067669172932
"28XXX","Missing, Mississippi",188,NA,NA,NA,NA,NA,NA,NA
"29001","Adair County",236,NA,1330,1775,2305,0.822556390977444,0.867042253521127,0.897613882863341
"29003","Andrew County",62,NA,185,490,850,0.664864864864865,0.873469387755102,0.927058823529412
"29005","Atchison County",78,NA,95,230,355,0.178947368421053,0.660869565217391,0.780281690140845
"29007","Audrain County",179,NA,585,935,1690,0.694017094017094,0.80855614973262,0.894082840236686
"29009","Barry County",27,NA,625,1425,2080,0.9568,0.981052631578947,0.987019230769231
"29011","Barton County",17,NA,310,740,980,0.945161290322581,0.977027027027027,0.98265306122449
"29013","Bates County",74,NA,480,810,1230,0.845833333333333,0.908641975308642,0.939837398373984
"29015","Benton County",47,NA,240,670,850,0.804166666666667,0.929850746268657,0.944705882352941
"29017","Bollinger County",18,NA,195,410,525,0.907692307692308,0.95609756097561,0.965714285714286
"29019","Boone County",1867,NA,9235,14685,21590,0.797834325933947,0.872863466121893,0.913524779990736
"29021","Buchanan County",1025,NA,3040,5575,7830,0.662828947368421,0.816143497757848,0.869093231162197
"29023","Butler County",380,NA,1550,2750,3805,0.754838709677419,0.861818181818182,0.900131406044678
"29025","Caldwell County",95,NA,165,355,525,0.424242424242424,0.732394366197183,0.819047619047619
"29027","Callaway County",134,NA,475,1315,2110,0.717894736842105,0.898098859315589,0.936492890995261
"29029","Camden County",85,NA,820,1210,1845,0.896341463414634,0.929752066115702,0.953929539295393
"29031","Cape Girardeau County",1077,NA,2440,4530,6425,0.558606557377049,0.762251655629139,0.832373540856031
"29033","Carroll County",86,NA,40,385,610,-1.15,0.776623376623377,0.859016393442623
"29035","Carter County",12,NA,170,300,390,0.929411764705882,0.96,0.969230769230769
"29037","Cass County",778,NA,2435,4205,6500,0.680492813141684,0.814982164090369,0.880307692307692
"29039","Cedar County",46,NA,300,640,950,0.846666666666667,0.928125,0.951578947368421
"29041","Chariton County",8,NA,120,200,295,0.933333333333333,0.96,0.972881355932203
"29043","Christian County",161,NA,1290,2515,4440,0.875193798449612,0.935984095427435,0.963738738738739
"29045","Clark County",143,NA,140,245,380,-0.0214285714285714,0.416326530612245,0.623684210526316
"29047","Clay County",1288,NA,5980,11240,20005,0.784615384615385,0.885409252669039,0.935616095976006
"29049","Clinton County",191,NA,515,820,1360,0.629126213592233,0.767073170731707,0.859558823529412
"29051","Cole County",507,NA,2090,3910,6515,0.757416267942584,0.870332480818414,0.922179585571757
"29053","Cooper County",97,NA,320,660,915,0.696875,0.853030303030303,0.893989071038251
"29055","Crawford County",302,NA,530,935,1500,0.430188679245283,0.677005347593583,0.798666666666667
"29057","Dade County",6,NA,130,280,480,0.953846153846154,0.978571428571429,0.9875
"29059","Dallas County",29,NA,570,860,1140,0.949122807017544,0.966279069767442,0.974561403508772
"29061","Daviess County",103,NA,130,255,410,0.207692307692308,0.596078431372549,0.748780487804878
"29063","DeKalb County",59,NA,260,435,720,0.773076923076923,0.864367816091954,0.918055555555556
"29065","Dent County",127,NA,315,755,1120,0.596825396825397,0.831788079470199,0.886607142857143
"29067","Douglas County",30,NA,255,445,555,0.882352941176471,0.932584269662921,0.945945945945946
"29069","Dunklin County",223,NA,1165,2005,3020,0.808583690987124,0.888778054862843,0.926158940397351
"29071","Franklin County",417,NA,1920,4605,6890,0.7828125,0.909446254071661,0.939477503628447
"29073","Gasconade County",31,NA,375,560,765,0.917333333333333,0.944642857142857,0.959477124183007
"29075","Gentry County",25,NA,110,210,340,0.772727272727273,0.880952380952381,0.926470588235294
"29077","Greene County",1143,NA,12635,22915,36055,0.909537000395726,0.950120008727907,0.96829843294966
"29079","Grundy County",214,NA,270,575,775,0.207407407407407,0.627826086956522,0.723870967741935
"29081","Harrison County",75,NA,215,340,600,0.651162790697674,0.779411764705882,0.875
"29083","Henry County",110,NA,550,1335,1730,0.8,0.917602996254682,0.936416184971098
"29085","Hickory County",11,NA,155,365,485,0.929032258064516,0.96986301369863,0.977319587628866
"29087","Holt County",4,NA,45,105,190,0.911111111111111,0.961904761904762,0.978947368421053
"29089","Howard County",25,NA,170,300,425,0.852941176470588,0.916666666666667,0.941176470588235
"29091","Howell County",432,NA,1405,2395,3305,0.692526690391459,0.819624217118998,0.86928895612708
"29093","Iron County",29,NA,230,500,665,0.873913043478261,0.942,0.956390977443609
"29095","Jackson County",10043,NA,33145,55925,83135,0.696998038919897,0.820420205632544,0.879196487640585
"29097","Jasper County",872,NA,3850,7080,10610,0.773506493506493,0.87683615819209,0.917813383600377
"29099","Jefferson County",777,NA,3815,7055,11060,0.796330275229358,0.889865343727853,0.929746835443038
"29101","Johnson County",182,NA,1450,2700,5090,0.87448275862069,0.932592592592593,0.964243614931238
"29103","Knox County",43,NA,40,70,115,-0.075,0.385714285714286,0.626086956521739
"29105","Laclede County",145,NA,685,1350,2670,0.788321167883212,0.892592592592593,0.945692883895131
"29107","Lafayette County",197,NA,800,1290,2065,0.75375,0.847286821705426,0.904600484261501
"29109","Lawrence County",31,NA,775,1445,2640,0.96,0.978546712802768,0.988257575757576
"29111","Lewis County",31,NA,205,310,495,0.848780487804878,0.9,0.937373737373737
"29113","Lincoln County",967,NA,1270,1940,3120,0.238582677165354,0.501546391752577,0.690064102564103
"29115","Linn County",26,NA,245,450,605,0.893877551020408,0.942222222222222,0.95702479338843
"29117","Livingston County",97,NA,225,535,900,0.568888888888889,0.818691588785047,0.892222222222222
"29119","McDonald County",11,NA,465,1070,1800,0.976344086021505,0.989719626168224,0.993888888888889
"29121","Macon County",34,NA,275,520,830,0.876363636363636,0.934615384615385,0.959036144578313
"29123","Madison County",44,NA,175,395,665,0.748571428571429,0.888607594936709,0.933834586466165
"29125","Maries County",41,NA,220,355,505,0.813636363636364,0.884507042253521,0.918811881188119
"29127","Marion County",209,NA,865,1500,2225,0.758381502890173,0.860666666666667,0.906067415730337
"29129","Mercer County",10,NA,70,120,160,0.857142857142857,0.916666666666667,0.9375
"29131","Miller County",40,NA,355,905,1495,0.887323943661972,0.955801104972376,0.973244147157191
"29133","Mississippi County",29,NA,625,1040,1455,0.9536,0.972115384615385,0.980068728522337
"29135","Moniteau County",33,NA,385,535,840,0.914285714285714,0.938317757009346,0.960714285714286
"29137","Monroe County",18,NA,190,325,480,0.905263157894737,0.944615384615385,0.9625
"29139","Montgomery County",117,NA,310,520,690,0.62258064516129,0.775,0.830434782608696
"29141","Morgan County",33,NA,480,845,1115,0.93125,0.96094674556213,0.970403587443946
"29143","New Madrid County",86,NA,590,1055,1685,0.854237288135593,0.918483412322275,0.948961424332344
"29145","Newton County",172,NA,1020,1850,3655,0.831372549019608,0.907027027027027,0.952941176470588
"29147","Nodaway County",182,NA,695,1470,2220,0.738129496402878,0.876190476190476,0.918018018018018
"29149","Oregon County",119,NA,235,530,760,0.493617021276596,0.775471698113207,0.843421052631579
"29151","Osage County",21,NA,270,355,650,0.922222222222222,0.940845070422535,0.967692307692308
"29153","Ozark County",58,NA,275,450,575,0.789090909090909,0.871111111111111,0.899130434782609
"29155","Pemiscot County",245,NA,980,1550,2055,0.75,0.841935483870968,0.880778588807786
"29157","Perry County",35,NA,330,775,1140,0.893939393939394,0.954838709677419,0.969298245614035
"29159","Pettis County",295,NA,865,1800,2990,0.658959537572254,0.836111111111111,0.90133779264214
"29161","Phelps County",272,NA,1975,3570,5085,0.862278481012658,0.923809523809524,0.946509341199607
"29163","Pike County",208,NA,340,705,1095,0.388235294117647,0.704964539007092,0.810045662100457
"29165","Platte County",178,NA,2280,4305,7345,0.921929824561403,0.958652729384437,0.975765827093261
"29167","Polk County",46,NA,705,1685,2225,0.934751773049645,0.972700296735905,0.979325842696629
"29169","Pulaski County",133,NA,1045,1935,3290,0.872727272727273,0.931266149870801,0.959574468085106
"29171","Putnam County",44,NA,100,180,215,0.56,0.755555555555556,0.795348837209302
"29173","Ralls County",32,NA,145,225,350,0.779310344827586,0.857777777777778,0.908571428571429
"29175","Randolph County",138,NA,610,1320,2065,0.773770491803279,0.895454545454546,0.93317191283293
"29177","Ray County",148,NA,570,955,1355,0.740350877192983,0.845026178010471,0.890774907749078
"29179","Reynolds County",5,NA,105,185,295,0.952380952380952,0.972972972972973,0.983050847457627
"29181","Ripley County",31,NA,250,450,560,0.876,0.931111111111111,0.944642857142857
"29183","St. Charles County",1104,NA,4185,8615,16210,0.736200716845878,0.871851421938479,0.931893892658853
"29185","St. Clair County",20,NA,240,430,640,0.916666666666667,0.953488372093023,0.96875
"29186","Ste. Genevieve County",10,NA,260,550,965,0.961538461538462,0.981818181818182,0.989637305699482
"29187","St. Francois County",704,NA,1195,2825,4705,0.410878661087866,0.750796460176991,0.850371944739639
"29189","St. Louis County",8774,NA,29955,53580,84330,0.707093974294775,0.836244867487869,0.895956361911538
"29195","Saline County",108,NA,405,855,1285,0.733333333333333,0.873684210526316,0.915953307392996
"29197","Schuyler County",40,NA,60,130,220,0.333333333333333,0.692307692307692,0.818181818181818
"29199","Scotland County",73,NA,60,160,205,-0.216666666666667,0.54375,0.64390243902439
"29201","Scott County",317,NA,1050,2120,3055,0.698095238095238,0.850471698113208,0.896235679214403
"29203","Shannon County",26,NA,100,235,355,0.74,0.88936170212766,0.926760563380282
"29205","Shelby County",17,NA,105,260,415,0.838095238095238,0.934615384615385,0.959036144578313
"29207","Stoddard County",28,NA,850,1405,2120,0.967058823529412,0.980071174377224,0.986792452830189
"29209","Stone County",32,NA,220,565,1045,0.854545454545454,0.943362831858407,0.969377990430622
"29211","Sullivan County",21,NA,100,140,245,0.79,0.85,0.914285714285714
"29213","Taney County",123,NA,1380,2865,4065,0.910869565217391,0.957068062827225,0.969741697416974
"29215","Texas County",226,NA,485,1230,1630,0.534020618556701,0.816260162601626,0.861349693251534
"29217","Vernon County",119,NA,395,945,1435,0.69873417721519,0.874074074074074,0.917073170731707
"29219","Warren County",667,NA,710,1245,1925,0.0605633802816902,0.46425702811245,0.653506493506493
"29221","Washington County",158,NA,495,860,1255,0.680808080808081,0.816279069767442,0.87410358565737
"29223","Wayne County",41,NA,290,570,725,0.858620689655172,0.928070175438596,0.943448275862069
"29225","Webster County",41,NA,655,1160,1955,0.937404580152672,0.964655172413793,0.979028132992327
"29227","Worth County",6,NA,40,70,125,0.85,0.914285714285714,0.952
"29229","Wright County",188,NA,425,785,1260,0.557647058823529,0.760509554140127,0.850793650793651
"29510","St. Louis city",5293,NA,26165,39480,54865,0.797706860309574,0.865932117527862,0.903526838603846
"29XXX","Missing, Missouri",709,NA,NA,NA,NA,NA,NA,NA
"30001","Beaverhead County",26,NA,410,660,995,0.936585365853658,0.960606060606061,0.973869346733668
"30003","Big Horn County",26,NA,285,565,800,0.908771929824561,0.953982300884956,0.9675
"30005","Blaine County",16,NA,190,400,505,0.91578947368421,0.96,0.968316831683168
"30007","Broadwater County",16,NA,145,175,265,0.889655172413793,0.908571428571429,0.939622641509434
"30009","Carbon County",26,NA,235,465,785,0.88936170212766,0.944086021505376,0.96687898089172
"30011","Carter County",3,NA,55,120,170,0.945454545454545,0.975,0.982352941176471
"30013","Cascade County",953,NA,2925,4780,7255,0.674188034188034,0.800627615062761,0.868642315644383
"30015","Chouteau County",12,NA,185,320,440,0.935135135135135,0.9625,0.972727272727273
"30017","Custer County",63,NA,345,630,1020,0.817391304347826,0.9,0.938235294117647
"30021","Dawson County",57,NA,220,395,620,0.740909090909091,0.855696202531646,0.908064516129032
"30023","Deer Lodge County",33,NA,695,755,1140,0.952517985611511,0.956291390728477,0.971052631578947
"30027","Fergus County",116,NA,250,590,915,0.536,0.803389830508475,0.873224043715847
"30029","Flathead County",325,NA,2005,4310,6635,0.837905236907731,0.924593967517401,0.951017332328561
"30031","Gallatin County",402,NA,3270,6370,10290,0.877064220183486,0.936891679748823,0.960932944606414
"30035","Glacier County",20,NA,650,850,1185,0.969230769230769,0.976470588235294,0.983122362869198
"30039","Granite County",12,NA,90,175,215,0.866666666666667,0.931428571428571,0.944186046511628
"30041","Hill County",185,NA,490,870,1440,0.622448979591837,0.78735632183908,0.871527777777778
"30043","Jefferson County",13,NA,140,255,495,0.907142857142857,0.949019607843137,0.973737373737374
"30045","Judith Basin County",1,NA,55,80,140,0.981818181818182,0.9875,0.992857142857143
"30047","Lake County",121,NA,935,1625,2320,0.870588235294118,0.925538461538462,0.947844827586207
"30049","Lewis and Clark County",697,NA,1575,3570,5625,0.557460317460317,0.804761904761905,0.876088888888889
"30053","Lincoln County",53,NA,700,1065,1480,0.924285714285714,0.950234741784038,0.964189189189189
"30055","McCone County",4,NA,10,10,35,0.6,0.6,0.885714285714286
"30057","Madison County",13,NA,80,145,370,0.8375,0.910344827586207,0.964864864864865
"30059","Meagher County",7,NA,10,20,50,0.3,0.65,0.86
"30061","Mineral County",26,NA,80,175,285,0.675,0.851428571428571,0.908771929824561
"30063","Missoula County",1503,NA,4190,7605,12945,0.641288782816229,0.802366863905325,0.883893395133256
"30065","Musselshell County",26,NA,55,155,225,0.527272727272727,0.832258064516129,0.884444444444444
"30067","Park County",102,NA,385,885,1410,0.735064935064935,0.884745762711864,0.927659574468085
"30069","Petroleum County",1,NA,4,19,29,0.75,0.947368421052632,0.96551724137931
"30071","Phillips County",9,NA,55,120,165,0.836363636363636,0.925,0.945454545454545
"30073","Pondera County",25,NA,120,270,415,0.791666666666667,0.907407407407407,0.939759036144578
"30075","Powder River County",3,NA,15,55,85,0.8,0.945454545454545,0.964705882352941
"30077","Powell County",21,NA,95,300,500,0.778947368421053,0.93,0.958
"30079","Prairie County",4,NA,30,45,95,0.866666666666667,0.911111111111111,0.957894736842105
"30081","Ravalli County",129,NA,855,1755,2775,0.849122807017544,0.926495726495727,0.953513513513514
"30083","Richland County",107,NA,225,430,840,0.524444444444444,0.751162790697674,0.872619047619048
"30085","Roosevelt County",26,NA,400,550,680,0.935,0.952727272727273,0.961764705882353
"30087","Rosebud County",15,NA,315,490,625,0.952380952380952,0.969387755102041,0.976
"30089","Sanders County",32,NA,355,765,1020,0.909859154929577,0.958169934640523,0.968627450980392
"30091","Sheridan County",9,NA,75,125,160,0.88,0.928,0.94375
"30093","Silver Bow County",784,NA,1575,2265,3385,0.502222222222222,0.653863134657837,0.768389955686854
"30095","Stillwater County",9,NA,120,270,375,0.925,0.966666666666667,0.976
"30097","Sweet Grass County",3,NA,30,80,230,0.9,0.9625,0.98695652173913
"30099","Teton County",15,NA,190,275,375,0.921052631578947,0.945454545454545,0.96
"30101","Toole County",7,NA,90,215,370,0.922222222222222,0.967441860465116,0.981081081081081
"30105","Valley County",28,NA,150,335,475,0.813333333333333,0.916417910447761,0.941052631578947
"30107","Wheatland County",21,NA,55,65,115,0.618181818181818,0.676923076923077,0.817391304347826
"30111","Yellowstone County",1381,NA,4415,7910,12910,0.687202718006795,0.825410872313527,0.893028659953524
"30XXX","Missing, Montana",31,NA,NA,NA,NA,NA,NA,NA
"31001","Adams County",478,NA,1220,1965,2660,0.608196721311475,0.756743002544529,0.820300751879699
"31003","Antelope County",10,NA,170,270,420,0.941176470588235,0.962962962962963,0.976190476190476
"31011","Boone County",6,NA,80,155,260,0.925,0.961290322580645,0.976923076923077
"31013","Box Butte County",195,NA,220,405,750,0.113636363636364,0.518518518518519,0.74
"31017","Brown County",1,NA,40,110,190,0.975,0.990909090909091,0.994736842105263
"31019","Buffalo County",148,NA,1715,2950,4535,0.913702623906706,0.949830508474576,0.967364939360529
"31021","Burt County",17,NA,175,310,475,0.902857142857143,0.945161290322581,0.96421052631579
"31025","Cass County",3,NA,280,815,1245,0.989285714285714,0.996319018404908,0.997590361445783
"31027","Cedar County",6,NA,120,245,400,0.95,0.975510204081633,0.985
"31031","Cherry County",10,NA,75,265,480,0.866666666666667,0.962264150943396,0.979166666666667
"31033","Cheyenne County",83,NA,280,635,990,0.703571428571429,0.869291338582677,0.916161616161616
"31035","Clay County",1,NA,120,245,315,0.991666666666667,0.995918367346939,0.996825396825397
"31037","Colfax County",13,NA,80,165,340,0.8375,0.921212121212121,0.961764705882353
"31039","Cuming County",66,NA,135,365,620,0.511111111111111,0.819178082191781,0.893548387096774
"31043","Dakota County",295,NA,325,955,1610,0.0923076923076923,0.691099476439791,0.816770186335404
"31045","Dawes County",27,NA,280,485,950,0.903571428571429,0.944329896907216,0.971578947368421
"31047","Dawson County",210,NA,665,1075,1605,0.684210526315789,0.804651162790698,0.869158878504673
"31051","Dixon County",20,NA,100,275,390,0.8,0.927272727272727,0.948717948717949
"31053","Dodge County",163,NA,1060,1795,2830,0.84622641509434,0.909192200557103,0.942402826855124
"31055","Douglas County",6240,NA,21360,38505,58575,0.707865168539326,0.837943124269575,0.893469910371319
"31067","Gage County",207,NA,780,1470,1985,0.734615384615385,0.859183673469388,0.895717884130982
"31077","Greeley County",1,NA,25,55,110,0.96,0.981818181818182,0.990909090909091
"31079","Hall County",526,NA,1800,3330,5660,0.707777777777778,0.842042042042042,0.907067137809187
"31087","Hitchcock County",4,NA,85,140,195,0.952941176470588,0.971428571428571,0.979487179487179
"31089","Holt County",28,NA,205,385,560,0.863414634146341,0.927272727272727,0.95
"31093","Howard County",5,NA,160,270,455,0.96875,0.981481481481482,0.989010989010989
"31099","Kearney County",3,NA,145,235,405,0.979310344827586,0.987234042553191,0.992592592592593
"31101","Keith County",26,NA,285,440,625,0.908771929824561,0.940909090909091,0.9584
"31105","Kimball County",6,NA,60,175,310,0.9,0.965714285714286,0.980645161290323
"31107","Knox County",10,NA,210,325,490,0.952380952380952,0.969230769230769,0.979591836734694
"31109","Lancaster County",3388,NA,11490,21870,35335,0.705134899912968,0.845084590763603,0.904117730295741
"31111","Lincoln County",193,NA,1145,2195,3255,0.831441048034934,0.912072892938497,0.940706605222734
"31119","Madison County",263,NA,1070,1780,3170,0.754205607476635,0.852247191011236,0.917034700315457
"31121","Merrick County",27,NA,240,335,485,0.8875,0.919402985074627,0.944329896907216
"31123","Morrill County",9,NA,90,180,250,0.9,0.95,0.964
"31125","Nance County",26,NA,35,65,170,0.257142857142857,0.6,0.847058823529412
"31131","Otoe County",44,NA,260,560,905,0.830769230769231,0.921428571428571,0.951381215469613
"31135","Perkins County",1,NA,55,100,160,0.981818181818182,0.99,0.99375
"31137","Phelps County",38,NA,410,605,840,0.907317073170732,0.937190082644628,0.954761904761905
"31139","Pierce County",17,NA,120,175,375,0.858333333333333,0.902857142857143,0.954666666666667
"31141","Platte County",99,NA,725,1440,2350,0.863448275862069,0.93125,0.957872340425532
"31145","Red Willow County",76,NA,400,600,910,0.81,0.873333333333333,0.916483516483516
"31149","Rock County",3,NA,4,24,104,0.25,0.875,0.971153846153846
"31151","Saline County",28,NA,240,555,800,0.883333333333333,0.94954954954955,0.965
"31153","Sarpy County",474,NA,2935,6955,12480,0.838500851788756,0.931847591660676,0.962019230769231
"31155","Saunders County",5,NA,440,645,1130,0.988636363636364,0.992248062015504,0.995575221238938
"31157","Scotts Bluff County",373,NA,1090,1995,3040,0.657798165137615,0.813032581453634,0.877302631578947
"31163","Sherman County",10,NA,60,85,155,0.833333333333333,0.882352941176471,0.935483870967742
"31167","Stanton County",7,NA,85,140,265,0.917647058823529,0.95,0.973584905660377
"31173","Thurston County",10,NA,150,285,475,0.933333333333333,0.964912280701754,0.978947368421053
"31177","Washington County",27,NA,360,620,1120,0.925,0.956451612903226,0.975892857142857
"31179","Wayne County",40,NA,555,670,830,0.927927927927928,0.940298507462687,0.951807228915663
"31185","York County",102,NA,260,445,795,0.607692307692308,0.770786516853933,0.871698113207547
"31XXX","Missing, Nebraska",33,NA,NA,NA,NA,NA,NA,NA
"32001","Churchill County",55,NA,525,745,1500,0.895238095238095,0.926174496644295,0.963333333333333
"32003","Clark County",12071,NA,69200,124855,203725,0.825563583815029,0.903319851027192,0.940748558105289
"32005","Douglas County",229,NA,895,1755,2770,0.74413407821229,0.869515669515669,0.917328519855596
"32007","Elko County",68,NA,1180,2175,3050,0.942372881355932,0.968735632183908,0.977704918032787
"32009","Esmeralda County",1,NA,115,130,160,0.991304347826087,0.992307692307692,0.99375
"32013","Humboldt County",47,NA,510,925,1220,0.907843137254902,0.949189189189189,0.961475409836066
"32015","Lander County",6,NA,220,365,395,0.972727272727273,0.983561643835616,0.984810126582279
"32017","Lincoln County",1,NA,100,155,265,0.99,0.993548387096774,0.99622641509434
"32019","Lyon County",170,NA,1165,1765,2930,0.854077253218884,0.903682719546742,0.9419795221843
"32021","Mineral County",10,NA,65,235,295,0.846153846153846,0.957446808510638,0.966101694915254
"32023","Nye County",340,NA,1665,2550,3960,0.795795795795796,0.866666666666667,0.914141414141414
"32027","Pershing County",3,NA,85,240,315,0.964705882352941,0.9875,0.990476190476191
"32029","Storey County",5,NA,20,30,40,0.75,0.833333333333333,0.875
"32031","Washoe County",2968,NA,13835,26535,44355,0.785471629924106,0.888147729413982,0.933085334235148
"32033","White Pine County",3,NA,140,160,280,0.978571428571429,0.98125,0.989285714285714
"32510","Carson City",709,NA,1640,2910,5275,0.567682926829268,0.756357388316151,0.865592417061611
"32XXX","Missing, Nevada",111,NA,NA,NA,NA,NA,NA,NA
"33001","Belknap County",651,NA,1400,2720,4160,0.535,0.760661764705882,0.843509615384615
"33003","Carroll County",108,NA,915,1775,2520,0.881967213114754,0.939154929577465,0.957142857142857
"33005","Cheshire County",935,NA,2150,3920,5845,0.565116279069767,0.761479591836735,0.840034217279726
"33007","Coos County",437,NA,1195,2210,3030,0.634309623430962,0.802262443438914,0.855775577557756
"33009","Grafton County",374,NA,2465,4145,6195,0.848275862068966,0.909770808202654,0.939628732849072
"33011","Hillsborough County",4677,NA,11300,20970,32655,0.586106194690265,0.776967095851216,0.856775378961874
"33013","Merrimack County",878,NA,4055,6910,10620,0.78347718865598,0.872937771345876,0.917325800376648
"33015","Rockingham County",1485,NA,5245,9925,15890,0.716873212583413,0.850377833753149,0.906544996853367
"33017","Strafford County",1651,NA,4370,7575,10875,0.622196796338673,0.782046204620462,0.848183908045977
"33019","Sullivan County",322,NA,1450,2205,3110,0.777931034482759,0.853968253968254,0.896463022508039
"33XXX","Missing, New Hampshire",65,NA,NA,NA,NA,NA,NA,NA
"34001","Atlantic County",3000,NA,9080,16185,22400,0.669603524229075,0.814643188137164,0.866071428571429
"34003","Bergen County",8519,NA,25710,44155,64815,0.668650330610657,0.807066017438569,0.868564375530356
"34005","Burlington County",963,NA,7780,13845,23150,0.876221079691517,0.93044420368364,0.958401727861771
"34007","Camden County",4469,NA,21845,34195,49040,0.795422293430991,0.869308378417897,0.90887030995106
"34009","Cape May County",378,NA,2285,4385,6420,0.834573304157549,0.913797035347776,0.941121495327103
"34011","Cumberland County",2246,NA,5185,9100,13375,0.566827386692382,0.753186813186813,0.83207476635514
"34013","Essex County",14071,NA,58755,90190,123640,0.760513998808612,0.843984920722918,0.886193788417988
"34015","Gloucester County",2782,NA,5885,10115,14460,0.527272727272727,0.724962926347009,0.807607192254495
"34017","Hudson County",11303,NA,46695,72935,107440,0.757939822250776,0.845026393363954,0.894797096053611
"34019","Hunterdon County",645,NA,2200,3515,4395,0.706818181818182,0.816500711237553,0.853242320819113
"34021","Mercer County",2444,NA,15600,24485,32595,0.843333333333333,0.900183785991423,0.925019174720049
"34023","Middlesex County",7300,NA,27340,44445,59235,0.732991953182151,0.835752053099336,0.876762049463999
"34025","Monmouth County",5576,NA,16690,26630,36180,0.665907729179149,0.790612091625986,0.84588170259812
"34027","Morris County",2110,NA,8505,15070,23130,0.75191064079953,0.859986728599867,0.908776480760917
"34029","Ocean County",4552,NA,14660,24840,33825,0.689495225102319,0.816747181964573,0.865424981522543
"34031","Passaic County",7678,NA,27345,44195,58505,0.719217407204242,0.826269940038466,0.868763353559525
"34033","Salem County",693,NA,2720,4080,5660,0.745220588235294,0.830147058823529,0.87756183745583
"34035","Somerset County",1445,NA,7425,12035,15940,0.805387205387205,0.879933527212297,0.909347553324969
"34037","Sussex County",575,NA,2045,3555,5230,0.718826405867971,0.838255977496484,0.890057361376673
"34039","Union County",4479,NA,20320,37320,55225,0.779576771653543,0.879983922829582,0.918895427795382
"34041","Warren County",1093,NA,3040,5165,7670,0.640460526315789,0.78838334946757,0.857496740547588
"34XXX","Missing, New Jersey",791,NA,NA,NA,NA,NA,NA,NA
"35001","Bernalillo County",6621,NA,24750,41970,63235,0.732484848484849,0.842244460328806,0.895295326955009
"35003","Catron County",8,NA,60,105,125,0.866666666666667,0.923809523809524,0.936
"35005","Chaves County",1095,NA,1560,2845,4600,0.298076923076923,0.615114235500879,0.76195652173913
"35006","Cibola County",112,NA,515,955,1330,0.78252427184466,0.882722513089005,0.91578947368421
"35007","Colfax County",3,NA,240,650,1065,0.9875,0.995384615384615,0.997183098591549
"35009","Curry County",641,NA,1490,2465,3650,0.569798657718121,0.739959432048682,0.824383561643836
"35011","De Baca County",9,NA,45,80,220,0.8,0.8875,0.959090909090909
"35013","Do±a Ana County",1656,NA,8250,13705,19720,0.799272727272727,0.879168186793141,0.916024340770791
"35015","Eddy County",111,NA,1110,1935,3045,0.9,0.942635658914729,0.963546798029557
"35017","Grant County",493,NA,755,1545,2285,0.347019867549669,0.680906148867314,0.784245076586433
"35019","Guadalupe County",11,NA,70,120,205,0.842857142857143,0.908333333333333,0.946341463414634
"35021","Harding County",2,NA,4,14,34,0.5,0.857142857142857,0.941176470588235
"35023","Hidalgo County",10,NA,140,230,325,0.928571428571429,0.956521739130435,0.969230769230769
"35025","Lea County",186,NA,1845,2875,4220,0.899186991869919,0.935304347826087,0.955924170616114
"35027","Lincoln County",98,NA,705,1155,1585,0.860992907801418,0.915151515151515,0.938170347003155
"35028","Los Alamos County",90,NA,385,670,865,0.766233766233766,0.865671641791045,0.895953757225433
"35029","Luna County",396,NA,985,1715,2195,0.597969543147208,0.769096209912536,0.819589977220957
"35031","McKinley County",64,NA,1635,2385,3075,0.96085626911315,0.973165618448637,0.979186991869919
"35033","Mora County",20,NA,30,105,130,0.333333333333333,0.80952380952381,0.846153846153846
"35035","Otero County",282,NA,1165,2860,4605,0.75793991416309,0.901398601398601,0.938762214983713
"35037","Quay County",87,NA,155,490,820,0.438709677419355,0.822448979591837,0.89390243902439
"35039","Rio Arriba County",71,NA,690,1155,1640,0.897101449275362,0.938528138528139,0.956707317073171
"35041","Roosevelt County",139,NA,445,950,1485,0.687640449438202,0.853684210526316,0.906397306397306
"35043","Sandoval County",296,NA,1705,3040,5515,0.826392961876833,0.902631578947368,0.946328195829556
"35045","San Juan County",385,NA,2720,4595,7265,0.858455882352941,0.916213275299238,0.947006194081211
"35047","San Miguel County",181,NA,1120,1730,2315,0.838392857142857,0.895375722543353,0.921814254859611
"35049","Santa Fe County",1141,NA,3655,6915,10820,0.687824897400821,0.834996384671005,0.894547134935305
"35051","Sierra County",190,NA,355,605,840,0.464788732394366,0.68595041322314,0.773809523809524
"35053","Socorro County",142,NA,360,670,945,0.605555555555556,0.788059701492537,0.84973544973545
"35055","Taos County",443,NA,340,955,1325,-0.302941176470588,0.536125654450262,0.665660377358491
"35057","Torrance County",52,NA,215,510,660,0.758139534883721,0.898039215686275,0.921212121212121
"35059","Union County",11,NA,100,215,335,0.89,0.948837209302326,0.967164179104478
"35061","Valencia County",439,NA,1380,2275,2875,0.681884057971014,0.807032967032967,0.847304347826087
"35XXX","Missing, New Mexico",123,NA,NA,NA,NA,NA,NA,NA
"36001","Albany County",4917,NA,16020,25225,37710,0.693071161048689,0.805074331020813,0.869610182975338
"36003","Allegany County",202,NA,1170,1700,2280,0.827350427350427,0.881176470588235,0.91140350877193
"36005","Bronx County",62072,NA,187100,267815,346705,0.668241582041689,0.76822806788268,0.820965950880431
"36007","Broome County",1438,NA,8390,14165,19590,0.828605482717521,0.898482174373456,0.926595201633487
"36009","Cattaraugus County",600,NA,2350,4145,6020,0.74468085106383,0.85524728588661,0.900332225913621
"36011","Cayuga County",955,NA,2265,4660,6380,0.578366445916115,0.795064377682403,0.850313479623824
"36013","Chautauqua County",1176,NA,5065,8860,12255,0.76781836130306,0.867268623024831,0.904039167686658
"36015","Chemung County",1163,NA,3120,4765,7115,0.62724358974359,0.755928646379853,0.836542515811665
"36017","Chenango County",366,NA,1110,1900,3210,0.67027027027027,0.807368421052632,0.885981308411215
"36019","Clinton County",816,NA,2980,4620,6660,0.726174496644295,0.823376623376623,0.877477477477478
"36021","Columbia County",566,NA,1605,2840,4090,0.647352024922118,0.800704225352113,0.86161369193154
"36023","Cortland County",299,NA,1575,2690,3955,0.81015873015873,0.888847583643123,0.924399494310999
"36025","Delaware County",715,NA,1225,2030,2800,0.416326530612245,0.647783251231527,0.744642857142857
"36027","Dutchess County",3399,NA,8810,14485,21785,0.614188422247446,0.765343458750432,0.843975212302043
"36029","Erie County",12413,NA,40685,66105,94005,0.694899840235959,0.81222297859466,0.867953832242966
"36031","Essex County",412,NA,860,1665,2440,0.52093023255814,0.752552552552552,0.831147540983607
"36033","Franklin County",729,NA,1655,2710,3775,0.559516616314199,0.7309963099631,0.806887417218543
"36035","Fulton County",540,NA,1520,3300,4595,0.644736842105263,0.836363636363636,0.882480957562568
"36037","Genesee County",626,NA,1910,3075,4805,0.672251308900524,0.796422764227642,0.869719042663892
"36039","Greene County",343,NA,1180,1785,2690,0.709322033898305,0.807843137254902,0.872490706319703
"36041","Hamilton County",13,NA,50,90,135,0.74,0.855555555555556,0.903703703703704
"36043","Herkimer County",764,NA,1475,2790,3940,0.482033898305085,0.726164874551971,0.806091370558376
"36045","Jefferson County",1159,NA,4015,7200,11800,0.711332503113325,0.839027777777778,0.901779661016949
"36047","Kings County",53128,NA,220585,328765,446290,0.759149534193168,0.838401289674996,0.880956328844473
"36049","Lewis County",342,NA,450,875,1330,0.24,0.609142857142857,0.742857142857143
"36051","Livingston County",459,NA,1775,2715,4245,0.741408450704225,0.830939226519337,0.891872791519435
"36053","Madison County",650,NA,1695,2745,3950,0.616519174041298,0.763205828779599,0.835443037974684
"36055","Monroe County",10398,NA,32950,52815,75820,0.68443095599393,0.803124112468049,0.862859403851227
"36057","Montgomery County",882,NA,1595,2940,4300,0.447021943573668,0.7,0.794883720930233
"36059","Nassau County",5213,NA,23125,36395,48570,0.774572972972973,0.856766039291111,0.892670372658019
"36061","New York County",24717,NA,152935,216120,295205,0.838382319285971,0.885632981676846,0.91627174336478
"36063","Niagara County",2270,NA,8955,13930,19810,0.746510329424902,0.837042354630294,0.885411408379606
"36065","Oneida County",3184,NA,7895,13550,19515,0.596706776440785,0.765018450184502,0.836843453753523
"36067","Onondaga County",5813,NA,19865,31955,45125,0.707374779763403,0.818087936160225,0.871180055401662
"36069","Ontario County",1326,NA,2785,5030,8015,0.523877917414722,0.736381709741551,0.834560199625702
"36071","Orange County",4663,NA,12300,19740,27870,0.620894308943089,0.763779128672746,0.832687477574453
"36073","Orleans County",240,NA,1125,1760,2690,0.786666666666667,0.863636363636364,0.910780669144981
"36075","Oswego County",1479,NA,3725,6525,9070,0.602953020134228,0.773333333333333,0.836934950385888
"36077","Otsego County",241,NA,1450,2400,3320,0.833793103448276,0.899583333333333,0.927409638554217
"36079","Putnam County",565,NA,1400,2415,3495,0.596428571428571,0.766045548654244,0.838340486409156
"36081","Queens County",14161,NA,113590,187360,282000,0.875332335592922,0.924418232280102,0.949783687943262
"36083","Rensselaer County",2514,NA,7135,11485,16270,0.647652417659425,0.78110579016108,0.845482483097726
"36085","Richmond County",3859,NA,17605,26385,37550,0.780800908832718,0.853742656812583,0.897230359520639
"36087","Rockland County",3975,NA,11870,17455,23225,0.665122156697557,0.772271555428244,0.828848223896663
"36089","St. Lawrence County",696,NA,3685,6290,8015,0.81112618724559,0.889348171701113,0.913162819713038
"36091","Saratoga County",1857,NA,5125,9510,15400,0.637658536585366,0.804731861198738,0.879415584415584
"36093","Schenectady County",2192,NA,7320,12030,16755,0.700546448087432,0.817788861180382,0.869173381080275
"36095","Schoharie County",284,NA,935,1410,2115,0.696256684491979,0.798581560283688,0.865721040189125
"36097","Schuyler County",86,NA,535,785,1160,0.839252336448598,0.890445859872611,0.925862068965517
"36099","Seneca County",447,NA,1180,1620,2450,0.621186440677966,0.724074074074074,0.817551020408163
"36101","Steuben County",1027,NA,2745,4845,7305,0.625865209471767,0.788028895768834,0.859411362080767
"36103","Suffolk County",9916,NA,26260,42320,56920,0.622391469916222,0.765689981096408,0.825790583274772
"36105","Sullivan County",1390,NA,2320,3750,5790,0.400862068965517,0.629333333333333,0.75993091537133
"36107","Tioga County",282,NA,1200,2030,3065,0.765,0.861083743842365,0.907993474714519
"36109","Tompkins County",2307,NA,6435,9970,14195,0.641491841491842,0.768605817452357,0.837477985206059
"36111","Ulster County",2535,NA,6130,10080,14400,0.586460032626427,0.748511904761905,0.823958333333333
"36113","Warren County",735,NA,1640,3150,5080,0.551829268292683,0.766666666666667,0.855314960629921
"36115","Washington County",432,NA,1600,2480,3895,0.73,0.825806451612903,0.889088575096277
"36117","Wayne County",860,NA,2275,3825,5680,0.621978021978022,0.77516339869281,0.848591549295775
"36119","Westchester County",16207,NA,42795,66355,80940,0.621287533590373,0.755753145957351,0.799765258215962
"36121","Wyoming County",230,NA,855,1690,2490,0.730994152046784,0.863905325443787,0.907630522088353
"36123","Yates County",161,NA,520,965,1440,0.690384615384615,0.833160621761658,0.888194444444444
"36XXX","Missing, New York",794,NA,NA,NA,NA,NA,NA,NA
"37001","Alamance County",1043,NA,4860,8605,13810,0.785390946502058,0.878791400348635,0.924475018102824
"37003","Alexander County",70,NA,600,985,1560,0.883333333333333,0.928934010152284,0.955128205128205
"37005","Alleghany County",194,NA,255,410,790,0.23921568627451,0.526829268292683,0.754430379746835
"37007","Anson County",135,NA,300,1170,1845,0.55,0.884615384615385,0.926829268292683
"37009","Ashe County",356,NA,720,1240,1785,0.505555555555556,0.712903225806452,0.800560224089636
"37011","Avery County",172,NA,220,540,930,0.218181818181818,0.681481481481481,0.81505376344086
"37013","Beaufort County",383,NA,1430,2505,3740,0.732167832167832,0.847105788423154,0.897593582887701
"37015","Bertie County",181,NA,620,995,1255,0.708064516129032,0.818090452261306,0.855776892430279
"37017","Bladen County",233,NA,1195,1805,2475,0.805020920502092,0.870914127423823,0.905858585858586
"37019","Brunswick County",479,NA,2310,3965,6265,0.792640692640693,0.879192938209332,0.923543495610535
"37021","Buncombe County",3376,NA,7440,13565,22155,0.546236559139785,0.751124216734243,0.847619047619048
"37023","Burke County",297,NA,1740,3860,5580,0.829310344827586,0.923056994818653,0.946774193548387
"37025","Cabarrus County",615,NA,3810,8210,13435,0.838582677165354,0.925091352009744,0.954224041682173
"37027","Caldwell County",432,NA,1720,3675,5405,0.748837209302326,0.882448979591837,0.920074005550416
"37029","Camden County",28,NA,60,115,280,0.533333333333333,0.756521739130435,0.9
"37031","Carteret County",445,NA,1825,3490,5355,0.756164383561644,0.872492836676218,0.916900093370682
"37033","Caswell County",259,NA,590,1085,1395,0.561016949152542,0.761290322580645,0.814336917562724
"37035","Catawba County",1089,NA,3400,6255,10310,0.679705882352941,0.82589928057554,0.894374393792435
"37037","Chatham County",514,NA,1380,2915,4220,0.627536231884058,0.823670668953688,0.878199052132701
"37039","Cherokee County",182,NA,440,1025,1625,0.586363636363636,0.822439024390244,0.888
"37041","Chowan County",251,NA,645,1045,1360,0.610852713178295,0.759808612440191,0.815441176470588
"37043","Clay County",95,NA,270,355,520,0.648148148148148,0.732394366197183,0.817307692307692
"37045","Cleveland County",786,NA,2760,5070,7580,0.715217391304348,0.844970414201183,0.896306068601583
"37047","Columbus County",533,NA,1565,2880,3940,0.659424920127796,0.814930555555555,0.864720812182741
"37049","Craven County",945,NA,2900,5125,7925,0.674137931034483,0.815609756097561,0.880757097791798
"37051","Cumberland County",2030,NA,11130,19460,32410,0.817610062893082,0.89568345323741,0.937365010799136
"37053","Currituck County",161,NA,345,600,985,0.533333333333333,0.731666666666667,0.836548223350254
"37055","Dare County",41,NA,460,1010,1760,0.910869565217391,0.959405940594059,0.976704545454545
"37057","Davidson County",915,NA,3550,6640,11625,0.742253521126761,0.862198795180723,0.921290322580645
"37059","Davie County",222,NA,765,1270,1920,0.709803921568627,0.825196850393701,0.884375
"37061","Duplin County",165,NA,1315,2440,3975,0.874524714828897,0.932377049180328,0.958490566037736
"37063","Durham County",2932,NA,11915,22700,36925,0.753923625681914,0.870837004405286,0.920595802301963
"37065","Edgecombe County",458,NA,2145,3685,5075,0.786480186480186,0.875712347354138,0.909753694581281
"37067","Forsyth County",4807,NA,12715,23645,35655,0.621942587495085,0.796701205328822,0.865180199130557
"37069","Franklin County",265,NA,1910,3420,4610,0.861256544502618,0.922514619883041,0.942516268980477
"37071","Gaston County",1752,NA,8285,14575,21430,0.788533494266747,0.879794168096055,0.918245450303313
"37073","Gates County",14,NA,150,225,330,0.906666666666667,0.937777777777778,0.957575757575758
"37075","Graham County",106,NA,185,280,400,0.427027027027027,0.621428571428571,0.735
"37077","Granville County",145,NA,1280,2050,3190,0.88671875,0.929268292682927,0.954545454545455
"37079","Greene County",280,NA,605,1050,1475,0.537190082644628,0.733333333333333,0.810169491525424
"37081","Guilford County",6971,NA,17795,31340,50375,0.608260747400955,0.777568602425016,0.861617866004963
"37083","Halifax County",907,NA,2745,4220,5435,0.669581056466302,0.785071090047393,0.83311867525299
"37085","Harnett County",327,NA,3140,5625,8205,0.895859872611465,0.941866666666667,0.960146252285192
"37087","Haywood County",717,NA,1615,2910,4370,0.556037151702786,0.75360824742268,0.835926773455378
"37089","Henderson County",491,NA,2340,5160,8080,0.79017094017094,0.90484496124031,0.939232673267327
"37091","Hertford County",352,NA,915,1405,2050,0.615300546448087,0.749466192170819,0.828292682926829
"37093","Hoke County",162,NA,1415,2045,3115,0.885512367491166,0.92078239608802,0.947993579454254
"37095","Hyde County",20,NA,240,315,405,0.916666666666667,0.936507936507937,0.950617283950617
"37097","Iredell County",730,NA,3170,6640,11105,0.769716088328076,0.890060240963855,0.934263845114813
"37099","Jackson County",359,NA,1880,2805,4545,0.809042553191489,0.872014260249554,0.921012101210121
"37101","Johnston County",622,NA,6790,10165,14285,0.90839469808542,0.938809640924742,0.956457822891145
"37103","Jones County",26,NA,245,500,630,0.893877551020408,0.948,0.958730158730159
"37105","Lee County",608,NA,1740,3040,4135,0.650574712643678,0.8,0.852962515114873
"37107","Lenoir County",886,NA,2150,3835,6340,0.587906976744186,0.76897001303781,0.860252365930599
"37109","Lincoln County",283,NA,1920,2905,4570,0.852604166666667,0.902581755593804,0.938074398249453
"37111","McDowell County",239,NA,970,1865,2960,0.75360824742268,0.871849865951743,0.919256756756757
"37113","Macon County",228,NA,990,1890,2850,0.76969696969697,0.879365079365079,0.92
"37115","Madison County",192,NA,725,1065,1380,0.735172413793103,0.819718309859155,0.860869565217391
"37117","Martin County",161,NA,875,1360,2045,0.816,0.881617647058824,0.921271393643032
"37119","Mecklenburg County",8674,NA,32435,60850,107375,0.73257283798366,0.857452752670501,0.919217694994179
"37121","Mitchell County",235,NA,390,545,920,0.397435897435897,0.568807339449541,0.744565217391304
"37123","Montgomery County",87,NA,695,1125,1750,0.874820143884892,0.922666666666667,0.950285714285714
"37125","Moore County",314,NA,1960,3610,5495,0.839795918367347,0.913019390581717,0.942857142857143
"37127","Nash County",447,NA,2935,5090,7410,0.847700170357751,0.912180746561886,0.939676113360324
"37129","New Hanover County",2061,NA,8860,15635,25075,0.767381489841986,0.868180364566677,0.917806580259222
"37131","Northampton County",111,NA,770,1125,1475,0.855844155844156,0.901333333333333,0.924745762711864
"37133","Onslow County",653,NA,3955,8245,15005,0.834892541087231,0.920800485142511,0.956481172942353
"37135","Orange County",585,NA,5355,8365,12875,0.890756302521008,0.930065750149432,0.954563106796117
"37137","Pamlico County",41,NA,255,420,695,0.83921568627451,0.902380952380952,0.941007194244604
"37139","Pasquotank County",717,NA,1135,2225,3245,0.368281938325991,0.677752808988764,0.77904468412943
"37141","Pender County",218,NA,1065,1690,2490,0.795305164319249,0.871005917159763,0.912449799196787
"37143","Perquimans County",140,NA,240,470,750,0.416666666666667,0.702127659574468,0.813333333333333
"37145","Person County",143,NA,1300,1855,2580,0.89,0.922911051212938,0.944573643410853
"37147","Pitt County",1413,NA,9785,14265,21785,0.855595298926929,0.900946372239748,0.935138857011705
"37149","Polk County",66,NA,295,615,1090,0.776271186440678,0.892682926829268,0.939449541284404
"37151","Randolph County",791,NA,2965,6810,10255,0.733220910623946,0.883847283406755,0.922866894197952
"37153","Richmond County",286,NA,2110,2930,3810,0.864454976303318,0.902389078498294,0.9249343832021
"37155","Robeson County",624,NA,4910,7505,10505,0.872912423625255,0.916855429713524,0.940599714421704
"37157","Rockingham County",227,NA,3250,5375,7850,0.930153846153846,0.957767441860465,0.971082802547771
"37159","Rowan County",861,NA,3810,6975,10075,0.774015748031496,0.876559139784946,0.91454094292804
"37161","Rutherford County",327,NA,1630,3075,4515,0.799386503067485,0.893658536585366,0.927574750830565
"37163","Sampson County",172,NA,1600,2465,3625,0.8925,0.930223123732252,0.952551724137931
"37165","Scotland County",1430,NA,1595,2475,3455,0.103448275862069,0.422222222222222,0.586107091172214
"37167","Stanly County",339,NA,1410,2770,3810,0.759574468085106,0.877617328519856,0.911023622047244
"37169","Stokes County",211,NA,910,2025,3040,0.768131868131868,0.895802469135802,0.930592105263158
"37171","Surry County",286,NA,2115,3910,5405,0.864775413711584,0.926854219948849,0.947086031452359
"37173","Swain County",87,NA,435,680,1015,0.8,0.872058823529412,0.914285714285714
"37175","Transylvania County",166,NA,815,1460,2235,0.796319018404908,0.886301369863014,0.92572706935123
"37177","Tyrrell County",17,NA,120,140,225,0.858333333333333,0.878571428571429,0.924444444444444
"37179","Union County",361,NA,2135,5085,8235,0.830913348946136,0.929006882989184,0.956162720097146
"37181","Vance County",323,NA,1720,2915,4420,0.812209302325581,0.889193825042882,0.926923076923077
"37183","Wake County",4462,NA,30770,57465,91385,0.854988625284368,0.922352736448273,0.951173606171691
"37185","Warren County",137,NA,570,1320,1785,0.759649122807018,0.896212121212121,0.923249299719888
"37187","Washington County",245,NA,680,1035,1120,0.639705882352941,0.763285024154589,0.78125
"37189","Watauga County",247,NA,3115,4620,6355,0.920706260032103,0.946536796536797,0.961132966168371
"37191","Wayne County",287,NA,3465,6955,10960,0.917171717171717,0.958734723220705,0.973813868613139
"37193","Wilkes County",663,NA,1420,3205,4950,0.533098591549296,0.793135725429017,0.866060606060606
"37195","Wilson County",745,NA,3515,6075,8480,0.788051209103841,0.877366255144033,0.912146226415094
"37197","Yadkin County",139,NA,780,1940,2500,0.821794871794872,0.928350515463918,0.9444
"37199","Yancey County",252,NA,375,740,1115,0.328,0.659459459459459,0.773991031390135
"37XXX","Missing, North Carolina",346,NA,NA,NA,NA,NA,NA,NA
"38001","Adams County",15,NA,80,150,205,0.8125,0.9,0.926829268292683
"38003","Barnes County",221,NA,405,655,925,0.454320987654321,0.662595419847328,0.761081081081081
"38005","Benson County",19,NA,235,300,395,0.919148936170213,0.936666666666667,0.951898734177215
"38009","Bottineau County",40,NA,120,220,295,0.666666666666667,0.818181818181818,0.864406779661017
"38011","Bowman County",41,NA,25,85,160,-0.64,0.517647058823529,0.74375
"38013","Burke County",2,NA,30,55,95,0.933333333333333,0.963636363636364,0.978947368421053
"38015","Burleigh County",1152,NA,2845,4720,7465,0.595079086115993,0.75593220338983,0.845679839249833
"38017","Cass County",2294,NA,8610,15645,25200,0.733565621370499,0.853371684244167,0.908968253968254
"38019","Cavalier County",31,NA,105,120,185,0.704761904761905,0.741666666666667,0.832432432432432
"38021","Dickey County",80,NA,130,230,325,0.384615384615385,0.652173913043478,0.753846153846154
"38023","Divide County",4,NA,45,49,139,0.911111111111111,0.918367346938776,0.971223021582734
"38025","Dunn County",8,NA,35,100,160,0.771428571428571,0.92,0.95
"38027","Eddy County",61,NA,70,160,265,0.128571428571429,0.61875,0.769811320754717
"38029","Emmons County",8,NA,115,180,230,0.930434782608696,0.955555555555556,0.965217391304348
"38031","Foster County",54,NA,110,175,220,0.509090909090909,0.691428571428572,0.754545454545455
"38033","Golden Valley County",3,NA,55,85,150,0.945454545454545,0.964705882352941,0.98
"38035","Grand Forks County",1477,NA,3765,6525,10035,0.607702523240372,0.773639846743295,0.852815146985551
"38037","Grant County",12,NA,70,80,105,0.828571428571429,0.85,0.885714285714286
"38039","Griggs County",46,NA,45,70,120,-0.0222222222222221,0.342857142857143,0.616666666666667
"38041","Hettinger County",5,NA,45,105,180,0.888888888888889,0.952380952380952,0.972222222222222
"38043","Kidder County",1,NA,95,145,190,0.989473684210526,0.993103448275862,0.994736842105263
"38045","LaMoure County",34,NA,60,130,190,0.433333333333333,0.738461538461539,0.821052631578947
"38047","Logan County",3,NA,40,44,74,0.925,0.931818181818182,0.959459459459459
"38049","McHenry County",43,NA,90,135,205,0.522222222222222,0.681481481481481,0.790243902439024
"38051","McIntosh County",44,NA,80,100,160,0.45,0.56,0.725
"38053","McKenzie County",35,NA,260,620,1065,0.865384615384615,0.943548387096774,0.967136150234742
"38055","McLean County",30,NA,110,325,485,0.727272727272727,0.907692307692308,0.938144329896907
"38057","Mercer County",32,NA,130,265,355,0.753846153846154,0.879245283018868,0.909859154929577
"38059","Morton County",636,NA,725,1470,2525,0.122758620689655,0.56734693877551,0.748118811881188
"38061","Mountrail County",77,NA,220,465,710,0.65,0.834408602150538,0.891549295774648
"38063","Nelson County",62,NA,100,150,205,0.38,0.586666666666667,0.697560975609756
"38065","Oliver County",6,NA,30,34,64,0.8,0.823529411764706,0.90625
"38067","Pembina County",180,NA,165,415,520,-0.0909090909090908,0.566265060240964,0.653846153846154
"38069","Pierce County",70,NA,125,200,270,0.44,0.65,0.740740740740741
"38071","Ramsey County",176,NA,675,1155,1510,0.739259259259259,0.847619047619048,0.883443708609271
"38073","Ransom County",95,NA,160,285,390,0.40625,0.666666666666667,0.756410256410256
"38075","Renville County",4,NA,35,75,100,0.885714285714286,0.946666666666667,0.96
"38077","Richland County",137,NA,790,1165,1710,0.826582278481013,0.882403433476395,0.919883040935673
"38079","Rolette County",67,NA,480,635,905,0.860416666666667,0.894488188976378,0.925966850828729
"38081","Sargent County",27,NA,55,105,260,0.509090909090909,0.742857142857143,0.896153846153846
"38083","Sheridan County",3,NA,35,60,75,0.914285714285714,0.95,0.96
"38089","Stark County",409,NA,1135,1770,2830,0.639647577092511,0.768926553672316,0.85547703180212
"38091","Steele County",3,NA,55,100,125,0.945454545454545,0.97,0.976
"38093","Stutsman County",763,NA,980,1625,2315,0.221428571428571,0.530461538461539,0.670410367170626
"38095","Towner County",23,NA,65,120,180,0.646153846153846,0.808333333333333,0.872222222222222
"38097","Traill County",54,NA,280,415,585,0.807142857142857,0.869879518072289,0.907692307692308
"38099","Walsh County",104,NA,255,415,645,0.592156862745098,0.749397590361446,0.838759689922481
"38101","Ward County",956,NA,2635,4250,6460,0.63719165085389,0.775058823529412,0.852012383900929
"38103","Wells County",62,NA,130,255,375,0.523076923076923,0.756862745098039,0.834666666666667
"38105","Williams County",136,NA,590,1955,4120,0.769491525423729,0.930434782608696,0.966990291262136
"38XXX","Missing, North Dakota",17,NA,NA,NA,NA,NA,NA,NA
"39001","Adams County",291,NA,1075,1840,2345,0.729302325581395,0.841847826086957,0.87590618336887
"39003","Allen County",996,NA,2540,5385,8485,0.607874015748032,0.815041782729805,0.882616381850324
"39005","Ashland County",287,NA,1020,1840,2930,0.718627450980392,0.844021739130435,0.902047781569966
"39007","Ashtabula County",599,NA,3155,5500,7540,0.810142630744849,0.891090909090909,0.920557029177719
"39009","Athens County",821,NA,3565,5335,6665,0.769705469845722,0.846110590440487,0.8768192048012
"39011","Auglaize County",28,NA,785,1465,2740,0.964331210191083,0.980887372013652,0.98978102189781
"39013","Belmont County",279,NA,2160,3140,4555,0.870833333333333,0.911146496815287,0.938748627881449
"39015","Brown County",42,NA,1390,2275,2855,0.969784172661871,0.981538461538462,0.985288966725044
"39017","Butler County",2527,NA,11300,20645,30905,0.776371681415929,0.877597481230322,0.918233295583239
"39019","Carroll County",29,NA,660,1340,2000,0.956060606060606,0.978358208955224,0.9855
"39021","Champaign County",93,NA,660,1205,2185,0.859090909090909,0.922821576763486,0.957437070938215
"39023","Clark County",1291,NA,4375,7160,11490,0.704914285714286,0.819692737430168,0.887641427328111
"39025","Clermont County",956,NA,5195,9865,14285,0.815976900866218,0.903091738469336,0.933076653832692
"39027","Clinton County",301,NA,1195,2035,2915,0.748117154811715,0.852088452088452,0.896740994854202
"39029","Columbiana County",604,NA,2740,5175,7860,0.77956204379562,0.883285024154589,0.923155216284987
"39031","Coshocton County",257,NA,1555,2135,3025,0.834726688102894,0.879625292740047,0.91504132231405
"39033","Crawford County",413,NA,1415,2585,3920,0.708127208480565,0.840232108317215,0.894642857142857
"39035","Cuyahoga County",16666,NA,69535,109735,155085,0.760322139929532,0.848125028477696,0.892536351033304
"39037","Darke County",318,NA,1230,2405,3995,0.741463414634146,0.867775467775468,0.920400500625782
"39039","Defiance County",95,NA,800,1495,2185,0.88125,0.936454849498328,0.956521739130435
"39041","Delaware County",392,NA,2325,4235,7505,0.831397849462366,0.907438016528926,0.947768154563624
"39043","Erie County",1135,NA,2125,3970,5915,0.465882352941177,0.714105793450882,0.808114961961116
"39045","Fairfield County",1076,NA,3445,6605,9930,0.68766328011611,0.837093111279334,0.891641490433031
"39047","Fayette County",476,NA,1105,1860,2695,0.569230769230769,0.744086021505376,0.823376623376623
"39049","Franklin County",14836,NA,56640,97655,155185,0.738064971751413,0.848077415390917,0.904397976608564
"39051","Fulton County",79,NA,595,1065,1900,0.867226890756303,0.925821596244131,0.958421052631579
"39053","Gallia County",187,NA,765,1235,1780,0.755555555555556,0.848582995951417,0.894943820224719
"39055","Geauga County",184,NA,845,1545,2570,0.782248520710059,0.880906148867314,0.9284046692607
"39057","Greene County",1445,NA,4900,8490,13055,0.705102040816327,0.82979976442874,0.889314438912294
"39059","Guernsey County",693,NA,1335,2215,3230,0.480898876404494,0.687133182844244,0.785448916408669
"39061","Hamilton County",11814,NA,45430,72065,99940,0.739951573849879,0.83606466384514,0.881789073444066
"39063","Hancock County",728,NA,1960,4070,6875,0.628571428571429,0.821130221130221,0.894109090909091
"39065","Hardin County",63,NA,735,1335,2070,0.914285714285714,0.952808988764045,0.969565217391304
"39067","Harrison County",250,NA,365,545,890,0.315068493150685,0.541284403669725,0.719101123595506
"39069","Henry County",29,NA,525,880,1485,0.944761904761905,0.967045454545455,0.98047138047138
"39071","Highland County",143,NA,1010,2125,3060,0.858415841584158,0.932705882352941,0.953267973856209
"39073","Hocking County",306,NA,765,1280,1915,0.6,0.7609375,0.840208877284595
"39075","Holmes County",47,NA,735,1155,1700,0.936054421768707,0.959307359307359,0.972352941176471
"39077","Huron County",603,NA,1365,2380,3785,0.558241758241758,0.746638655462185,0.840686922060766
"39079","Jackson County",332,NA,900,1680,2275,0.631111111111111,0.802380952380952,0.854065934065934
"39081","Jefferson County",811,NA,2535,4105,5520,0.680078895463511,0.802436053593179,0.853079710144928
"39083","Knox County",566,NA,1435,2850,4015,0.605574912891986,0.80140350877193,0.859028642590286
"39085","Lake County",1544,NA,4545,8560,14825,0.66028602860286,0.819626168224299,0.895851602023609
"39087","Lawrence County",249,NA,1310,2520,3645,0.809923664122137,0.901190476190476,0.931687242798354
"39089","Licking County",1118,NA,5370,8420,12015,0.791806331471136,0.867220902612827,0.906949646275489
"39091","Logan County",226,NA,1235,1935,3005,0.817004048582996,0.883204134366925,0.924792013311148
"39093","Lorain County",3132,NA,10400,16480,24050,0.698846153846154,0.80995145631068,0.86977130977131
"39095","Lucas County",4635,NA,20865,32515,47685,0.777857656362329,0.857450407504229,0.902799622522806
"39097","Madison County",1,NA,890,1520,2655,0.998876404494382,0.999342105263158,0.999623352165725
"39099","Mahoning County",2280,NA,8770,14085,20655,0.740022805017104,0.838125665601704,0.88961510530138
"39101","Marion County",615,NA,2140,3835,5740,0.712616822429907,0.839634941329857,0.892857142857143
"39103","Medina County",684,NA,2570,5145,8415,0.733852140077821,0.867055393586006,0.918716577540107
"39105","Meigs County",139,NA,695,1310,1675,0.8,0.893893129770992,0.917014925373134
"39107","Mercer County",13,NA,620,1500,2190,0.979032258064516,0.991333333333333,0.994063926940639
"39109","Miami County",994,NA,2960,4940,7560,0.664189189189189,0.798785425101215,0.868518518518518
"39111","Monroe County",178,NA,275,595,795,0.352727272727273,0.700840336134454,0.776100628930818
"39113","Montgomery County",4384,NA,23300,38410,57555,0.811845493562232,0.885863056495704,0.923829380592477
"39115","Morgan County",155,NA,475,775,990,0.673684210526316,0.8,0.843434343434343
"39117","Morrow County",137,NA,580,1065,1920,0.763793103448276,0.871361502347418,0.928645833333333
"39119","Muskingum County",938,NA,2960,4945,7355,0.683108108108108,0.810313447927199,0.872467709041468
"39121","Noble County",92,NA,225,355,600,0.591111111111111,0.740845070422535,0.846666666666667
"39123","Ottawa County",141,NA,810,1590,2405,0.825925925925926,0.911320754716981,0.941372141372141
"39125","Paulding County",20,NA,230,610,965,0.91304347826087,0.967213114754098,0.979274611398964
"39127","Perry County",217,NA,1185,1730,2120,0.816877637130802,0.874566473988439,0.897641509433962
"39129","Pickaway County",648,NA,2005,3225,4360,0.676807980049875,0.79906976744186,0.851376146788991
"39131","Pike County",543,NA,1125,1720,2460,0.517333333333333,0.684302325581395,0.779268292682927
"39133","Portage County",1944,NA,5360,9220,12900,0.637313432835821,0.789154013015184,0.849302325581395
"39135","Preble County",56,NA,685,1275,1980,0.918248175182482,0.956078431372549,0.971717171717172
"39137","Putnam County",48,NA,545,750,1255,0.911926605504587,0.936,0.961752988047809
"39139","Richland County",1846,NA,4055,7195,10665,0.544759556103576,0.743432939541348,0.826910454758556
"39141","Ross County",568,NA,2565,4310,6020,0.778557504873294,0.868213457076566,0.905647840531561
"39143","Sandusky County",247,NA,1390,2765,4205,0.822302158273381,0.910669077757685,0.941260404280618
"39145","Scioto County",468,NA,3375,5405,6860,0.861333333333333,0.913413506012951,0.931778425655977
"39147","Seneca County",212,NA,1400,2525,4175,0.848571428571429,0.916039603960396,0.949221556886228
"39149","Shelby County",214,NA,920,2100,3010,0.767391304347826,0.898095238095238,0.92890365448505
"39151","Stark County",1746,NA,12135,21715,32890,0.856118665018541,0.919594750172692,0.946913955609608
"39153","Summit County",5245,NA,20215,33295,50180,0.740539203561712,0.84246883916504,0.895476285372658
"39155","Trumbull County",1098,NA,6840,12115,16850,0.839473684210526,0.909368551382584,0.934836795252226
"39157","Tuscarawas County",608,NA,2005,4605,7230,0.696758104738155,0.867969598262758,0.915905947441217
"39159","Union County",100,NA,740,1670,2705,0.864864864864865,0.940119760479042,0.963031423290203
"39161","Van Wert County",14,NA,465,840,1385,0.96989247311828,0.983333333333333,0.989891696750902
"39163","Vinton County",197,NA,405,635,950,0.51358024691358,0.689763779527559,0.792631578947368
"39165","Warren County",778,NA,3710,5855,9420,0.790296495956873,0.867122117847993,0.917409766454352
"39167","Washington County",603,NA,1635,3030,4385,0.631192660550459,0.800990099009901,0.86248574686431
"39169","Wayne County",824,NA,1815,4005,6825,0.546005509641873,0.794257178526841,0.879267399267399
"39171","Williams County",94,NA,665,1455,2425,0.858646616541353,0.935395189003436,0.961237113402062
"39173","Wood County",299,NA,4360,7230,11130,0.931422018348624,0.958644536652835,0.973135669362085
"39175","Wyandot County",69,NA,295,745,1225,0.766101694915254,0.90738255033557,0.943673469387755
"39XXX","Missing, Ohio",1108,NA,NA,NA,NA,NA,NA,NA
"40001","Adair County",33,NA,610,1040,1420,0.945901639344262,0.968269230769231,0.976760563380282
"40003","Alfalfa County",2,NA,110,140,220,0.981818181818182,0.985714285714286,0.990909090909091
"40005","Atoka County",4,NA,290,580,750,0.986206896551724,0.993103448275862,0.994666666666667
"40009","Beckham County",5,NA,685,1015,1545,0.992700729927007,0.995073891625616,0.996763754045307
"40011","Blaine County",1,NA,180,295,490,0.994444444444444,0.996610169491525,0.997959183673469
"40013","Bryan County",53,NA,1110,2250,3790,0.952252252252252,0.976444444444444,0.986015831134565
"40015","Caddo County",4,NA,570,990,1520,0.992982456140351,0.995959595959596,0.997368421052632
"40017","Canadian County",500,NA,1780,4165,7475,0.719101123595506,0.879951980792317,0.933110367892977
"40019","Carter County",74,NA,1055,2180,3470,0.929857819905213,0.96605504587156,0.978674351585014
"40021","Cherokee County",40,NA,1350,2505,3860,0.97037037037037,0.984031936127745,0.989637305699482
"40023","Choctaw County",183,NA,655,1025,1400,0.720610687022901,0.821463414634146,0.869285714285714
"40027","Cleveland County",1760,NA,9150,15245,25015,0.807650273224044,0.884552312233519,0.929642214671197
"40031","Comanche County",612,NA,4250,7035,10985,0.856,0.913006396588486,0.944287664997724
"40033","Cotton County",1,NA,125,205,285,0.992,0.995121951219512,0.996491228070175
"40035","Craig County",3,NA,255,615,1025,0.988235294117647,0.995121951219512,0.997073170731707
"40037","Creek County",271,NA,1830,2980,4355,0.851912568306011,0.909060402684564,0.937772675086108
"40039","Custer County",21,NA,1170,2095,2590,0.982051282051282,0.989976133651551,0.991891891891892
"40041","Delaware County",14,NA,980,1655,2585,0.985714285714286,0.991540785498489,0.99458413926499
"40045","Ellis County",1,NA,75,115,170,0.986666666666667,0.991304347826087,0.994117647058824
"40047","Garfield County",104,NA,1790,3175,4530,0.941899441340782,0.967244094488189,0.977041942604857
"40049","Garvin County",18,NA,565,1115,1875,0.968141592920354,0.983856502242152,0.9904
"40051","Grady County",27,NA,1115,2035,2965,0.975784753363229,0.986732186732187,0.990893760539629
"40053","Grant County",1,NA,25,60,130,0.96,0.983333333333333,0.992307692307692
"40057","Harmon County",1,NA,60,100,130,0.983333333333333,0.99,0.992307692307692
"40061","Haskell County",5,NA,270,500,815,0.981481481481482,0.99,0.993865030674847
"40063","Hughes County",7,NA,245,430,655,0.971428571428571,0.983720930232558,0.989312977099237
"40065","Jackson County",28,NA,505,1105,1975,0.944554455445545,0.974660633484163,0.985822784810127
"40069","Johnston County",2,NA,255,515,735,0.992156862745098,0.996116504854369,0.997278911564626
"40071","Kay County",145,NA,970,1920,3050,0.850515463917526,0.924479166666667,0.952459016393443
"40075","Kiowa County",2,NA,225,505,670,0.991111111111111,0.996039603960396,0.997014925373134
"40077","Latimer County",2,NA,285,510,815,0.992982456140351,0.996078431372549,0.997546012269939
"40079","Le Flore County",45,NA,1275,2325,3400,0.964705882352941,0.980645161290323,0.986764705882353
"40081","Lincoln County",18,NA,560,1200,1620,0.967857142857143,0.985,0.988888888888889
"40083","Logan County",116,NA,605,1125,1665,0.808264462809917,0.896888888888889,0.93033033033033
"40085","Love County",3,NA,185,330,565,0.983783783783784,0.990909090909091,0.994690265486726
"40087","McClain County",75,NA,520,1460,2055,0.855769230769231,0.948630136986301,0.963503649635037
"40089","McCurtain County",366,NA,760,1375,2020,0.518421052631579,0.733818181818182,0.818811881188119
"40091","McIntosh County",29,NA,535,830,1135,0.945794392523365,0.965060240963855,0.974449339207048
"40095","Marshall County",7,NA,200,420,700,0.965,0.983333333333333,0.99
"40097","Mayes County",31,NA,655,1460,2360,0.952671755725191,0.978767123287671,0.986864406779661
"40099","Murray County",4,NA,240,480,820,0.983333333333333,0.991666666666667,0.995121951219512
"40101","Muskogee County",960,NA,2160,3705,5515,0.555555555555556,0.740890688259109,0.825929283771532
"40103","Noble County",3,NA,190,330,590,0.984210526315789,0.990909090909091,0.994915254237288
"40105","Nowata County",3,NA,245,475,710,0.987755102040816,0.993684210526316,0.995774647887324
"40107","Okfuskee County",5,NA,310,535,790,0.983870967741935,0.990654205607477,0.993670886075949
"40109","Oklahoma County",10971,NA,31485,55105,84655,0.651548356360171,0.800907358678886,0.870403402043589
"40111","Okmulgee County",173,NA,950,1680,2720,0.817894736842105,0.89702380952381,0.936397058823529
"40113","Osage County",438,NA,1055,1815,2590,0.584834123222749,0.758677685950413,0.830888030888031
"40115","Ottawa County",259,NA,865,1645,2490,0.700578034682081,0.842553191489362,0.895983935742972
"40117","Pawnee County",8,NA,240,480,770,0.966666666666667,0.983333333333333,0.98961038961039
"40119","Payne County",730,NA,4760,7635,10405,0.846638655462185,0.904387688277669,0.92984142239308
"40121","Pittsburg County",90,NA,1295,2380,3285,0.930501930501931,0.96218487394958,0.972602739726027
"40123","Pontotoc County",122,NA,995,1905,3295,0.877386934673367,0.935958005249344,0.962974203338391
"40125","Pottawatomie County",580,NA,1570,2810,4615,0.630573248407643,0.793594306049822,0.874322860238353
"40127","Pushmataha County",2,NA,370,630,820,0.994594594594595,0.996825396825397,0.997560975609756
"40131","Rogers County",143,NA,1375,2755,4465,0.896,0.948094373865699,0.967973124300112
"40133","Seminole County",353,NA,805,1320,1870,0.561490683229814,0.732575757575758,0.811229946524064
"40135","Sequoyah County",60,NA,900,1745,2650,0.933333333333333,0.965616045845272,0.977358490566038
"40137","Stephens County",41,NA,1000,1810,2700,0.959,0.977348066298343,0.984814814814815
"40139","Texas County",4,NA,345,675,1065,0.988405797101449,0.994074074074074,0.996244131455399
"40141","Tillman County",2,NA,165,260,405,0.987878787878788,0.992307692307692,0.995061728395062
"40143","Tulsa County",7906,NA,21930,39155,63140,0.639489284085727,0.79808453581918,0.874786189420336
"40145","Wagoner County",197,NA,1090,2150,3580,0.819266055045872,0.908372093023256,0.944972067039106
"40147","Washington County",41,NA,1360,2605,3900,0.969852941176471,0.98426103646833,0.989487179487179
"40149","Washita County",1,NA,175,325,535,0.994285714285714,0.996923076923077,0.998130841121495
"40151","Woods County",1,NA,335,620,825,0.997014925373134,0.998387096774194,0.998787878787879
"40153","Woodward County",15,NA,435,740,1195,0.96551724137931,0.97972972972973,0.98744769874477
"40XXX","Missing, Oklahoma",168,NA,NA,NA,NA,NA,NA,NA
"41001","Baker County",269,NA,485,775,1305,0.445360824742268,0.652903225806452,0.793869731800766
"41003","Benton County",908,NA,5725,8595,11555,0.841397379912664,0.89435718440954,0.92141929900476
"41005","Clackamas County",2058,NA,9280,17465,28585,0.77823275862069,0.882164328657315,0.928004198005947
"41007","Clatsop County",358,NA,1140,2115,3605,0.685964912280702,0.830732860520095,0.900693481276006
"41009","Columbia County",633,NA,1150,2090,3345,0.449565217391304,0.697129186602871,0.810762331838565
"41011","Coos County",737,NA,1700,3490,5430,0.566470588235294,0.788825214899713,0.86427255985267
"41013","Crook County",91,NA,325,700,1190,0.72,0.87,0.923529411764706
"41015","Curry County",152,NA,325,825,1480,0.532307692307692,0.815757575757576,0.897297297297297
"41017","Deschutes County",1186,NA,4385,7645,13105,0.729532497149373,0.844865925441465,0.909500190766883
"41019","Douglas County",808,NA,2345,4805,7745,0.65543710021322,0.831841831425598,0.895674628792769
"41021","Gilliam County",4,NA,35,65,85,0.885714285714286,0.938461538461538,0.952941176470588
"41023","Grant County",59,NA,170,255,410,0.652941176470588,0.768627450980392,0.85609756097561
"41025","Harney County",55,NA,230,415,710,0.760869565217391,0.867469879518072,0.922535211267606
"41027","Hood River County",126,NA,445,905,1530,0.71685393258427,0.860773480662983,0.917647058823529
"41029","Jackson County",2431,NA,6205,11490,18305,0.608219178082192,0.788424717145344,0.867194755531276
"41031","Jefferson County",63,NA,635,1035,1385,0.900787401574803,0.939130434782609,0.954512635379061
"41033","Josephine County",896,NA,2215,4525,6655,0.59548532731377,0.801988950276243,0.865364387678437
"41035","Klamath County",931,NA,2440,3915,5730,0.61844262295082,0.762196679438059,0.837521815008726
"41037","Lake County",50,NA,305,535,710,0.836065573770492,0.906542056074766,0.929577464788732
"41039","Lane County",3324,NA,14545,24835,39185,0.771467858370574,0.866156633782968,0.915171621794054
"41041","Lincoln County",547,NA,1650,2655,4050,0.668484848484848,0.793973634651601,0.864938271604938
"41043","Linn County",1784,NA,2480,5380,9545,0.280645161290323,0.668401486988848,0.8130958617077
"41045","Malheur County",323,NA,905,1635,2575,0.643093922651934,0.802446483180428,0.874563106796116
"41047","Marion County",4076,NA,8350,17000,27765,0.51185628742515,0.760235294117647,0.853196470376373
"41049","Morrow County",27,NA,125,425,720,0.784,0.936470588235294,0.9625
"41051","Multnomah County",12046,NA,36715,61475,93640,0.671905215851832,0.804050427002847,0.871358393848783
"41053","Polk County",1084,NA,2450,4105,6415,0.557551020408163,0.735931790499391,0.831021044427124
"41055","Sherman County",15,NA,20,45,90,0.25,0.666666666666667,0.833333333333333
"41057","Tillamook County",163,NA,410,730,1435,0.602439024390244,0.776712328767123,0.886411149825784
"41059","Umatilla County",319,NA,1780,3460,5265,0.820786516853933,0.907803468208092,0.939411206077873
"41061","Union County",530,NA,825,1440,2305,0.357575757575758,0.631944444444444,0.770065075921909
"41063","Wallowa County",55,NA,230,395,615,0.760869565217391,0.860759493670886,0.910569105691057
"41065","Wasco County",528,NA,665,1290,2120,0.206015037593985,0.590697674418605,0.750943396226415
"41067","Washington County",3192,NA,14780,27160,48275,0.78403247631935,0.882474226804124,0.93387881926463
"41071","Yamhill County",1596,NA,3295,5580,8270,0.515629742033384,0.713978494623656,0.807013301088271
"41XXX","Missing, Oregon",173,NA,NA,NA,NA,NA,NA,NA
"42001","Adams County",625,NA,1630,3470,5350,0.616564417177914,0.819884726224784,0.883177570093458
"42003","Allegheny County",14142,NA,49730,82270,121935,0.715624371606676,0.828102589036101,0.884020174683233
"42005","Armstrong County",287,NA,1265,2430,3895,0.773122529644269,0.881893004115226,0.926315789473684
"42007","Beaver County",808,NA,5560,9450,13910,0.854676258992806,0.914497354497354,0.941912293314162
"42009","Bedford County",312,NA,1105,2010,2760,0.717647058823529,0.844776119402985,0.88695652173913
"42011","Berks County",1326,NA,12075,20400,29855,0.890186335403727,0.935,0.955585329090605
"42013","Blair County",1447,NA,3560,6210,9680,0.593539325842697,0.766988727858293,0.85051652892562
"42015","Bradford County",267,NA,1230,2665,4005,0.782926829268293,0.899812382739212,0.933333333333333
"42017","Bucks County",3644,NA,11495,20535,32105,0.682992605480644,0.82254687119552,0.886497430306806
"42019","Butler County",1584,NA,4790,8005,12140,0.669311064718163,0.80212367270456,0.869522240527183
"42021","Cambria County",960,NA,4205,6825,9730,0.771700356718193,0.859340659340659,0.901336073997944
"42023","Cameron County",13,NA,155,365,475,0.916129032258065,0.964383561643836,0.972631578947368
"42025","Carbon County",441,NA,1690,3005,4505,0.73905325443787,0.85324459234609,0.902108768035516
"42027","Centre County",704,NA,7575,11875,16345,0.907062706270627,0.940715789473684,0.956928724380545
"42029","Chester County",2285,NA,8570,16135,26335,0.733372228704784,0.85838239851255,0.913233339662047
"42031","Clarion County",496,NA,1180,2080,2825,0.579661016949153,0.761538461538461,0.824424778761062
"42033","Clearfield County",328,NA,1855,3350,4875,0.823180592991914,0.902089552238806,0.932717948717949
"42035","Clinton County",5,NA,1015,1885,2740,0.995073891625616,0.997347480106101,0.998175182481752
"42037","Columbia County",436,NA,2115,3345,4855,0.793853427895981,0.86965620328849,0.910195674562307
"42039","Crawford County",313,NA,1870,3680,5615,0.832620320855615,0.914945652173913,0.944256455921638
"42041","Cumberland County",1180,NA,5570,9970,16760,0.788150807899461,0.881644934804413,0.929594272076372
"42043","Dauphin County",2650,NA,10215,17080,26530,0.740577581987274,0.844847775175644,0.900113079532605
"42045","Delaware County",4596,NA,17410,30505,45180,0.736013785180931,0.84933617439764,0.898273572377158
"42047","Elk County",218,NA,725,1490,2180,0.699310344827586,0.853691275167785,0.9
"42049","Erie County",2208,NA,9195,17350,24255,0.759869494290375,0.872737752161383,0.908967223252938
"42051","Fayette County",1174,NA,5670,8665,11055,0.79294532627866,0.864512406231968,0.893803708729082
"42053","Forest County",23,NA,65,145,200,0.646153846153846,0.841379310344828,0.885
"42055","Franklin County",377,NA,2810,5915,10290,0.865836298932384,0.936263736263736,0.963362487852284
"42057","Fulton County",140,NA,305,520,770,0.540983606557377,0.730769230769231,0.818181818181818
"42059","Greene County",33,NA,685,1410,1995,0.951824817518248,0.976595744680851,0.983458646616541
"42061","Huntingdon County",175,NA,850,1525,2235,0.794117647058824,0.885245901639344,0.921700223713647
"42063","Indiana County",590,NA,2215,4245,6245,0.733634311512415,0.861012956419317,0.905524419535628
"42065","Jefferson County",311,NA,1020,1995,3115,0.695098039215686,0.844110275689223,0.90016051364366
"42067","Juniata County",5,NA,525,945,1590,0.990476190476191,0.994708994708995,0.99685534591195
"42069","Lackawanna County",2089,NA,7110,12980,18775,0.706188466947961,0.839060092449923,0.888735019973369
"42071","Lancaster County",1998,NA,11530,22165,35895,0.826712922810061,0.909857884051432,0.944337651483494
"42073","Lawrence County",433,NA,2685,4745,6420,0.838733705772812,0.908746048472076,0.932554517133956
"42075","Lebanon County",782,NA,3320,5835,9425,0.764457831325301,0.865981148243359,0.917029177718833
"42077","Lehigh County",3325,NA,11550,21235,32295,0.712121212121212,0.84341888391806,0.89704288589565
"42079","Luzerne County",2621,NA,11250,18540,27655,0.767022222222222,0.858629989212514,0.905225094919544
"42081","Lycoming County",677,NA,3100,5485,8880,0.781612903225806,0.876572470373747,0.923761261261261
"42083","McKean County",482,NA,1035,1730,2435,0.534299516908213,0.721387283236994,0.802053388090349
"42085","Mercer County",388,NA,3455,6405,8810,0.887698986975398,0.939422326307572,0.955959137343927
"42087","Mifflin County",222,NA,1105,2220,3265,0.799095022624434,0.9,0.932006125574273
"42089","Monroe County",514,NA,2740,5140,7915,0.812408759124088,0.9,0.935060012634239
"42091","Montgomery County",3006,NA,18290,31565,50355,0.835647895024604,0.904767939173135,0.940303842716711
"42093","Montour County",153,NA,645,1060,1400,0.762790697674419,0.855660377358491,0.890714285714286
"42095","Northampton County",2024,NA,7110,13415,21100,0.715330520393812,0.849124114796869,0.904075829383886
"42097","Northumberland County",932,NA,2415,4635,7030,0.61407867494824,0.798921251348436,0.867425320056899
"42099","Perry County",180,NA,950,1695,2500,0.810526315789474,0.893805309734513,0.928
"42101","Philadelphia County",22746,NA,105790,159155,214125,0.784989129407316,0.857082718104992,0.893772329246935
"42103","Pike County",411,NA,825,1550,2305,0.501818181818182,0.734838709677419,0.821691973969631
"42105","Potter County",295,NA,285,545,890,-0.0350877192982457,0.458715596330275,0.668539325842697
"42107","Schuylkill County",1045,NA,3105,5885,8515,0.663446054750403,0.822429906542056,0.877275396359366
"42109","Snyder County",292,NA,460,1305,2015,0.365217391304348,0.776245210727969,0.855086848635236
"42111","Somerset County",95,NA,1195,2475,3895,0.920502092050209,0.961616161616162,0.975609756097561
"42113","Sullivan County",39,NA,110,180,260,0.645454545454546,0.783333333333333,0.85
"42115","Susquehanna County",254,NA,680,1360,2035,0.626470588235294,0.813235294117647,0.875184275184275
"42117","Tioga County",214,NA,885,1830,2565,0.75819209039548,0.883060109289618,0.916569200779727
"42119","Union County",535,NA,770,1720,2735,0.305194805194805,0.688953488372093,0.804387568555759
"42121","Venango County",712,NA,1250,2300,3550,0.4304,0.690434782608696,0.79943661971831
"42123","Warren County",70,NA,705,1345,2390,0.900709219858156,0.947955390334573,0.97071129707113
"42125","Washington County",1007,NA,5535,9255,13640,0.81806684733514,0.89119394921664,0.926173020527859
"42127","Wayne County",304,NA,615,1420,2385,0.505691056910569,0.785915492957747,0.872536687631027
"42129","Westmoreland County",1872,NA,10705,17045,24830,0.825128444652032,0.890173071281901,0.924607329842932
"42131","Wyoming County",394,NA,390,830,1380,-0.0102564102564102,0.525301204819277,0.714492753623188
"42133","York County",1637,NA,10255,18390,28975,0.840370550950756,0.910984230560087,0.943503019844694
"42XXX","Missing, Pennsylvania",357,NA,NA,NA,NA,NA,NA,NA
"44001","Bristol County",596,NA,1345,2055,2910,0.556877323420074,0.709975669099757,0.795189003436426
"44003","Kent County",1164,NA,5300,9240,13550,0.780377358490566,0.874025974025974,0.91409594095941
"44005","Newport County",1074,NA,2960,4730,6745,0.637162162162162,0.772938689217759,0.840770941438102
"44007","Providence County",7691,NA,34290,53340,75515,0.775707203266258,0.855811773528309,0.89815268489704
"44009","Washington County",823,NA,3575,5130,7545,0.76979020979021,0.839571150097466,0.8909211398277
"44XXX","Missing, Rhode Island",48,NA,NA,NA,NA,NA,NA,NA
"45001","Abbeville County",68,NA,495,965,1355,0.862626262626263,0.929533678756477,0.949815498154982
"45003","Aiken County",1069,NA,4580,7120,10655,0.766593886462882,0.849859550561798,0.899671515720319
"45005","Allendale County",46,NA,215,435,585,0.786046511627907,0.894252873563218,0.921367521367521
"45007","Anderson County",1000,NA,4690,8435,12935,0.786780383795309,0.8814463544754,0.922690374951681
"45009","Bamberg County",32,NA,295,570,735,0.891525423728814,0.943859649122807,0.956462585034014
"45011","Barnwell County",37,NA,930,1280,1685,0.960215053763441,0.97109375,0.978041543026706
"45013","Beaufort County",624,NA,3205,5905,9920,0.805304212168487,0.894326841659611,0.937096774193548
"45015","Berkeley County",648,NA,4255,8045,12540,0.847708578143361,0.919453076444997,0.948325358851675
"45017","Calhoun County",7,NA,475,605,800,0.985263157894737,0.988429752066116,0.99125
"45019","Charleston County",4167,NA,12770,22760,37185,0.673688332028191,0.816915641476274,0.88793868495361
"45021","Cherokee County",171,NA,1660,2635,4040,0.896987951807229,0.935104364326376,0.957673267326733
"45023","Chester County",296,NA,510,1030,1730,0.419607843137255,0.712621359223301,0.828901734104046
"45025","Chesterfield County",182,NA,1210,2120,3000,0.849586776859504,0.914150943396226,0.939333333333333
"45027","Clarendon County",142,NA,1015,1710,2260,0.860098522167488,0.916959064327485,0.93716814159292
"45029","Colleton County",146,NA,760,1295,2570,0.807894736842105,0.887258687258687,0.943190661478599
"45031","Darlington County",311,NA,1800,3110,5125,0.827222222222222,0.9,0.939317073170732
"45033","Dillon County",135,NA,1355,2230,2940,0.900369003690037,0.939461883408072,0.954081632653061
"45035","Dorchester County",939,NA,3055,5745,9720,0.692635024549918,0.836553524804178,0.903395061728395
"45037","Edgefield County",208,NA,1015,1360,1840,0.795073891625616,0.847058823529412,0.88695652173913
"45039","Fairfield County",133,NA,785,1510,1805,0.830573248407643,0.911920529801325,0.926315789473684
"45041","Florence County",1030,NA,5115,7915,11145,0.798631476050831,0.869867340492735,0.907581875280395
"45043","Georgetown County",168,NA,1340,1855,2850,0.874626865671642,0.909433962264151,0.941052631578947
"45045","Greenville County",3325,NA,13345,23365,37745,0.750843012364181,0.857693130751124,0.911908862100941
"45047","Greenwood County",974,NA,1695,3325,5590,0.425368731563422,0.707067669172932,0.825760286225403
"45049","Hampton County",17,NA,515,795,1220,0.966990291262136,0.978616352201258,0.986065573770492
"45051","Horry County",1393,NA,5665,11500,19000,0.754104148278906,0.878869565217391,0.926684210526316
"45053","Jasper County",23,NA,670,995,1420,0.965671641791045,0.976884422110553,0.983802816901408
"45055","Kershaw County",189,NA,1360,2060,3130,0.861029411764706,0.908252427184466,0.93961661341853
"45057","Lancaster County",254,NA,1895,3485,4995,0.865963060686016,0.927116212338594,0.949149149149149
"45059","Laurens County",223,NA,1695,3010,4380,0.868436578171091,0.925913621262458,0.949086757990868
"45061","Lee County",78,NA,455,730,1130,0.828571428571429,0.893150684931507,0.930973451327434
"45063","Lexington County",943,NA,5610,10300,16820,0.831907308377897,0.908446601941748,0.943935790725327
"45065","McCormick County",40,NA,220,355,405,0.818181818181818,0.887323943661972,0.901234567901235
"45067","Marion County",216,NA,1260,2175,3080,0.828571428571429,0.900689655172414,0.92987012987013
"45069","Marlboro County",198,NA,855,1640,2280,0.768421052631579,0.879268292682927,0.913157894736842
"45071","Newberry County",276,NA,935,1370,1985,0.704812834224599,0.798540145985401,0.86095717884131
"45073","Oconee County",70,NA,2070,3480,5500,0.966183574879227,0.979885057471264,0.987272727272727
"45075","Orangeburg County",104,NA,3710,5525,7450,0.971967654986523,0.981176470588235,0.986040268456376
"45077","Pickens County",268,NA,4575,7945,11245,0.941420765027322,0.96626809314034,0.97616718541574
"45079","Richland County",4518,NA,17775,28380,42730,0.745822784810127,0.840803382663848,0.894266323426164
"45081","Saluda County",127,NA,535,860,1265,0.762616822429907,0.852325581395349,0.899604743083004
"45083","Spartanburg County",2659,NA,8280,13300,20110,0.678864734299517,0.800075187969925,0.867777225261064
"45085","Sumter County",934,NA,2695,4765,7350,0.653432282003711,0.80398740818468,0.872925170068027
"45087","Union County",274,NA,925,1430,2390,0.703783783783784,0.808391608391608,0.885355648535565
"45089","Williamsburg County",89,NA,1065,1570,1990,0.916431924882629,0.943312101910828,0.955276381909548
"45091","York County",967,NA,6140,11750,18785,0.842508143322476,0.917702127659574,0.948522757519297
"45XXX","Missing, South Carolina",128,NA,NA,NA,NA,NA,NA,NA
"46003","Aurora County",2,NA,35,50,100,0.942857142857143,0.96,0.98
"46005","Beadle County",262,NA,430,945,1300,0.390697674418605,0.722751322751323,0.798461538461538
"46007","Bennett County",3,NA,145,210,285,0.979310344827586,0.985714285714286,0.989473684210526
"46009","Bon Homme County",5,NA,105,180,390,0.952380952380952,0.972222222222222,0.987179487179487
"46011","Brookings County",383,NA,1495,2550,4115,0.7438127090301,0.849803921568627,0.906925880923451
"46013","Brown County",551,NA,1155,2440,3610,0.522943722943723,0.774180327868852,0.847368421052632
"46019","Butte County",112,NA,185,405,635,0.394594594594595,0.723456790123457,0.823622047244094
"46021","Campbell County",9,NA,40,44,94,0.775,0.795454545454545,0.904255319148936
"46025","Clark County",12,NA,40,70,135,0.7,0.828571428571429,0.911111111111111
"46027","Clay County",299,NA,830,1395,2090,0.639759036144578,0.785663082437276,0.856937799043062
"46029","Codington County",303,NA,1110,1795,2580,0.727027027027027,0.831197771587744,0.882558139534884
"46031","Corson County",5,NA,220,305,355,0.977272727272727,0.983606557377049,0.985915492957746
"46035","Davison County",137,NA,860,1510,2190,0.840697674418605,0.909271523178808,0.937442922374429
"46037","Day County",16,NA,185,265,415,0.913513513513514,0.939622641509434,0.96144578313253
"46039","Deuel County",13,NA,65,170,250,0.8,0.923529411764706,0.948
"46041","Dewey County",4,NA,265,340,455,0.984905660377358,0.988235294117647,0.991208791208791
"46047","Fall River County",20,NA,320,445,535,0.9375,0.955056179775281,0.962616822429907
"46049","Faulk County",5,NA,65,85,105,0.923076923076923,0.941176470588235,0.952380952380952
"46051","Grant County",67,NA,180,350,420,0.627777777777778,0.808571428571429,0.84047619047619
"46057","Hamlin County",9,NA,35,80,230,0.742857142857143,0.8875,0.960869565217391
"46059","Hand County",7,NA,60,165,260,0.883333333333333,0.957575757575758,0.973076923076923
"46065","Hughes County",235,NA,430,820,1245,0.453488372093023,0.713414634146341,0.811244979919679
"46077","Kingsbury County",13,NA,130,175,265,0.9,0.925714285714286,0.950943396226415
"46079","Lake County",147,NA,385,550,815,0.618181818181818,0.732727272727273,0.819631901840491
"46081","Lawrence County",325,NA,640,1595,2265,0.4921875,0.796238244514107,0.856512141280353
"46083","Lincoln County",162,NA,1090,1880,3905,0.851376146788991,0.913829787234043,0.958514724711908
"46087","McCook County",7,NA,70,145,230,0.9,0.951724137931034,0.969565217391304
"46089","McPherson County",5,NA,25,80,110,0.8,0.9375,0.954545454545455
"46091","Marshall County",6,NA,75,125,200,0.92,0.952,0.97
"46093","Meade County",149,NA,485,950,1740,0.692783505154639,0.843157894736842,0.914367816091954
"46097","Miner County",7,NA,30,70,90,0.766666666666667,0.9,0.922222222222222
"46099","Minnehaha County",1867,NA,5465,11560,19080,0.658371454711802,0.838494809688581,0.902148846960168
"46101","Moody County",15,NA,165,310,565,0.909090909090909,0.951612903225806,0.973451327433628
"46103","Pennington County",1387,NA,3020,5550,8870,0.540728476821192,0.75009009009009,0.843630214205186
"46105","Perkins County",9,NA,45,120,160,0.8,0.925,0.94375
"46107","Potter County",2,NA,50,90,145,0.96,0.977777777777778,0.986206896551724
"46109","Roberts County",4,NA,345,630,895,0.988405797101449,0.993650793650794,0.995530726256983
"46111","Sanborn County",3,NA,95,125,150,0.968421052631579,0.976,0.98
"46115","Spink County",70,NA,115,215,330,0.391304347826087,0.674418604651163,0.787878787878788
"46117","Stanley County",6,NA,25,85,105,0.76,0.929411764705882,0.942857142857143
"46123","Tripp County",12,NA,205,315,400,0.941463414634146,0.961904761904762,0.97
"46125","Turner County",5,NA,225,370,530,0.977777777777778,0.986486486486487,0.990566037735849
"46129","Walworth County",114,NA,145,255,420,0.213793103448276,0.552941176470588,0.728571428571429
"46135","Yankton County",146,NA,485,1015,1875,0.698969072164948,0.85615763546798,0.922133333333333
"46XXX","Missing, South Dakota",49,NA,NA,NA,NA,NA,NA,NA
"47001","Anderson County",840,NA,2680,4025,6775,0.686567164179104,0.791304347826087,0.876014760147601
"47003","Bedford County",102,NA,1075,1825,2940,0.905116279069767,0.944109589041096,0.96530612244898
"47005","Benton County",11,NA,320,715,1045,0.965625,0.984615384615385,0.989473684210526
"47007","Bledsoe County",22,NA,340,525,660,0.935294117647059,0.958095238095238,0.966666666666667
"47009","Blount County",485,NA,2405,4535,7675,0.798336798336798,0.893054024255788,0.936807817589577
"47011","Bradley County",228,NA,2775,4870,7810,0.917837837837838,0.953182751540041,0.970806658130602
"47013","Campbell County",125,NA,1325,2235,3315,0.905660377358491,0.94407158836689,0.962292609351433
"47015","Cannon County",1,NA,550,760,1025,0.998181818181818,0.998684210526316,0.999024390243902
"47017","Carroll County",12,NA,515,1140,1835,0.976699029126214,0.989473684210526,0.993460490463215
"47019","Carter County",297,NA,1620,2885,4200,0.816666666666667,0.897053726169844,0.929285714285714
"47021","Cheatham County",37,NA,650,1200,1760,0.943076923076923,0.969166666666667,0.978977272727273
"47023","Chester County",33,NA,345,665,1110,0.904347826086957,0.950375939849624,0.97027027027027
"47025","Claiborne County",28,NA,955,1910,2660,0.970680628272251,0.985340314136126,0.989473684210526
"47027","Clay County",3,NA,210,295,505,0.985714285714286,0.989830508474576,0.994059405940594
"47029","Cocke County",46,NA,1135,1860,2735,0.959471365638767,0.975268817204301,0.983180987202925
"47031","Coffee County",153,NA,1440,2370,4110,0.89375,0.935443037974684,0.962773722627737
"47033","Crockett County",11,NA,320,620,1030,0.965625,0.982258064516129,0.989320388349515
"47035","Cumberland County",345,NA,1320,2325,3460,0.738636363636364,0.851612903225806,0.90028901734104
"47037","Davidson County",7445,NA,30070,51110,81680,0.752411040904556,0.854333789864997,0.908851616062684
"47039","Decatur County",2,NA,195,470,630,0.98974358974359,0.995744680851064,0.996825396825397
"47041","DeKalb County",7,NA,750,1305,1800,0.990666666666667,0.99463601532567,0.996111111111111
"47043","Dickson County",677,NA,915,1645,2815,0.260109289617486,0.588449848024316,0.759502664298401
"47045","Dyer County",75,NA,1340,2315,3495,0.944029850746269,0.967602591792657,0.978540772532189
"47047","Fayette County",58,NA,770,1310,1925,0.924675324675325,0.955725190839695,0.96987012987013
"47049","Fentress County",33,NA,525,800,1155,0.937142857142857,0.95875,0.971428571428571
"47051","Franklin County",5,NA,925,1495,2380,0.994594594594595,0.996655518394649,0.997899159663866
"47053","Gibson County",71,NA,1795,2825,4260,0.960445682451254,0.974867256637168,0.983333333333333
"47055","Giles County",70,NA,815,1240,1810,0.914110429447853,0.943548387096774,0.961325966850829
"47057","Grainger County",20,NA,550,1025,1475,0.963636363636364,0.980487804878049,0.986440677966102
"47059","Greene County",139,NA,1395,2910,4175,0.900358422939068,0.952233676975945,0.966706586826347
"47061","Grundy County",8,NA,140,340,545,0.942857142857143,0.976470588235294,0.985321100917431
"47063","Hamblen County",266,NA,2140,3690,5600,0.875700934579439,0.927913279132791,0.9525
"47065","Hamilton County",3918,NA,10140,17915,28755,0.613609467455621,0.781300586101033,0.863745435576421
"47067","Hancock County",3,NA,280,335,460,0.989285714285714,0.991044776119403,0.993478260869565
"47069","Hardeman County",60,NA,550,955,1785,0.890909090909091,0.93717277486911,0.966386554621849
"47071","Hardin County",12,NA,650,1115,1710,0.981538461538462,0.989237668161435,0.992982456140351
"47073","Hawkins County",284,NA,1285,2220,3065,0.778988326848249,0.872072072072072,0.907340946166395
"47075","Haywood County",319,NA,920,1350,1885,0.653260869565217,0.763703703703704,0.830769230769231
"47077","Henderson County",17,NA,770,1340,1940,0.977922077922078,0.987313432835821,0.991237113402062
"47079","Henry County",18,NA,695,1495,2055,0.97410071942446,0.987959866220736,0.991240875912409
"47081","Hickman County",12,NA,395,640,1095,0.969620253164557,0.98125,0.989041095890411
"47083","Houston County",2,NA,190,265,375,0.989473684210526,0.992452830188679,0.994666666666667
"47085","Humphreys County",6,NA,130,360,840,0.953846153846154,0.983333333333333,0.992857142857143
"47087","Jackson County",4,NA,325,465,570,0.987692307692308,0.991397849462366,0.992982456140351
"47089","Jefferson County",70,NA,660,1670,2750,0.893939393939394,0.958083832335329,0.974545454545454
"47091","Johnson County",37,NA,560,915,1200,0.933928571428571,0.959562841530055,0.969166666666667
"47093","Knox County",4514,NA,16425,27925,42525,0.72517503805175,0.838352730528201,0.893850676072898
"47095","Lake County",3,NA,505,665,825,0.994059405940594,0.995488721804511,0.996363636363636
"47097","Lauderdale County",96,NA,935,1415,2260,0.897326203208556,0.932155477031802,0.957522123893805
"47099","Lawrence County",31,NA,1025,1890,2605,0.969756097560976,0.983597883597884,0.98809980806142
"47101","Lewis County",2,NA,260,630,820,0.992307692307692,0.996825396825397,0.997560975609756
"47103","Lincoln County",79,NA,715,1160,1995,0.889510489510489,0.931896551724138,0.960401002506266
"47105","Loudon County",51,NA,1040,1880,2795,0.950961538461538,0.972872340425532,0.98175313059034
"47107","McMinn County",157,NA,1425,2075,3485,0.889824561403509,0.92433734939759,0.954949784791966
"47109","McNairy County",18,NA,335,920,1370,0.946268656716418,0.980434782608696,0.986861313868613
"47111","Macon County",16,NA,520,870,1530,0.969230769230769,0.981609195402299,0.989542483660131
"47113","Madison County",1949,NA,3915,6145,9420,0.502171136653895,0.682831570382425,0.793099787685775
"47115","Marion County",90,NA,770,1195,1850,0.883116883116883,0.924686192468619,0.951351351351351
"47117","Marshall County",105,NA,620,1065,1800,0.830645161290323,0.901408450704225,0.941666666666667
"47119","Maury County",471,NA,1970,3305,6395,0.760913705583756,0.857488653555219,0.926348709929633
"47121","Meigs County",44,NA,270,530,800,0.837037037037037,0.916981132075472,0.945
"47123","Monroe County",44,NA,1430,2440,3190,0.969230769230769,0.981967213114754,0.986206896551724
"47125","Montgomery County",1032,NA,4595,7960,14715,0.775408052230686,0.87035175879397,0.92986748216106
"47127","Moore County",1,NA,115,150,265,0.991304347826087,0.993333333333333,0.99622641509434
"47129","Morgan County",20,NA,310,575,755,0.935483870967742,0.965217391304348,0.973509933774834
"47131","Obion County",20,NA,995,1685,2720,0.979899497487437,0.98813056379822,0.992647058823529
"47133","Overton County",4,NA,450,680,1110,0.991111111111111,0.994117647058824,0.996396396396396
"47135","Perry County",1,NA,155,205,405,0.993548387096774,0.995121951219512,0.997530864197531
"47137","Pickett County",2,NA,160,205,245,0.9875,0.990243902439024,0.991836734693878
"47141","Putnam County",246,NA,2855,5450,8085,0.913835376532399,0.954862385321101,0.969573283858998
"47143","Rhea County",313,NA,720,1305,2145,0.565277777777778,0.760153256704981,0.854079254079254
"47145","Roane County",112,NA,1290,2215,3640,0.913178294573643,0.949435665914221,0.969230769230769
"47147","Robertson County",188,NA,1665,2925,4360,0.887087087087087,0.935726495726496,0.956880733944954
"47149","Rutherford County",1083,NA,7295,14420,26885,0.851542152159013,0.924895977808599,0.959717314487633
"47151","Scott County",44,NA,580,1165,1830,0.924137931034483,0.962231759656652,0.975956284153006
"47153","Sequatchie County",129,NA,500,785,1005,0.742,0.835668789808917,0.871641791044776
"47155","Sevier County",79,NA,1375,3010,5355,0.942545454545455,0.97375415282392,0.985247432306256
"47157","Shelby County",8371,NA,40320,65975,101170,0.792385912698413,0.873118605532399,0.917258080458634
"47159","Smith County",3,NA,525,855,1235,0.994285714285714,0.996491228070175,0.997570850202429
"47161","Stewart County",1,NA,175,355,480,0.994285714285714,0.997183098591549,0.997916666666667
"47163","Sullivan County",1519,NA,3865,7525,11130,0.606985769728331,0.798139534883721,0.863522012578616
"47165","Sumner County",930,NA,4440,7935,12675,0.790540540540541,0.882797731568998,0.926627218934911
"47167","Tipton County",354,NA,1175,1855,3070,0.698723404255319,0.809164420485175,0.884690553745928
"47169","Trousdale County",22,NA,140,370,645,0.842857142857143,0.94054054054054,0.965891472868217
"47171","Unicoi County",39,NA,630,1195,1600,0.938095238095238,0.967364016736402,0.975625
"47173","Union County",174,NA,570,765,1050,0.694736842105263,0.772549019607843,0.834285714285714
"47177","Warren County",18,NA,765,1950,2900,0.976470588235294,0.990769230769231,0.993793103448276
"47179","Washington County",662,NA,4980,8395,12495,0.867068273092369,0.921143537820131,0.947018807523009
"47181","Wayne County",2,NA,435,670,915,0.995402298850575,0.997014925373134,0.997814207650273
"47183","Weakley County",12,NA,1085,2040,3070,0.988940092165899,0.994117647058824,0.996091205211726
"47185","White County",4,NA,410,1005,1440,0.990243902439024,0.996019900497512,0.997222222222222
"47187","Williamson County",289,NA,2030,3880,7030,0.857635467980296,0.925515463917526,0.958890469416785
"47189","Wilson County",471,NA,2610,4550,7720,0.819540229885057,0.896483516483517,0.9389896373057
"47XXX","Missing, Tennessee",274,NA,NA,NA,NA,NA,NA,NA
"48001","Anderson County",400,NA,1290,2365,3355,0.689922480620155,0.830866807610994,0.880774962742176
"48003","Andrews County",16,NA,165,500,815,0.903030303030303,0.968,0.980368098159509
"48005","Angelina County",1220,NA,2395,4230,6585,0.490605427974948,0.711583924349882,0.814730447987851
"48007","Aransas County",60,NA,200,550,1315,0.7,0.890909090909091,0.954372623574145
"48011","Armstrong County",1,NA,10,14,24,0.9,0.928571428571429,0.958333333333333
"48013","Atascosa County",144,NA,980,1415,2160,0.853061224489796,0.898233215547703,0.933333333333333
"48015","Austin County",36,NA,710,1095,1670,0.949295774647887,0.967123287671233,0.978443113772455
"48019","Bandera County",7,NA,285,435,690,0.975438596491228,0.983908045977012,0.989855072463768
"48021","Bastrop County",131,NA,1925,3410,4825,0.931948051948052,0.96158357771261,0.972849740932643
"48025","Bee County",289,NA,895,1355,1770,0.677094972067039,0.786715867158672,0.836723163841808
"48027","Bell County",3339,NA,10345,19660,31745,0.677235379410343,0.830162767039675,0.894818081587652
"48029","Bexar County",16093,NA,62505,112560,177835,0.742532597392209,0.85702736318408,0.909506002755363
"48031","Blanco County",9,NA,215,380,590,0.958139534883721,0.976315789473684,0.984745762711864
"48037","Bowie County",2132,NA,3225,5230,7450,0.338914728682171,0.592351816443595,0.713825503355705
"48039","Brazoria County",597,NA,6255,11700,18910,0.904556354916067,0.948974358974359,0.968429402432575
"48041","Brazos County",1840,NA,13755,20855,29970,0.866230461650309,0.911771757372333,0.938605271938605
"48043","Brewster County",121,NA,660,900,1210,0.816666666666667,0.865555555555556,0.9
"48045","Briscoe County",10,NA,35,65,85,0.714285714285714,0.846153846153846,0.882352941176471
"48047","Brooks County",152,NA,545,680,705,0.721100917431193,0.776470588235294,0.784397163120567
"48049","Brown County",480,NA,965,2055,3215,0.50259067357513,0.766423357664234,0.850699844479005
"48051","Burleson County",56,NA,330,570,710,0.83030303030303,0.901754385964912,0.92112676056338
"48053","Burnet County",248,NA,465,1085,2420,0.466666666666667,0.771428571428571,0.897520661157025
"48055","Caldwell County",24,NA,1240,2240,3465,0.980645161290323,0.989285714285714,0.993073593073593
"48057","Calhoun County",107,NA,245,400,1100,0.563265306122449,0.7325,0.902727272727273
"48059","Callahan County",109,NA,240,420,580,0.545833333333333,0.740476190476191,0.812068965517241
"48061","Cameron County",5159,NA,13770,23145,31640,0.625344952795933,0.777100885720458,0.836946902654867
"48063","Camp County",63,NA,250,530,745,0.748,0.881132075471698,0.915436241610738
"48065","Carson County",32,NA,15,85,145,-1.13333333333333,0.623529411764706,0.779310344827586
"48067","Cass County",79,NA,820,1270,1655,0.903658536585366,0.937795275590551,0.95226586102719
"48069","Castro County",31,NA,145,215,540,0.786206896551724,0.855813953488372,0.942592592592593
"48071","Chambers County",22,NA,345,515,895,0.936231884057971,0.957281553398058,0.975418994413408
"48073","Cherokee County",367,NA,1255,2285,3275,0.707569721115538,0.839387308533917,0.88793893129771
"48075","Childress County",49,NA,95,130,350,0.484210526315789,0.623076923076923,0.86
"48079","Cochran County",1,NA,95,120,215,0.989473684210526,0.991666666666667,0.995348837209302
"48083","Coleman County",1,NA,90,275,455,0.988888888888889,0.996363636363636,0.997802197802198
"48085","Collin County",3290,NA,16760,33825,60555,0.803699284009546,0.902734663710273,0.945669226323177
"48087","Collingsworth County",1,NA,85,105,109,0.988235294117647,0.990476190476191,0.990825688073395
"48089","Colorado County",7,NA,340,535,720,0.979411764705882,0.986915887850467,0.990277777777778
"48091","Comal County",315,NA,1785,3600,7480,0.823529411764706,0.9125,0.957887700534759
"48093","Comanche County",29,NA,75,415,670,0.613333333333333,0.930120481927711,0.956716417910448
"48097","Cooke County",386,NA,895,1960,3410,0.568715083798883,0.803061224489796,0.886803519061584
"48099","Coryell County",234,NA,1175,2815,5675,0.800851063829787,0.916873889875666,0.958766519823789
"48105","Crockett County",4,NA,0,105,175,-Inf,0.961904761904762,0.977142857142857
"48107","Crosby County",1,NA,225,360,465,0.995555555555556,0.997222222222222,0.997849462365591
"48111","Dallam County",18,NA,50,145,215,0.64,0.875862068965517,0.916279069767442
"48113","Dallas County",24107,NA,94395,176680,279500,0.744615710577891,0.86355558071089,0.913749552772809
"48115","Dawson County",113,NA,420,795,915,0.730952380952381,0.857861635220126,0.876502732240437
"48117","Deaf Smith County",108,NA,350,545,1020,0.691428571428572,0.801834862385321,0.894117647058824
"48119","Delta County",13,NA,45,180,255,0.711111111111111,0.927777777777778,0.949019607843137
"48121","Denton County",3879,NA,17990,33985,61525,0.78438021122846,0.885861409445344,0.936952458350264
"48123","DeWitt County",111,NA,425,725,1190,0.738823529411765,0.846896551724138,0.90672268907563
"48127","Dimmit County",160,NA,265,590,705,0.39622641509434,0.728813559322034,0.773049645390071
"48129","Donley County",15,NA,85,150,250,0.823529411764706,0.9,0.94
"48131","Duval County",113,NA,175,245,440,0.354285714285714,0.538775510204082,0.743181818181818
"48133","Eastland County",63,NA,485,835,1080,0.870103092783505,0.924550898203593,0.941666666666667
"48135","Ector County",1275,NA,4180,7000,11030,0.694976076555024,0.817857142857143,0.884406165004533
"48139","Ellis County",617,NA,3155,6015,9720,0.804437400950872,0.897423108894431,0.936522633744856
"48141","El Paso County",6752,NA,26770,45410,66410,0.747777362719462,0.851310284078397,0.898328564975154
"48143","Erath County",48,NA,1465,2550,3725,0.967235494880546,0.981176470588235,0.987114093959732
"48145","Falls County",27,NA,505,730,890,0.946534653465346,0.963013698630137,0.969662921348315
"48147","Fannin County",448,NA,845,1320,1860,0.469822485207101,0.660606060606061,0.759139784946237
"48149","Fayette County",90,NA,480,740,1160,0.8125,0.878378378378378,0.922413793103448
"48153","Floyd County",36,NA,180,260,420,0.8,0.861538461538462,0.914285714285714
"48157","Fort Bend County",1528,NA,9720,17020,28815,0.842798353909465,0.910223266745006,0.946972063161548
"48159","Franklin County",37,NA,110,180,370,0.663636363636364,0.794444444444445,0.9
"48161","Freestone County",2,NA,460,690,1095,0.995652173913044,0.997101449275362,0.998173515981735
"48163","Frio County",158,NA,695,780,1105,0.772661870503597,0.797435897435897,0.857013574660634
"48167","Galveston County",2987,NA,9750,16760,24200,0.693641025641026,0.821778042959427,0.876570247933884
"48169","Garza County",8,NA,115,150,260,0.930434782608696,0.946666666666667,0.969230769230769
"48171","Gillespie County",33,NA,565,1045,2015,0.941592920353982,0.968421052631579,0.983622828784119
"48175","Goliad County",14,NA,215,245,290,0.934883720930233,0.942857142857143,0.951724137931034
"48177","Gonzales County",31,NA,455,875,1380,0.931868131868132,0.964571428571429,0.977536231884058
"48179","Gray County",115,NA,590,945,1545,0.805084745762712,0.878306878306878,0.925566343042071
"48181","Grayson County",1065,NA,3225,5860,10075,0.669767441860465,0.818259385665529,0.894292803970223
"48183","Gregg County",1319,NA,3670,6565,10000,0.640599455040872,0.799086062452399,0.8681
"48185","Grimes County",7,NA,505,935,1470,0.986138613861386,0.992513368983957,0.995238095238095
"48187","Guadalupe County",382,NA,1700,3845,6635,0.775294117647059,0.900650195058518,0.942426525998493
"48189","Hale County",251,NA,980,1645,2695,0.743877551020408,0.84741641337386,0.906864564007421
"48191","Hall County",3,NA,85,170,235,0.964705882352941,0.982352941176471,0.987234042553191
"48195","Hansford County",1,NA,50,175,305,0.98,0.994285714285714,0.99672131147541
"48197","Hardeman County",34,NA,55,95,235,0.381818181818182,0.642105263157895,0.85531914893617
"48199","Hardin County",286,NA,825,1410,2140,0.653333333333333,0.797163120567376,0.866355140186916
"48201","Harris County",23939,NA,158740,290790,454915,0.8491936499937,0.917675986106812,0.947376982513217
"48203","Harrison County",680,NA,2060,3070,4255,0.669902912621359,0.778501628664495,0.840188014101058
"48205","Hartley County",1,NA,30,50,190,0.966666666666667,0.98,0.994736842105263
"48207","Haskell County",1,NA,130,195,320,0.992307692307692,0.994871794871795,0.996875
"48209","Hays County",247,NA,10030,18155,25925,0.975373878364905,0.986394932525475,0.990472516875603
"48213","Henderson County",202,NA,1500,2995,4715,0.865333333333333,0.932554257095159,0.957158006362672
"48215","Hidalgo County",6625,NA,25605,40990,55105,0.741261472368678,0.838375213466699,0.879774975047636
"48217","Hill County",151,NA,670,1355,2005,0.774626865671642,0.888560885608856,0.924688279301746
"48219","Hockley County",163,NA,525,935,1365,0.68952380952381,0.825668449197861,0.880586080586081
"48221","Hood County",2,NA,725,1730,2820,0.997241379310345,0.998843930635838,0.999290780141844
"48223","Hopkins County",190,NA,800,1425,2240,0.7625,0.866666666666667,0.915178571428571
"48225","Houston County",86,NA,610,1035,1500,0.859016393442623,0.916908212560386,0.942666666666667
"48227","Howard County",292,NA,675,1335,2125,0.567407407407407,0.7812734082397,0.862588235294118
"48231","Hunt County",617,NA,2625,5285,8000,0.764952380952381,0.88325449385052,0.922875
"48233","Hutchinson County",56,NA,325,525,665,0.827692307692308,0.893333333333333,0.91578947368421
"48235","Irion County",1,NA,20,20,45,0.95,0.95,0.977777777777778
"48239","Jackson County",137,NA,265,540,770,0.483018867924528,0.746296296296296,0.822077922077922
"48241","Jasper County",243,NA,815,1525,2075,0.701840490797546,0.840655737704918,0.88289156626506
"48245","Jefferson County",5209,NA,9485,14835,22110,0.450817079599367,0.648870913380519,0.764405246494799
"48247","Jim Hogg County",78,NA,125,200,400,0.376,0.61,0.805
"48249","Jim Wells County",197,NA,1150,1905,3115,0.828695652173913,0.896587926509186,0.936757624398074
"48251","Johnson County",493,NA,2985,5955,9895,0.834840871021776,0.917212426532326,0.950176856998484
"48253","Jones County",8,NA,225,375,545,0.964444444444444,0.978666666666667,0.985321100917431
"48255","Karnes County",47,NA,370,730,920,0.872972972972973,0.935616438356164,0.948913043478261
"48257","Kaufman County",1877,NA,2470,4710,7085,0.240080971659919,0.601486199575372,0.735074100211715
"48259","Kendall County",127,NA,720,1495,2505,0.823611111111111,0.91505016722408,0.949301397205589
"48265","Kerr County",114,NA,890,1860,3515,0.871910112359551,0.938709677419355,0.967567567567568
"48273","Kleberg County",629,NA,1765,2800,3390,0.643626062322946,0.775357142857143,0.814454277286136
"48277","Lamar County",434,NA,1725,2945,4225,0.748405797101449,0.852631578947368,0.897278106508876
"48279","Lamb County",52,NA,305,545,790,0.829508196721311,0.904587155963303,0.934177215189873
"48281","Lampasas County",38,NA,370,695,1120,0.897297297297297,0.945323741007194,0.966071428571429
"48283","La Salle County",50,NA,70,120,180,0.285714285714286,0.583333333333333,0.722222222222222
"48285","Lavaca County",5,NA,350,760,1200,0.985714285714286,0.993421052631579,0.995833333333333
"48287","Lee County",26,NA,120,570,820,0.783333333333333,0.954385964912281,0.968292682926829
"48289","Leon County",9,NA,255,565,780,0.964705882352941,0.984070796460177,0.988461538461539
"48291","Liberty County",271,NA,1765,2735,4025,0.846458923512748,0.90091407678245,0.932670807453416
"48293","Limestone County",83,NA,495,1010,1355,0.832323232323232,0.917821782178218,0.938745387453874
"48295","Lipscomb County",1,NA,55,90,130,0.981818181818182,0.988888888888889,0.992307692307692
"48297","Live Oak County",52,NA,330,485,645,0.842424242424242,0.892783505154639,0.91937984496124
"48299","Llano County",71,NA,360,650,1205,0.802777777777778,0.890769230769231,0.941078838174274
"48303","Lubbock County",1663,NA,14060,22540,34130,0.88172119487909,0.926220053238687,0.951274538529153
"48305","Lynn County",2,NA,90,210,295,0.977777777777778,0.990476190476191,0.993220338983051
"48307","McCulloch County",14,NA,105,285,585,0.866666666666667,0.950877192982456,0.976068376068376
"48309","McLennan County",2602,NA,9730,15530,23885,0.732579650565262,0.832453316162267,0.891061335566255
"48313","Madison County",12,NA,265,460,565,0.954716981132075,0.973913043478261,0.978761061946903
"48315","Marion County",23,NA,285,420,595,0.919298245614035,0.945238095238095,0.961344537815126
"48321","Matagorda County",330,NA,1650,2040,2685,0.8,0.838235294117647,0.877094972067039
"48323","Maverick County",490,NA,2155,3185,4185,0.77262180974478,0.846153846153846,0.882915173237754
"48325","Medina County",67,NA,920,1220,1970,0.927173913043478,0.945081967213115,0.965989847715736
"48329","Midland County",469,NA,4365,6945,10920,0.892554410080183,0.932469402447804,0.957051282051282
"48331","Milam County",155,NA,415,765,1500,0.626506024096386,0.797385620915033,0.896666666666667
"48335","Mitchell County",4,NA,115,285,595,0.965217391304348,0.985964912280702,0.99327731092437
"48337","Montague County",10,NA,410,575,955,0.975609756097561,0.982608695652174,0.989528795811518
"48339","Montgomery County",488,NA,8585,17780,29815,0.943156668608037,0.972553430821147,0.983632399798759
"48341","Moore County",32,NA,220,645,1250,0.854545454545454,0.950387596899225,0.9744
"48343","Morris County",64,NA,215,485,880,0.702325581395349,0.868041237113402,0.927272727272727
"48345","Motley County",1,NA,15,19,29,0.933333333333333,0.947368421052632,0.96551724137931
"48347","Nacogdoches County",1112,NA,3015,5310,7500,0.631177446102819,0.790583804143126,0.851733333333333
"48349","Navarro County",39,NA,1220,2405,3520,0.968032786885246,0.983783783783784,0.988920454545455
"48351","Newton County",19,NA,465,625,760,0.959139784946237,0.9696,0.975
"48353","Nolan County",43,NA,440,920,1435,0.902272727272727,0.953260869565217,0.970034843205575
"48355","Nueces County",3743,NA,10520,18230,28690,0.644201520912548,0.794679100383982,0.86953642384106
"48357","Ochiltree County",13,NA,170,385,480,0.923529411764706,0.966233766233766,0.972916666666667
"48361","Orange County",839,NA,1610,3170,4655,0.47888198757764,0.735331230283912,0.819763694951665
"48363","Palo Pinto County",242,NA,500,1000,1670,0.516,0.758,0.855089820359281
"48365","Panola County",23,NA,345,665,1090,0.933333333333333,0.965413533834587,0.978899082568807
"48367","Parker County",507,NA,1870,3295,5675,0.728877005347594,0.846130500758725,0.910660792951542
"48369","Parmer County",14,NA,140,205,450,0.9,0.931707317073171,0.968888888888889
"48371","Pecos County",165,NA,210,455,880,0.214285714285714,0.637362637362637,0.8125
"48373","Polk County",52,NA,875,1525,2360,0.940571428571429,0.965901639344262,0.977966101694915
"48375","Potter County",2583,NA,4950,8610,12965,0.478181818181818,0.7,0.800771307365985
"48377","Presidio County",25,NA,185,355,470,0.864864864864865,0.929577464788732,0.946808510638298
"48379","Rains County",1,NA,105,220,575,0.990476190476191,0.995454545454545,0.998260869565217
"48381","Randall County",786,NA,2740,5255,8715,0.713138686131387,0.850428163653663,0.909810671256454
"48387","Red River County",46,NA,390,550,950,0.882051282051282,0.916363636363636,0.951578947368421
"48389","Reeves County",4,NA,250,345,565,0.984,0.988405797101449,0.992920353982301
"48391","Refugio County",22,NA,240,355,375,0.908333333333333,0.938028169014084,0.941333333333333
"48395","Robertson County",62,NA,565,810,1095,0.890265486725664,0.923456790123457,0.94337899543379
"48397","Rockwall County",426,NA,1030,1895,3085,0.586407766990291,0.775197889182058,0.861912479740681
"48399","Runnels County",1,NA,135,295,500,0.992592592592593,0.996610169491525,0.998
"48401","Rusk County",95,NA,610,1400,2385,0.844262295081967,0.932142857142857,0.960167714884696
"48403","Sabine County",7,NA,215,370,475,0.967441860465116,0.981081081081081,0.985263157894737
"48405","San Augustine County",12,NA,385,555,700,0.968831168831169,0.978378378378378,0.982857142857143
"48407","San Jacinto County",12,NA,245,595,1065,0.951020408163265,0.979831932773109,0.988732394366197
"48409","San Patricio County",529,NA,1920,3130,4470,0.724479166666667,0.830990415335463,0.88165548098434
"48415","Scurry County",99,NA,90,280,630,-0.1,0.646428571428571,0.842857142857143
"48417","Shackelford County",2,NA,65,160,164,0.969230769230769,0.9875,0.98780487804878
"48419","Shelby County",63,NA,625,965,1395,0.8992,0.934715025906736,0.954838709677419
"48421","Sherman County",3,NA,4,24,59,0.25,0.875,0.949152542372881
"48423","Smith County",1108,NA,4480,8985,13500,0.752678571428571,0.876683361157485,0.917925925925926
"48425","Somervell County",16,NA,60,105,255,0.733333333333333,0.847619047619048,0.937254901960784
"48427","Starr County",326,NA,2585,3670,4225,0.873887814313346,0.911171662125341,0.922840236686391
"48429","Stephens County",41,NA,185,500,575,0.778378378378378,0.918,0.928695652173913
"48435","Sutton County",1,NA,80,145,230,0.9875,0.993103448275862,0.995652173913044
"48437","Swisher County",72,NA,185,375,490,0.610810810810811,0.808,0.853061224489796
"48439","Tarrant County",14318,NA,54015,106435,177680,0.734925483661946,0.865476581951426,0.919416929311121
"48441","Taylor County",1692,NA,4260,7995,12385,0.602816901408451,0.788367729831144,0.863383124747679
"48445","Terry County",117,NA,410,730,1055,0.714634146341463,0.83972602739726,0.889099526066351
"48449","Titus County",241,NA,635,1475,2255,0.620472440944882,0.836610169491525,0.893126385809313
"48451","Tom Green County",1014,NA,2275,4490,7655,0.554285714285714,0.774164810690423,0.867537557152188
"48453","Travis County",6946,NA,49905,86305,141510,0.860815549544134,0.919517988529054,0.950915129672815
"48455","Trinity County",15,NA,355,655,840,0.957746478873239,0.977099236641221,0.982142857142857
"48457","Tyler County",16,NA,310,640,870,0.948387096774194,0.975,0.981609195402299
"48459","Upshur County",53,NA,735,1195,2010,0.927891156462585,0.955648535564854,0.97363184079602
"48463","Uvalde County",265,NA,595,1010,1555,0.554621848739496,0.737623762376238,0.829581993569132
"48465","Val Verde County",836,NA,1165,2015,3315,0.282403433476395,0.585111662531017,0.747812971342383
"48467","Van Zandt County",81,NA,860,1815,2970,0.905813953488372,0.955371900826446,0.972727272727273
"48469","Victoria County",373,NA,2455,4440,6465,0.84806517311609,0.915990990990991,0.94230471771075
"48471","Walker County",255,NA,3390,5030,7700,0.924778761061947,0.949304174950298,0.966883116883117
"48473","Waller County",175,NA,1235,2545,3585,0.8582995951417,0.931237721021611,0.95118549511855
"48475","Ward County",24,NA,130,300,405,0.815384615384615,0.92,0.940740740740741
"48477","Washington County",329,NA,980,1585,2190,0.664285714285714,0.792429022082019,0.849771689497717
"48479","Webb County",1636,NA,6745,12290,17845,0.757449962935508,0.866883645240033,0.908321658727935
"48481","Wharton County",26,NA,1095,1955,3010,0.976255707762557,0.986700767263427,0.991362126245847
"48483","Wheeler County",14,NA,65,270,335,0.784615384615385,0.948148148148148,0.958208955223881
"48485","Wichita County",1030,NA,4020,7680,11805,0.743781094527363,0.865885416666667,0.912748835239305
"48487","Wilbarger County",79,NA,330,835,1100,0.760606060606061,0.905389221556886,0.928181818181818
"48489","Willacy County",61,NA,620,1065,1185,0.901612903225806,0.942723004694836,0.948523206751055
"48491","Williamson County",1008,NA,11340,23000,42860,0.911111111111111,0.956173913043478,0.976481567895474
"48493","Wilson County",115,NA,575,885,1340,0.8,0.870056497175141,0.914179104477612
"48495","Winkler County",6,NA,45,95,175,0.866666666666667,0.936842105263158,0.965714285714286
"48497","Wise County",17,NA,810,1360,2505,0.979012345679012,0.9875,0.993213572854291
"48499","Wood County",19,NA,880,1460,2135,0.978409090909091,0.986986301369863,0.991100702576112
"48501","Yoakum County",1,NA,40,305,545,0.975,0.99672131147541,0.998165137614679
"48503","Young County",26,NA,490,790,1395,0.946938775510204,0.967088607594937,0.981362007168459
"48505","Zapata County",56,NA,575,865,985,0.902608695652174,0.935260115606936,0.943147208121827
"48507","Zavala County",215,NA,320,480,520,0.328125,0.552083333333333,0.586538461538462
"48XXX","Missing, Texas",1280,NA,NA,NA,NA,NA,NA,NA
"49001","Beaver County",31,NA,80,100,195,0.6125,0.69,0.841025641025641
"49003","Box Elder County",187,NA,1000,1720,2920,0.813,0.891279069767442,0.935958904109589
"49005","Cache County",410,NA,2835,6365,9895,0.855379188712522,0.935585231736057,0.958564931783729
"49007","Carbon County",276,NA,920,1490,1955,0.7,0.814765100671141,0.858823529411765
"49011","Davis County",1124,NA,4225,8265,15040,0.73396449704142,0.86400483968542,0.925265957446809
"49013","Duchesne County",90,NA,410,595,920,0.780487804878049,0.848739495798319,0.902173913043478
"49015","Emery County",87,NA,185,440,575,0.52972972972973,0.802272727272727,0.848695652173913
"49017","Garfield County",1,NA,50,125,300,0.98,0.992,0.996666666666667
"49019","Grand County",71,NA,320,480,890,0.778125,0.852083333333333,0.920224719101124
"49021","Iron County",277,NA,1535,2875,4310,0.819543973941368,0.903652173913043,0.935730858468678
"49033","Rich County",3,NA,25,50,90,0.88,0.94,0.966666666666667
"49035","Salt Lake County",6857,NA,24810,47075,80740,0.723619508262797,0.854338821030271,0.9150730740649
"49037","San Juan County",11,NA,215,315,535,0.948837209302326,0.965079365079365,0.979439252336449
"49043","Summit County",2,NA,510,955,1200,0.996078431372549,0.997905759162304,0.998333333333333
"49045","Tooele County",241,NA,580,1375,2415,0.58448275862069,0.824727272727273,0.900207039337474
"49047","Uintah County",39,NA,615,1180,2065,0.936585365853658,0.966949152542373,0.981113801452784
"49049","Utah County",2066,NA,10470,20775,36575,0.802674307545368,0.900553549939831,0.943513328776487
"49053","Washington County",313,NA,2495,6085,10415,0.874549098196393,0.948562037797864,0.969947191550648
"49057","Weber County",1502,NA,4980,9680,15480,0.698393574297189,0.844834710743802,0.90297157622739
"49XXX","Missing, Utah",33,NA,NA,NA,NA,NA,NA,NA
"50001","Addison County",271,NA,725,1110,1895,0.626206896551724,0.755855855855856,0.856992084432718
"50003","Bennington County",745,NA,1200,1865,2840,0.379166666666667,0.600536193029491,0.737676056338028
"50005","Caledonia County",234,NA,975,1545,2135,0.76,0.848543689320388,0.8903981264637
"50007","Chittenden County",3759,NA,6555,10800,16550,0.426544622425629,0.651944444444444,0.772870090634441
"50009","Essex County",25,NA,85,235,330,0.705882352941176,0.893617021276596,0.924242424242424
"50011","Franklin County",757,NA,1515,2390,3425,0.5003300330033,0.68326359832636,0.778978102189781
"50013","Grand Isle County",56,NA,125,160,210,0.552,0.65,0.733333333333333
"50015","Lamoille County",123,NA,425,895,1860,0.710588235294118,0.862569832402235,0.933870967741935
"50017","Orange County",140,NA,385,940,1485,0.636363636363636,0.851063829787234,0.905723905723906
"50019","Orleans County",102,NA,640,1055,1625,0.840625,0.903317535545024,0.937230769230769
"50021","Rutland County",822,NA,2030,3355,5110,0.595073891625616,0.754992548435171,0.839138943248532
"50023","Washington County",630,NA,1720,2960,4500,0.633720930232558,0.787162162162162,0.86
"50025","Windham County",968,NA,1495,2430,3710,0.352508361204013,0.601646090534979,0.739083557951483
"50027","Windsor County",641,NA,1305,2465,3535,0.508812260536398,0.739959432048682,0.818670438472419
"50XXX","Missing, Vermont",53,NA,NA,NA,NA,NA,NA,NA
"51001","Accomack County",373,NA,810,1395,2855,0.539506172839506,0.732616487455197,0.869352014010508
"51003","Albemarle County",781,NA,2560,4565,7715,0.694921875,0.828915662650602,0.898768632534025
"51005","Alleghany County",29,NA,320,525,745,0.909375,0.944761904761905,0.961073825503356
"51007","Amelia County",2,NA,115,405,555,0.982608695652174,0.995061728395062,0.996396396396396
"51009","Amherst County",78,NA,780,1495,1945,0.9,0.947826086956522,0.959897172236504
"51011","Appomattox County",78,NA,330,530,880,0.763636363636364,0.852830188679245,0.911363636363636
"51013","Arlington County",1799,NA,9480,15460,20325,0.810232067510549,0.883635187580854,0.911488314883149
"51015","Augusta County",174,NA,1180,2310,3655,0.852542372881356,0.924675324675325,0.952393980848153
"51019","Bedford County",53,NA,1065,2120,3345,0.950234741784038,0.975,0.984155455904335
"51023","Botetourt County",7,NA,190,480,825,0.963157894736842,0.985416666666667,0.991515151515151
"51025","Brunswick County",1,NA,410,830,1080,0.997560975609756,0.998795180722892,0.999074074074074
"51027","Buchanan County",113,NA,605,975,1085,0.813223140495868,0.884102564102564,0.895852534562212
"51029","Buckingham County",103,NA,395,600,845,0.739240506329114,0.828333333333333,0.87810650887574
"51031","Campbell County",155,NA,755,1685,3020,0.794701986754967,0.908011869436202,0.948675496688742
"51033","Caroline County",8,NA,375,855,1380,0.978666666666667,0.990643274853801,0.994202898550725
"51035","Carroll County",133,NA,675,1145,1630,0.802962962962963,0.883842794759825,0.91840490797546
"51041","Chesterfield County",1112,NA,5535,10545,17420,0.799096657633243,0.894547178757705,0.936165327210103
"51043","Clarke County",26,NA,340,805,965,0.923529411764706,0.967701863354037,0.973056994818653
"51045","Craig County",19,NA,80,100,175,0.7625,0.81,0.891428571428571
"51047","Culpeper County",201,NA,830,1765,2895,0.757831325301205,0.886118980169972,0.930569948186528
"51049","Cumberland County",11,NA,140,250,560,0.921428571428571,0.956,0.980357142857143
"51051","Dickenson County",233,NA,530,780,970,0.560377358490566,0.701282051282051,0.75979381443299
"51053","Dinwiddie County",85,NA,715,1080,1525,0.881118881118881,0.921296296296296,0.944262295081967
"51057","Essex County",57,NA,370,725,925,0.845945945945946,0.921379310344828,0.938378378378378
"51059","Fairfax County",5131,NA,23955,41345,52965,0.785806720935087,0.875897932035313,0.903124704993864
"51061","Fauquier County",154,NA,1265,2270,3170,0.878260869565217,0.93215859030837,0.951419558359621
"51063","Floyd County",21,NA,130,365,600,0.838461538461538,0.942465753424658,0.965
"51065","Fluvanna County",51,NA,215,365,725,0.762790697674419,0.86027397260274,0.929655172413793
"51067","Franklin County",81,NA,1105,1655,2355,0.926696832579186,0.951057401812689,0.965605095541401
"51069","Frederick County",74,NA,1180,2095,3780,0.93728813559322,0.964677804295943,0.98042328042328
"51071","Giles County",100,NA,275,475,735,0.636363636363636,0.789473684210526,0.863945578231292
"51073","Gloucester County",122,NA,530,915,1870,0.769811320754717,0.866666666666667,0.93475935828877
"51075","Goochland County",19,NA,270,580,775,0.92962962962963,0.967241379310345,0.975483870967742
"51077","Grayson County",70,NA,330,675,835,0.787878787878788,0.896296296296296,0.916167664670659
"51079","Greene County",114,NA,260,490,960,0.561538461538462,0.76734693877551,0.88125
"51081","Greensville County",29,NA,170,305,605,0.829411764705882,0.904918032786885,0.952066115702479
"51083","Halifax County",18,NA,875,1745,2475,0.979428571428571,0.989684813753582,0.992727272727273
"51085","Hanover County",293,NA,1715,2750,4065,0.829154518950437,0.893454545454546,0.927921279212792
"51087","Henrico County",1868,NA,8600,17205,29055,0.782790697674419,0.89142691078175,0.935708139734985
"51089","Henry County",161,NA,1435,2440,3695,0.88780487804878,0.934016393442623,0.956427604871448
"51093","Isle of Wight County",159,NA,855,1310,2050,0.814035087719298,0.878625954198473,0.922439024390244
"51095","James City County",183,NA,1290,2180,3535,0.858139534883721,0.91605504587156,0.948231966053748
"51097","King and Queen County",9,NA,150,265,350,0.94,0.966037735849057,0.974285714285714
"51099","King George County",20,NA,410,905,1590,0.951219512195122,0.977900552486188,0.987421383647799
"51101","King William County",12,NA,270,435,725,0.955555555555556,0.972413793103448,0.983448275862069
"51103","Lancaster County",61,NA,220,435,640,0.722727272727273,0.859770114942529,0.9046875
"51105","Lee County",537,NA,930,1565,1970,0.42258064516129,0.656869009584665,0.72741116751269
"51107","Loudoun County",783,NA,5115,9640,12470,0.84692082111437,0.918775933609958,0.937209302325581
"51109","Louisa County",65,NA,800,1205,1955,0.91875,0.946058091286307,0.966751918158568
"51111","Lunenburg County",1,NA,360,620,795,0.997222222222222,0.998387096774194,0.99874213836478
"51113","Madison County",29,NA,135,415,635,0.785185185185185,0.930120481927711,0.954330708661417
"51115","Mathews County",4,NA,150,210,400,0.973333333333333,0.980952380952381,0.99
"51117","Mecklenburg County",9,NA,1150,1870,2685,0.992173913043478,0.995187165775401,0.996648044692737
"51119","Middlesex County",7,NA,120,205,315,0.941666666666667,0.965853658536585,0.977777777777778
"51121","Montgomery County",400,NA,5900,8465,10890,0.932203389830508,0.952746603662138,0.963269054178145
"51125","Nelson County",54,NA,330,640,1005,0.836363636363636,0.915625,0.946268656716418
"51127","New Kent County",3,NA,70,225,340,0.957142857142857,0.986666666666667,0.991176470588235
"51131","Northampton County",143,NA,500,835,1075,0.714,0.82874251497006,0.866976744186047
"51133","Northumberland County",29,NA,65,185,265,0.553846153846154,0.843243243243243,0.890566037735849
"51137","Orange County",111,NA,820,1455,1930,0.864634146341463,0.923711340206186,0.942487046632124
"51139","Page County",32,NA,425,880,1570,0.924705882352941,0.963636363636364,0.979617834394904
"51141","Patrick County",46,NA,475,735,1040,0.903157894736842,0.937414965986395,0.955769230769231
"51143","Pittsylvania County",172,NA,1325,2565,3585,0.870188679245283,0.932943469785575,0.952022315202232
"51145","Powhatan County",8,NA,145,385,640,0.944827586206897,0.979220779220779,0.9875
"51147","Prince Edward County",39,NA,670,1120,1955,0.941791044776119,0.965178571428571,0.980051150895141
"51149","Prince George County",177,NA,510,1125,2380,0.652941176470588,0.842666666666667,0.92563025210084
"51153","Prince William County",2116,NA,8395,15725,20765,0.747945205479452,0.86543720190779,0.898097760654948
"51155","Pulaski County",259,NA,1145,1765,2440,0.773799126637555,0.853257790368272,0.893852459016393
"51157","Rappahannock County",3,NA,85,245,410,0.964705882352941,0.987755102040816,0.992682926829268
"51159","Richmond County",7,NA,105,185,390,0.933333333333333,0.962162162162162,0.982051282051282
"51161","Roanoke County",274,NA,1385,3225,4970,0.802166064981949,0.915038759689923,0.94486921529175
"51163","Rockbridge County",76,NA,265,505,1055,0.713207547169811,0.849504950495049,0.927962085308057
"51165","Rockingham County",240,NA,970,1870,3900,0.752577319587629,0.871657754010695,0.938461538461538
"51167","Russell County",101,NA,655,1345,2075,0.845801526717557,0.924907063197026,0.951325301204819
"51169","Scott County",211,NA,580,915,1315,0.636206896551724,0.769398907103825,0.839543726235741
"51171","Shenandoah County",129,NA,740,1455,2840,0.825675675675676,0.911340206185567,0.954577464788732
"51173","Smyth County",249,NA,1135,1990,3020,0.780616740088106,0.874874371859297,0.917549668874172
"51175","Southampton County",38,NA,275,600,1030,0.861818181818182,0.936666666666667,0.963106796116505
"51177","Spotsylvania County",862,NA,3360,5260,6315,0.743452380952381,0.836121673003802,0.863499604117181
"51179","Stafford County",476,NA,2285,4345,5590,0.791684901531729,0.890448791714614,0.91484794275492
"51181","Surry County",13,NA,185,310,380,0.92972972972973,0.958064516129032,0.965789473684211
"51183","Sussex County",111,NA,335,595,850,0.66865671641791,0.813445378151261,0.869411764705882
"51185","Tazewell County",276,NA,1190,1775,2885,0.768067226890756,0.844507042253521,0.904332755632582
"51187","Warren County",125,NA,775,1435,2460,0.838709677419355,0.912891986062718,0.949186991869919
"51191","Washington County",280,NA,810,1530,2820,0.654320987654321,0.816993464052288,0.900709219858156
"51193","Westmoreland County",34,NA,695,1040,1270,0.951079136690647,0.967307692307692,0.973228346456693
"51195","Wise County",901,NA,1230,2070,2780,0.267479674796748,0.564734299516908,0.675899280575539
"51197","Wythe County",160,NA,1020,1515,2205,0.843137254901961,0.894389438943894,0.927437641723356
"51199","York County",262,NA,765,1310,3225,0.657516339869281,0.8,0.918759689922481
"51510","Alexandria city",2025,NA,7985,13500,16775,0.746399499060739,0.85,0.879284649776453
"51520","Bristol city",337,NA,740,1345,1620,0.544594594594595,0.749442379182156,0.791975308641975
"51530","Buena Vista city",47,NA,130,430,570,0.638461538461538,0.890697674418605,0.917543859649123
"51540","Charlottesville city",715,NA,3930,5725,7570,0.818066157760814,0.875109170305677,0.90554821664465
"51550","Chesapeake city",1842,NA,4250,8655,14310,0.566588235294118,0.787175043327556,0.871278825995807
"51570","Colonial Heights city",190,NA,725,1260,1795,0.737931034482759,0.849206349206349,0.894150417827298
"51580","Covington city",32,NA,85,150,360,0.623529411764706,0.786666666666667,0.911111111111111
"51590","Danville city",1265,NA,2515,4140,5920,0.497017892644135,0.694444444444444,0.786317567567568
"51595","Emporia city",33,NA,235,490,860,0.859574468085106,0.93265306122449,0.961627906976744
"51600","Fairfax city",62,NA,890,1335,1510,0.930337078651685,0.953558052434457,0.958940397350993
"51610","Falls Church city",101,NA,250,595,775,0.596,0.830252100840336,0.869677419354839
"51620","Franklin city",283,NA,400,635,1105,0.2925,0.554330708661417,0.743891402714932
"51630","Fredericksburg city",358,NA,2080,3245,4005,0.827884615384615,0.889676425269646,0.910611735330837
"51640","Galax city",102,NA,260,405,485,0.607692307692308,0.748148148148148,0.789690721649485
"51650","Hampton city",3218,NA,6370,10595,16105,0.494819466248038,0.696271826333176,0.800186277553555
"51660","Harrisonburg city",704,NA,2940,4610,6450,0.760544217687075,0.847288503253796,0.890852713178295
"51670","Hopewell city",609,NA,1520,2600,3565,0.599342105263158,0.765769230769231,0.829172510518934
"51678","Lexington city",15,NA,285,380,505,0.947368421052632,0.960526315789474,0.97029702970297
"51680","Lynchburg city",1098,NA,3105,5500,8950,0.646376811594203,0.800363636363636,0.87731843575419
"51683","Manassas city",248,NA,875,1560,2055,0.716571428571429,0.841025641025641,0.879318734793187
"51685","Manassas Park city",104,NA,355,835,1165,0.707042253521127,0.875449101796407,0.910729613733906
"51690","Martinsville city",242,NA,805,1095,1855,0.699378881987578,0.778995433789954,0.869541778975741
"51700","Newport News city",3028,NA,8685,15450,25100,0.651352907311457,0.804012944983819,0.879362549800797
"51710","Norfolk city",5199,NA,13175,23135,34440,0.6053889943074,0.775275556516101,0.84904181184669
"51720","Norton city",105,NA,370,520,635,0.716216216216216,0.798076923076923,0.834645669291339
"51730","Petersburg city",816,NA,3130,4405,6860,0.739297124600639,0.814755959137344,0.881049562682216
"51735","Poquoson city",10,NA,55,120,245,0.818181818181818,0.916666666666667,0.959183673469388
"51740","Portsmouth city",2693,NA,5125,8445,12070,0.474536585365854,0.681113084665482,0.776884838442419
"51750","Radford city",117,NA,1440,1795,2270,0.91875,0.934818941504178,0.948458149779736
"51760","Richmond city",3025,NA,17275,26945,40090,0.824891461649783,0.887734273520134,0.92454477425792
"51770","Roanoke city",1837,NA,6025,9700,13815,0.695103734439834,0.810618556701031,0.867028592110025
"51775","Salem city",167,NA,505,1280,1970,0.669306930693069,0.86953125,0.915228426395939
"51790","Staunton city",158,NA,940,1800,2845,0.831914893617021,0.912222222222222,0.944463971880492
"51800","Suffolk city",1118,NA,2560,4365,6560,0.56328125,0.743871706758305,0.829573170731707
"51810","Virginia Beach city",2157,NA,9010,16785,31225,0.760599334073252,0.871492403932082,0.930920736589271
"51820","Waynesboro city",390,NA,1160,2185,3030,0.663793103448276,0.821510297482838,0.871287128712871
"51830","Williamsburg city",64,NA,485,1020,1530,0.868041237113402,0.937254901960784,0.958169934640523
"51840","Winchester city",215,NA,1280,2415,3830,0.83203125,0.910973084886128,0.943864229765013
"51XXX","Missing, Virginia",364,NA,NA,NA,NA,NA,NA,NA
"53003","Asotin County",220,NA,445,1080,1705,0.50561797752809,0.796296296296296,0.870967741935484
"53005","Benton County",1275,NA,4985,8995,14055,0.744232698094283,0.858254585881045,0.909284951974386
"53007","Chelan County",514,NA,1350,3620,6345,0.619259259259259,0.858011049723757,0.918991331757289
"53009","Clallam County",775,NA,2080,3750,5560,0.627403846153846,0.793333333333333,0.860611510791367
"53011","Clark County",3323,NA,11820,22305,38215,0.718866328257191,0.851019950683703,0.913044615988486
"53013","Columbia County",42,NA,125,185,240,0.664,0.772972972972973,0.825
"53015","Cowlitz County",1381,NA,3095,5695,8765,0.553796445880452,0.757506584723442,0.842441528807758
"53017","Douglas County",177,NA,605,1215,2190,0.707438016528926,0.854320987654321,0.919178082191781
"53019","Ferry County",37,NA,265,450,535,0.860377358490566,0.917777777777778,0.930841121495327
"53021","Franklin County",182,NA,1825,3670,5755,0.90027397260274,0.950408719346049,0.968375325803649
"53023","Garfield County",3,NA,60,64,149,0.95,0.953125,0.979865771812081
"53025","Grant County",236,NA,2155,4685,7165,0.890487238979118,0.949626467449306,0.967062107466853
"53027","Grays Harbor County",642,NA,2115,4005,5830,0.69645390070922,0.839700374531835,0.889879931389365
"53029","Island County",324,NA,1525,2805,4850,0.787540983606557,0.884491978609626,0.93319587628866
"53031","Jefferson County",128,NA,810,1250,1775,0.841975308641975,0.8976,0.927887323943662
"53033","King County",23924,NA,80665,136645,200195,0.703415359821484,0.824918584653665,0.880496515897
"53035","Kitsap County",2221,NA,6305,10720,18070,0.647739888977002,0.792817164179104,0.877089097952407
"53037","Kittitas County",234,NA,1940,3230,4805,0.879381443298969,0.927554179566563,0.951300728407908
"53039","Klickitat County",208,NA,660,1030,1520,0.684848484848485,0.798058252427184,0.863157894736842
"53041","Lewis County",279,NA,1800,3950,5765,0.845,0.929367088607595,0.951604509973981
"53043","Lincoln County",14,NA,150,270,595,0.906666666666667,0.948148148148148,0.976470588235294
"53045","Mason County",118,NA,1355,2120,3175,0.912915129151291,0.944339622641509,0.962834645669291
"53047","Okanogan County",408,NA,960,2075,3250,0.575,0.803373493975904,0.874461538461538
"53049","Pacific County",128,NA,510,990,1180,0.749019607843137,0.870707070707071,0.891525423728814
"53051","Pend Oreille County",95,NA,255,695,935,0.627450980392157,0.863309352517986,0.898395721925134
"53053","Pierce County",8242,NA,20820,39390,69930,0.604130643611912,0.790759075907591,0.882139282139282
"53055","San Juan County",14,NA,475,755,1150,0.970526315789474,0.981456953642384,0.987826086956522
"53057","Skagit County",676,NA,3215,5370,8845,0.789735614307932,0.874115456238361,0.923572639909553
"53059","Skamania County",141,NA,300,485,635,0.53,0.709278350515464,0.777952755905512
"53061","Snohomish County",7473,NA,22010,39360,59075,0.660472512494321,0.810137195121951,0.87349978840457
"53063","Spokane County",5075,NA,17805,31050,47970,0.714967705700646,0.836553945249597,0.894204711277882
"53065","Stevens County",210,NA,745,1635,2555,0.718120805369127,0.871559633027523,0.917808219178082
"53067","Thurston County",2251,NA,7350,13320,22055,0.693741496598639,0.831006006006006,0.897936975742462
"53069","Wahkiakum County",43,NA,45,145,260,0.0444444444444444,0.703448275862069,0.834615384615385
"53071","Walla Walla County",1039,NA,2030,3395,5035,0.488177339901478,0.693961708394698,0.79364448857994
"53073","Whatcom County",1915,NA,7600,13350,20570,0.748026315789474,0.856554307116105,0.906903257170637
"53075","Whitman County",280,NA,3710,5830,7330,0.924528301886792,0.951972555746141,0.961800818553888
"53077","Yakima County",1063,NA,6230,12935,20855,0.829373996789727,0.917819868573637,0.949029009829777
"53XXX","Missing, Washington",319,NA,NA,NA,NA,NA,NA,NA
"54001","Barbour County",134,NA,295,535,755,0.545762711864407,0.749532710280374,0.822516556291391
"54003","Berkeley County",256,NA,2150,3760,6075,0.88093023255814,0.931914893617021,0.957860082304527
"54005","Boone County",272,NA,490,800,1025,0.444897959183673,0.66,0.734634146341463
"54007","Braxton County",73,NA,200,350,465,0.635,0.791428571428571,0.843010752688172
"54009","Brooke County",208,NA,445,1000,1660,0.532584269662921,0.792,0.874698795180723
"54011","Cabell County",1393,NA,4965,7230,9530,0.719436052366566,0.807330567081604,0.853830010493179
"54013","Calhoun County",21,NA,250,355,395,0.916,0.940845070422535,0.946835443037975
"54015","Clay County",17,NA,225,350,425,0.924444444444444,0.951428571428571,0.96
"54017","Doddridge County",10,NA,45,90,155,0.777777777777778,0.888888888888889,0.935483870967742
"54019","Fayette County",308,NA,1255,1905,2610,0.754581673306773,0.838320209973753,0.881992337164751
"54021","Gilmer County",79,NA,100,235,325,0.21,0.663829787234043,0.756923076923077
"54023","Grant County",64,NA,160,355,555,0.6,0.819718309859155,0.884684684684685
"54025","Greenbrier County",215,NA,1090,1800,2595,0.802752293577982,0.880555555555556,0.917148362235067
"54027","Hampshire County",53,NA,555,825,1050,0.904504504504504,0.935757575757576,0.94952380952381
"54029","Hancock County",332,NA,965,1650,2130,0.655958549222798,0.798787878787879,0.844131455399061
"54031","Hardy County",27,NA,215,505,725,0.874418604651163,0.946534653465346,0.962758620689655
"54033","Harrison County",631,NA,1880,3135,4590,0.66436170212766,0.798724082934609,0.862527233115468
"54035","Jackson County",654,NA,730,1240,1780,0.104109589041096,0.47258064516129,0.632584269662921
"54037","Jefferson County",77,NA,1645,2425,3310,0.953191489361702,0.968247422680412,0.976737160120846
"54039","Kanawha County",2655,NA,6260,10915,14905,0.575878594249201,0.756756756756757,0.821871855082187
"54041","Lewis County",43,NA,600,890,1230,0.928333333333333,0.951685393258427,0.965040650406504
"54043","Lincoln County",226,NA,375,795,1045,0.397333333333333,0.715723270440252,0.783732057416268
"54045","Logan County",324,NA,865,1545,2030,0.625433526011561,0.790291262135922,0.840394088669951
"54047","McDowell County",147,NA,750,870,1250,0.804,0.831034482758621,0.8824
"54049","Marion County",345,NA,1335,2460,3600,0.741573033707865,0.859756097560976,0.904166666666667
"54051","Marshall County",107,NA,680,1355,1710,0.842647058823529,0.921033210332103,0.937426900584795
"54053","Mason County",130,NA,330,660,800,0.606060606060606,0.803030303030303,0.8375
"54055","Mercer County",416,NA,1585,2925,4910,0.737539432176656,0.857777777777778,0.915274949083503
"54057","Mineral County",141,NA,705,1025,1555,0.8,0.862439024390244,0.909324758842444
"54059","Mingo County",275,NA,945,1320,1760,0.708994708994709,0.791666666666667,0.84375
"54061","Monongalia County",659,NA,6400,9945,13580,0.89703125,0.933735545500251,0.951472754050074
"54063","Monroe County",41,NA,150,280,485,0.726666666666667,0.853571428571429,0.915463917525773
"54065","Morgan County",15,NA,220,500,770,0.931818181818182,0.97,0.980519480519481
"54067","Nicholas County",145,NA,430,825,1300,0.662790697674419,0.824242424242424,0.888461538461538
"54069","Ohio County",571,NA,1990,3105,4140,0.713065326633166,0.81610305958132,0.86207729468599
"54071","Pendleton County",2,NA,35,165,225,0.942857142857143,0.987878787878788,0.991111111111111
"54073","Pleasants County",11,NA,120,260,335,0.908333333333333,0.957692307692308,0.967164179104478
"54075","Pocahontas County",8,NA,50,205,300,0.84,0.960975609756098,0.973333333333333
"54077","Preston County",147,NA,855,1175,1765,0.828070175438597,0.874893617021277,0.91671388101983
"54079","Putnam County",484,NA,1135,1750,2600,0.573568281938326,0.723428571428571,0.813846153846154
"54081","Raleigh County",1225,NA,2355,3520,4770,0.479830148619958,0.651988636363636,0.743186582809224
"54083","Randolph County",387,NA,765,1360,1730,0.494117647058824,0.715441176470588,0.776300578034682
"54085","Ritchie County",21,NA,160,235,330,0.86875,0.91063829787234,0.936363636363636
"54087","Roane County",152,NA,350,670,1045,0.565714285714286,0.773134328358209,0.854545454545454
"54089","Summers County",163,NA,265,525,600,0.384905660377359,0.68952380952381,0.728333333333333
"54091","Taylor County",48,NA,315,565,820,0.847619047619048,0.915044247787611,0.941463414634146
"54093","Tucker County",28,NA,120,240,370,0.766666666666667,0.883333333333333,0.924324324324324
"54095","Tyler County",17,NA,120,160,230,0.858333333333333,0.89375,0.926086956521739
"54097","Upshur County",108,NA,590,855,1535,0.816949152542373,0.873684210526316,0.929641693811075
"54099","Wayne County",655,NA,1090,1585,2110,0.399082568807339,0.586750788643533,0.68957345971564
"54101","Webster County",130,NA,310,365,480,0.580645161290323,0.643835616438356,0.729166666666667
"54103","Wetzel County",84,NA,330,495,740,0.745454545454545,0.83030303030303,0.886486486486487
"54105","Wirt County",32,NA,150,215,245,0.786666666666667,0.851162790697674,0.869387755102041
"54107","Wood County",1195,NA,2255,4355,6140,0.470066518847007,0.725602755453502,0.805374592833876
"54109","Wyoming County",104,NA,535,745,1095,0.805607476635514,0.860402684563758,0.905022831050228
"54XXX","Missing, West Virginia",63,NA,NA,NA,NA,NA,NA,NA
"55001","Adams County",43,NA,330,660,955,0.86969696969697,0.934848484848485,0.954973821989529
"55003","Ashland County",136,NA,715,1085,1380,0.80979020979021,0.874654377880184,0.901449275362319
"55005","Barron County",235,NA,1085,2310,3315,0.783410138248848,0.898268398268398,0.929110105580694
"55007","Bayfield County",77,NA,375,580,765,0.794666666666667,0.867241379310345,0.899346405228758
"55009","Brown County",3572,NA,7840,15145,24215,0.544387755102041,0.764146583030703,0.852488127193888
"55011","Buffalo County",2,NA,325,510,820,0.993846153846154,0.996078431372549,0.997560975609756
"55013","Burnett County",8,NA,245,440,665,0.96734693877551,0.981818181818182,0.98796992481203
"55015","Calumet County",59,NA,805,1580,2595,0.926708074534161,0.962658227848101,0.977263969171484
"55017","Chippewa County",446,NA,1385,3080,4340,0.67797833935018,0.855194805194805,0.897235023041475
"55019","Clark County",4,NA,540,1120,1760,0.992592592592593,0.996428571428571,0.997727272727273
"55021","Columbia County",107,NA,1035,2100,3550,0.896618357487923,0.949047619047619,0.969859154929577
"55023","Crawford County",39,NA,275,615,1010,0.858181818181818,0.936585365853658,0.961386138613861
"55025","Dane County",3456,NA,24605,43945,67940,0.85954074375127,0.92135624075549,0.949131586694142
"55027","Dodge County",162,NA,1785,3415,6135,0.909243697478992,0.952562225475842,0.97359413202934
"55029","Door County",258,NA,555,905,1540,0.535135135135135,0.714917127071823,0.832467532467532
"55031","Douglas County",178,NA,1475,2750,4080,0.879322033898305,0.935272727272727,0.956372549019608
"55033","Dunn County",98,NA,1465,2360,3625,0.933105802047782,0.958474576271186,0.972965517241379
"55035","Eau Claire County",732,NA,3275,5540,9360,0.776488549618321,0.867870036101083,0.921794871794872
"55037","Florence County",7,NA,55,110,140,0.872727272727273,0.936363636363636,0.95
"55039","Fond du Lac County",444,NA,2685,4965,7840,0.83463687150838,0.910574018126888,0.943367346938776
"55041","Forest County",5,NA,210,315,465,0.976190476190476,0.984126984126984,0.989247311827957
"55043","Grant County",140,NA,1365,2645,4160,0.897435897435897,0.947069943289225,0.966346153846154
"55045","Green County",30,NA,865,1695,2450,0.965317919075145,0.982300884955752,0.987755102040816
"55047","Green Lake County",23,NA,365,760,1075,0.936986301369863,0.969736842105263,0.978604651162791
"55049","Iowa County",100,NA,575,885,1420,0.826086956521739,0.887005649717514,0.929577464788732
"55051","Iron County",10,NA,125,265,355,0.92,0.962264150943396,0.971830985915493
"55053","Jackson County",17,NA,575,930,1275,0.970434782608696,0.981720430107527,0.986666666666667
"55055","Jefferson County",45,NA,1740,3335,5250,0.974137931034483,0.986506746626687,0.991428571428571
"55057","Juneau County",115,NA,560,865,1325,0.794642857142857,0.867052023121387,0.913207547169811
"55059","Kenosha County",1370,NA,4765,8445,13510,0.712486883525708,0.837773830669035,0.89859363434493
"55061","Kewaunee County",28,NA,245,535,775,0.885714285714286,0.947663551401869,0.963870967741935
"55063","La Crosse County",207,NA,4330,8015,12340,0.952193995381062,0.974173424828447,0.98322528363047
"55065","Lafayette County",55,NA,265,540,875,0.792452830188679,0.898148148148148,0.937142857142857
"55067","Langlade County",170,NA,570,960,1545,0.701754385964912,0.822916666666667,0.889967637540453
"55069","Lincoln County",43,NA,805,1530,1965,0.946583850931677,0.971895424836601,0.978117048346056
"55071","Manitowoc County",179,NA,1925,3355,5320,0.907012987012987,0.946646795827124,0.966353383458647
"55073","Marathon County",654,NA,2940,6180,9615,0.777551020408163,0.894174757281553,0.93198127925117
"55075","Marinette County",235,NA,885,1635,2385,0.734463276836158,0.856269113149847,0.90146750524109
"55077","Marquette County",7,NA,210,595,935,0.966666666666667,0.988235294117647,0.992513368983957
"55079","Milwaukee County",9987,NA,56855,94675,135955,0.824342625978366,0.894512806971217,0.926541870471847
"55081","Monroe County",253,NA,820,1730,2925,0.691463414634146,0.853757225433526,0.913504273504274
"55083","Oconto County",57,NA,550,1045,1535,0.896363636363636,0.945454545454545,0.962866449511401
"55085","Oneida County",186,NA,570,1390,1945,0.673684210526316,0.866187050359712,0.904370179948586
"55087","Outagamie County",720,NA,3840,7790,13155,0.8125,0.907573812580231,0.945267958950969
"55089","Ozaukee County",137,NA,1485,3215,5370,0.907744107744108,0.957387247278383,0.974487895716946
"55091","Pepin County",2,NA,125,210,380,0.984,0.990476190476191,0.994736842105263
"55093","Pierce County",83,NA,1150,2060,3140,0.927826086956522,0.959708737864078,0.973566878980892
"55095","Polk County",55,NA,870,1435,2205,0.936781609195402,0.961672473867596,0.975056689342404
"55097","Portage County",262,NA,1815,3935,6045,0.85564738292011,0.933418043202033,0.956658395368073
"55099","Price County",12,NA,315,660,990,0.961904761904762,0.981818181818182,0.987878787878788
"55101","Racine County",1756,NA,5770,10195,15945,0.695667244367418,0.82775870524767,0.889871433051113
"55103","Richland County",217,NA,380,635,1010,0.428947368421053,0.658267716535433,0.785148514851485
"55105","Rock County",1441,NA,3280,6815,11545,0.560670731707317,0.788554658840792,0.87518406236466
"55107","Rusk County",10,NA,315,605,845,0.968253968253968,0.983471074380165,0.988165680473373
"55109","St. Croix County",269,NA,1685,3275,5265,0.840356083086053,0.917862595419847,0.948907882241216
"55111","Sauk County",360,NA,1410,2790,4570,0.74468085106383,0.870967741935484,0.921225382932166
"55113","Sawyer County",205,NA,585,940,1275,0.64957264957265,0.781914893617021,0.83921568627451
"55115","Shawano County",62,NA,830,1475,2180,0.925301204819277,0.957966101694915,0.971559633027523
"55117","Sheboygan County",371,NA,2305,4520,7620,0.839045553145336,0.917920353982301,0.951312335958005
"55119","Taylor County",16,NA,405,645,1045,0.960493827160494,0.975193798449612,0.984688995215311
"55121","Trempealeau County",226,NA,570,1140,1990,0.603508771929825,0.801754385964912,0.88643216080402
"55123","Vernon County",12,NA,610,1090,1635,0.980327868852459,0.988990825688073,0.992660550458716
"55125","Vilas County",14,NA,285,720,1005,0.950877192982456,0.980555555555556,0.986069651741294
"55127","Walworth County",482,NA,2830,5235,8000,0.829681978798587,0.90792741165234,0.93975
"55129","Washburn County",23,NA,330,610,970,0.93030303030303,0.962295081967213,0.976288659793814
"55131","Washington County",486,NA,1875,4275,7290,0.7408,0.886315789473684,0.933333333333333
"55133","Waukesha County",1351,NA,5745,12610,21610,0.764838990426458,0.892862807295797,0.937482646922721
"55135","Waupaca County",84,NA,1010,2065,3515,0.916831683168317,0.959322033898305,0.976102418207681
"55137","Waushara County",11,NA,465,790,1260,0.976344086021505,0.986075949367089,0.991269841269841
"55139","Winnebago County",567,NA,4625,9620,15325,0.877405405405405,0.941060291060291,0.96300163132137
"55141","Wood County",413,NA,1600,3485,5400,0.741875,0.881492109038737,0.923518518518519
"55XXX","Missing, Wisconsin",591,NA,NA,NA,NA,NA,NA,NA
"56001","Albany County",188,NA,2650,4210,6230,0.929056603773585,0.955344418052257,0.969823434991974
"56005","Campbell County",248,NA,1115,2030,2595,0.777578475336323,0.877832512315271,0.904431599229287
"56007","Carbon County",11,NA,365,655,1085,0.96986301369863,0.983206106870229,0.989861751152074
"56013","Fremont County",102,NA,990,1770,3015,0.896969696969697,0.942372881355932,0.966169154228856
"56019","Johnson County",19,NA,475,675,890,0.96,0.971851851851852,0.978651685393258
"56021","Laramie County",1028,NA,2495,4760,7115,0.587975951903808,0.784033613445378,0.855516514406184
"56025","Natrona County",600,NA,1860,3930,5780,0.67741935483871,0.847328244274809,0.896193771626298
"56029","Park County",87,NA,815,1435,2075,0.893251533742331,0.939372822299652,0.958072289156626
"56033","Sheridan County",246,NA,1220,1700,2630,0.798360655737705,0.855294117647059,0.906463878326996
"56037","Sweetwater County",71,NA,1020,1710,2605,0.930392156862745,0.958479532163743,0.972744721689059
"56041","Uinta County",89,NA,220,715,1210,0.595454545454545,0.875524475524476,0.926446280991736
"56XXX","Missing, Wyoming",15,NA,NA,NA,NA,NA,NA,NA
"66010","Guam County, Guam",2552,NA,NA,NA,NA,NA,NA,NA
"66XXX","Missing, Guam",69,NA,NA,NA,NA,NA,NA,NA
"69100","",11,NA,NA,NA,NA,NA,NA,NA
"69110","",350,NA,NA,NA,NA,NA,NA,NA
"69120","",7,NA,NA,NA,NA,NA,NA,NA
"72001","Adjuntas Municipio",115,NA,450,700,1185,0.744444444444444,0.835714285714286,0.90295358649789
"72003","Aguada Municipio",190,NA,985,1460,2030,0.807106598984772,0.86986301369863,0.9064039408867
"72005","Aguadilla Municipio",467,NA,3305,4495,6090,0.858698940998487,0.896106785317019,0.923316912972085
"72007","Aguas Buenas Municipio",240,NA,1025,1355,1920,0.765853658536585,0.822878228782288,0.875
"72009","Aibonito Municipio",60,NA,630,810,1130,0.904761904761905,0.925925925925926,0.946902654867257
"72011","A±asco Municipio",128,NA,440,965,1400,0.709090909090909,0.867357512953368,0.908571428571429
"72013","Arecibo Municipio",995,NA,4020,5235,7290,0.752487562189055,0.809933142311366,0.863511659807956
"72015","Arroyo Municipio",118,NA,565,710,930,0.791150442477876,0.833802816901408,0.873118279569892
"72017","Barceloneta Municipio",365,NA,685,1065,1625,0.467153284671533,0.657276995305164,0.775384615384615
"72019","Barranquitas Municipio",212,NA,1010,1170,1580,0.79009900990099,0.818803418803419,0.865822784810127
"72021","Bayam=n Municipio",3910,NA,6590,9240,12875,0.406676783004552,0.576839826839827,0.69631067961165
"72023","Cabo Rojo Municipio",232,NA,985,1580,2480,0.764467005076142,0.853164556962025,0.906451612903226
"72025","Caguas Municipio",2220,NA,4500,6830,9950,0.506666666666667,0.674963396778917,0.776884422110553
"72027","Camuy Municipio",201,NA,885,1200,1685,0.772881355932203,0.8325,0.880712166172107
"72029","Can=vanas Municipio",176,NA,970,1345,2400,0.818556701030928,0.869144981412639,0.926666666666667
"72031","Carolina Municipio",2217,NA,4520,6590,9340,0.509513274336283,0.663581183611533,0.762633832976445
"72033","Cata±o Municipio",77,NA,1430,1930,2315,0.946153846153846,0.960103626943005,0.966738660907127
"72035","Cayey Municipio",328,NA,1480,2425,3470,0.778378378378378,0.864742268041237,0.905475504322767
"72037","Ceiba Municipio",65,NA,280,350,575,0.767857142857143,0.814285714285714,0.88695652173913
"72039","Ciales Municipio",84,NA,395,685,965,0.787341772151899,0.877372262773723,0.912953367875648
"72041","Cidra Municipio",385,NA,1195,1860,2575,0.677824267782427,0.793010752688172,0.850485436893204
"72043","Coamo Municipio",120,NA,860,1205,1830,0.86046511627907,0.900414937759336,0.934426229508197
"72045","Comerfo Municipio",150,NA,815,1175,1745,0.815950920245399,0.872340425531915,0.91404011461318
"72047","Corozal Municipio",262,NA,825,1135,1490,0.682424242424242,0.769162995594714,0.824161073825503
"72051","Dorado Municipio",342,NA,755,960,1245,0.547019867549669,0.64375,0.725301204819277
"72053","Fajardo Municipio",160,NA,1200,1570,2625,0.866666666666667,0.898089171974522,0.939047619047619
"72054","Florida Municipio",193,NA,510,670,865,0.62156862745098,0.711940298507463,0.776878612716763
"72055","Gußnica Municipio",72,NA,470,770,1140,0.846808510638298,0.906493506493506,0.936842105263158
"72057","Guayama Municipio",262,NA,1325,1955,2540,0.802264150943396,0.865984654731458,0.896850393700787
"72059","Guayanilla Municipio",169,NA,355,595,935,0.523943661971831,0.715966386554622,0.819251336898396
"72061","Guaynabo Municipio",572,NA,2105,3090,4375,0.728266033254157,0.814886731391586,0.869257142857143
"72063","Gurabo Municipio",213,NA,890,1190,1625,0.760674157303371,0.821008403361345,0.868923076923077
"72065","Hatillo Municipio",183,NA,665,1295,1900,0.724812030075188,0.858687258687259,0.903684210526316
"72067","Hormigueros Municipio",164,NA,395,760,1110,0.584810126582278,0.784210526315789,0.852252252252252
"72069","Humacao Municipio",596,NA,1090,1735,2790,0.453211009174312,0.656484149855908,0.786379928315412
"72071","Isabela Municipio",158,NA,1895,2630,3680,0.916622691292876,0.939923954372624,0.957065217391304
"72073","Jayuya Municipio",19,NA,540,770,1135,0.964814814814815,0.975324675324675,0.983259911894273
"72075","Juana Dfaz Municipio",299,NA,1015,1520,2315,0.705418719211823,0.803289473684211,0.870842332613391
"72077","Juncos Municipio",245,NA,1255,1550,2135,0.804780876494024,0.841935483870968,0.885245901639344
"72079","Lajas Municipio",82,NA,905,1065,1635,0.90939226519337,0.923004694835681,0.949847094801223
"72081","Lares Municipio",195,NA,960,1325,1865,0.796875,0.852830188679245,0.89544235924933
"72083","Las Marfas Municipio",76,NA,310,415,555,0.754838709677419,0.816867469879518,0.863063063063063
"72085","Las Piedras Municipio",423,NA,1020,1365,1900,0.585294117647059,0.69010989010989,0.777368421052632
"72087","Lofza Municipio",174,NA,860,1195,1600,0.797674418604651,0.854393305439331,0.89125
"72089","Luquillo Municipio",114,NA,700,885,1390,0.837142857142857,0.871186440677966,0.917985611510791
"72091","Manatf Municipio",379,NA,1390,2005,2745,0.727338129496403,0.810972568578554,0.861930783242259
"72093","Maricao Municipio",39,NA,140,155,255,0.721428571428571,0.748387096774194,0.847058823529412
"72095","Maunabo Municipio",8,NA,285,380,655,0.971929824561404,0.978947368421053,0.987786259541985
"72097","Mayagnez Municipio",1206,NA,6210,7935,10085,0.805797101449275,0.848015122873346,0.880416460089241
"72099","Moca Municipio",211,NA,1180,1830,2770,0.821186440677966,0.884699453551913,0.923826714801444
"72101","Morovis Municipio",299,NA,1000,1310,1970,0.701,0.77175572519084,0.848223350253807
"72103","Naguabo Municipio",190,NA,620,990,1720,0.693548387096774,0.808080808080808,0.88953488372093
"72105","Naranjito Municipio",193,NA,980,1410,1950,0.803061224489796,0.863120567375886,0.901025641025641
"72107","Orocovis Municipio",59,NA,660,875,1225,0.910606060606061,0.932571428571429,0.951836734693878
"72109","Patillas Municipio",201,NA,595,935,1310,0.66218487394958,0.785026737967914,0.846564885496183
"72111","Pe±uelas Municipio",236,NA,455,715,1125,0.481318681318681,0.66993006993007,0.790222222222222
"72113","Ponce Municipio",1975,NA,6425,8805,11195,0.692607003891051,0.775695627484384,0.82358195623046
"72115","Quebradillas Municipio",164,NA,930,1305,1690,0.823655913978495,0.874329501915709,0.902958579881657
"72117","Rinc=n Municipio",47,NA,465,600,840,0.898924731182796,0.921666666666667,0.944047619047619
"72119","Rfo Grande Municipio",204,NA,1365,2175,2970,0.850549450549451,0.906206896551724,0.931313131313131
"72121","Sabana Grande Municipio",168,NA,330,615,825,0.490909090909091,0.726829268292683,0.796363636363636
"72123","Salinas Municipio",109,NA,565,800,1240,0.807079646017699,0.86375,0.912096774193548
"72125","San Germßn Municipio",174,NA,1495,1860,2540,0.883612040133779,0.906451612903226,0.931496062992126
"72127","San Juan Municipio",5696,NA,23745,32875,42710,0.760117919562013,0.826737642585551,0.866635448372746
"72129","San Lorenzo Municipio",199,NA,1125,1780,2540,0.823111111111111,0.888202247191011,0.921653543307087
"72131","San Sebastißn Municipio",220,NA,1290,1925,2575,0.829457364341085,0.885714285714286,0.914563106796117
"72133","Santa Isabel Municipio",177,NA,430,530,750,0.588372093023256,0.666037735849057,0.764
"72135","Toa Alta Municipio",489,NA,1150,1725,2685,0.574782608695652,0.716521739130435,0.817877094972067
"72137","Toa Baja Municipio",697,NA,1680,2545,4010,0.585119047619048,0.726129666011788,0.826184538653367
"72139","Trujillo Alto Municipio",817,NA,1545,2405,3515,0.471197411003236,0.66029106029106,0.767567567567567
"72141","Utuado Municipio",311,NA,1615,1980,2805,0.807430340557276,0.842929292929293,0.889126559714795
"72143","Vega Alta Municipio",255,NA,930,1470,2100,0.725806451612903,0.826530612244898,0.878571428571429
"72145","Vega Baja Municipio",452,NA,1465,2130,3045,0.691467576791809,0.787793427230047,0.851559934318555
"72147","Vieques Municipio",116,NA,155,275,355,0.251612903225806,0.578181818181818,0.673239436619718
"72149","Villalba Municipio",126,NA,635,835,1100,0.801574803149606,0.849101796407186,0.885454545454545
"72151","Yabucoa Municipio",211,NA,1185,1680,2290,0.821940928270042,0.874404761904762,0.907860262008734
"72153","Yauco Municipio",125,NA,660,1240,1815,0.810606060606061,0.899193548387097,0.931129476584022
"72XXX","Missing, Puerto Rico",126,NA,NA,NA,NA,NA,NA,NA
"78010","St. Croix County, U.S. Virgin Islands",962,NA,NA,NA,NA,NA,NA,NA
"78020","St. John County, U.S. Virgin Islands",20,NA,NA,NA,NA,NA,NA,NA
"78030","St. Thomas County, U.S. Virgin Islands",1146,NA,NA,NA,NA,NA,NA,NA
"78XXX","Missing, U.S. Virgin Islands",23,NA,NA,NA,NA,NA,NA,NA
